#{"t_start": 1685044271.1186907, "env_id": null}
r,l,t
59.61058,146,4.045678
-30.848831,103,7.04481
283.47452,250,7.104935
285.2921,250,7.104935
217.4898,250,7.104935
356.1229,250,7.104935
266.3888,250,7.104935
312.28867,250,7.104935
229.76149,250,7.104935
315.88556,250,7.104935
311.5886,250,7.104935
283.72913,250,7.104935
229.44836,250,7.105643
323.33356,250,7.105643
257.94446,250,7.105643
311.7134,250,7.105643
353.6509,250,7.105643
-47.07326,59,9.328805
132.47548,215,15.974771
166.62776,238,16.730392
282.40353,250,17.089284
295.49097,250,17.139292
353.0024,250,17.139292
314.85062,250,17.139292
313.27826,250,17.139292
278.59534,250,17.139292
289.76218,250,17.139292
313.94016,250,17.149807
275.63235,250,17.149807
327.7147,250,17.150804
293.0587,250,17.150804
346.22824,250,17.151396
313.35254,250,17.151396
331.5374,250,19.52817
102.916954,199,24.003088
384.77145,250,24.477682
349.32748,250,25.128193
381.86264,250,25.447788
332.87744,250,25.488017
425.5446,250,25.488017
372.6368,250,25.488017
361.38095,250,25.488017
395.35913,250,25.488017
338.2556,250,25.488017
308.1612,250,25.488017
333.99063,250,25.488017
333.31558,250,25.488017
310.72076,250,25.488017
341.94498,250,25.488017
410.16025,250,27.375003
122.175545,187,32.429545
134.49417,193,32.854342
338.03174,250,33.09253
187.1777,215,33.713832
311.05142,250,33.777917
196.66545,217,33.902644
314.90103,250,34.797282
332.25494,250,35.366252
264.86334,250,35.366252
335.78665,250,35.366252
281.46588,250,35.366252
299.86734,250,35.366252
334.33453,250,35.366252
372.1885,250,35.366252
291.46466,250,35.366252
0.056765094,84,36.498628
335.68808,250,37.8061
15.052637,105,39.433706
-38.243454,82,40.536182
59.812355,154,40.902695
-47.128788,57,41.120726
81.94947,188,41.569649
72.50123,182,41.750396
337.65952,250,41.899995
288.3496,250,42.242994
301.24326,250,42.678788
316.96646,250,42.708589
344.57184,250,42.779119
255.24905,250,43.759105
276.1259,250,43.759105
300.10916,250,43.759105
291.5616,250,43.759105
354.17908,250,43.759105
349.13763,250,44.545804
155.25711,219,47.985718
74.36764,125,48.069315
281.69147,250,48.577241
29.113201,144,48.679898
311.3448,250,49.237839
380.94873,250,49.704203
245.20302,250,49.957
286.84244,250,50.108708
86.75071,164,50.229678
392.27597,250,50.502794
373.34598,250,50.987281
300.37155,250,51.01651
309.7046,250,51.087169
-48.401215,52,51.430943
158.45131,229,51.4591
204.11519,230,51.497957
21.651217,110,51.589913
-53.37682,47,52.056346
316.3167,250,52.18122
51.127777,139,55.457701
332.74872,250,56.020258
159.25183,245,56.354103
311.707,250,56.572217
285.27875,250,57.169015
218.41931,250,57.892377
254.88432,250,58.175435
304.72168,250,58.35119
186.9943,250,59.34107
203.45006,250,59.380972
327.97885,250,59.811011
324.142,250,59.846389
265.73422,250,59.868605
232.07904,250,59.955356
117.96669,242,60.146796
266.3331,250,60.706214
-35.795193,47,61.835842
245.0172,250,64.532123
312.31927,250,65.244992
328.55765,250,65.611316
322.58035,250,65.849125
387.4248,250,66.41221
90.24887,140,66.562482
340.85104,250,67.01422
296.83203,250,67.146075
326.57455,250,67.267437
276.9594,250,68.063254
279.633,250,68.114875
365.0241,250,68.720935
291.3376,250,68.77016
336.85147,250,68.91832
249.16191,250,69.147937
355.94943,250,69.677492
354.00076,250,73.325697
414.21063,250,73.899717
451.28052,250,74.232506
323.01703,250,74.484437
323.21375,250,75.018544
401.53665,250,75.191263
323.9847,250,75.674048
368.85287,250,75.825331
360.7215,250,75.944628
177.15324,194,76.035342
292.83203,250,76.625322
332.5437,250,76.666862
361.52637,250,77.132334
300.34808,250,77.174892
328.41162,250,77.3212
300.18085,250,77.499482
33.396957,135,80.228544
358.99484,250,81.613908
304.71555,250,82.245187
246.19255,250,82.599436
299.6004,250,82.8632
330.37842,250,83.573211
382.814,250,83.783819
236.3443,250,84.545976
150.4292,213,84.787088
370.97528,250,84.787088
387.7954,250,84.960174
335.38934,250,85.96303
366.48587,250,86.0177
303.1624,250,86.553589
325.74667,250,86.663414
291.27414,250,86.837144
329.64987,250,89.694088
130.68648,243,91.125459
62.55203,136,91.159377
131.45253,226,91.208256
346.6329,250,92.343313
315.98062,250,92.68311
-35.676556,56,93.411921
418.26514,250,93.718357
303.48117,250,94.046812
304.97586,250,95.226583
427.15146,250,95.533373
374.18185,250,95.533373
343.27942,250,95.689293
365.44574,250,96.823376
298.60278,250,97.489479
254.64561,250,97.672276
348.93283,250,97.813769
-26.131603,103,99.942949
362.88382,250,100.822953
366.872,250,101.973525
329.8363,250,102.041716
250.13347,250,103.141534
353.17078,250,103.389961
376.3821,250,103.773149
401.12634,250,103.970198
388.57028,250,104.136406
326.1722,250,104.788107
403.96667,250,104.927796
430.3091,250,105.040032
282.06683,250,105.712409
304.00183,250,106.172764
279.0685,250,106.323988
366.97232,250,106.498574
400.0169,250,108.442881
315.80515,250,109.305671
380.1429,250,110.51964
374.38544,250,110.603999
392.08582,250,111.979062
268.7205,250,112.247441
334.99744,250,112.66521
289.43695,250,112.880049
384.46533,250,113.080256
417.81696,250,113.797702
268.2356,250,113.955126
386.0923,250,114.063672
452.1883,250,114.770659
385.2905,250,115.229118
391.9146,250,115.349631
364.4251,250,115.505605
375.12067,250,117.317824
386.11133,250,118.068913
410.35138,250,119.067067
411.88364,250,119.150127
300.09265,250,120.390651
374.31454,250,120.659366
409.8492,250,121.050399
370.6732,250,121.234848
353.69766,250,121.388482
366.21548,250,122.068654
357.0183,250,122.203615
321.8363,250,122.290514
403.99786,250,122.945803
355.99072,250,123.409788
362.34827,250,123.54213
379.15616,250,123.710441
273.94446,250,125.632205
364.94275,250,126.506028
387.42694,250,127.997026
425.8242,250,128.118303
360.0273,250,130.269889
-64.8987,38,130.337261
286.4789,250,130.674398
359.57935,250,131.165968
323.64038,250,131.420134
420.2185,250,131.622052
-160.60326,39,131.950779
411.11945,250,132.344354
370.25342,250,132.536514
300.0803,250,132.647543
256.50894,250,133.418272
357.64346,250,133.904624
312.02054,250,134.036142
403.76093,250,134.196777
68.153755,123,135.978493
384.45,250,136.27172
375.5551,250,137.048363
169.55719,203,138.010787
454.12408,250,138.793237
144.86847,226,140.177337
293.07593,250,140.603638
271.65326,250,141.717882
225.2992,250,142.152262
280.92438,250,142.554261
305.08032,250,142.679695
215.83153,250,142.787854
268.14093,250,143.612368
345.25827,250,144.192783
384.34436,250,144.362967
420.23456,250,144.557993
406.87946,250,146.034881
407.13394,250,146.339254
393.51273,250,147.084804
361.2041,250,147.819925
433.04883,250,148.249743
336.71494,250,149.291174
329.48642,250,149.673831
346.07974,250,150.423842
422.6185,250,150.790916
400.38635,250,151.122184
346.89044,250,151.253015
262.67868,250,151.362202
348.509,250,151.961134
365.8368,250,152.361545
437.88156,250,152.473248
356.7346,250,152.616897
250.20839,250,154.142123
318.66666,250,154.464236
307.6773,250,155.194679
385.7699,250,155.943209
278.3784,250,156.351818
263.6704,250,157.517107
266.35812,250,158.002824
386.0068,250,158.842094
269.5218,250,159.213827
357.49924,250,159.640242
399.73117,250,159.784091
339.67896,250,159.893011
388.80814,250,160.616468
358.5781,250,161.086286
342.5186,250,161.21822
347.345,250,161.423465
329.46762,250,163.06781
299.2208,250,163.411075
309.54465,250,164.224291
317.3472,250,165.409107
420.5407,250,165.973041
194.57059,250,167.116821
237.23402,250,167.564328
432.88474,250,168.330603
131.64975,250,168.622985
424.07428,250,168.968518
377.1903,250,169.104418
400.4915,250,169.202505
382.5037,250,169.804069
399.61084,250,170.439528
376.64017,250,170.657463
450.20926,250,170.91975
366.99094,250,173.021927
281.58298,250,173.623377
344.35904,250,175.135522
249.70412,250,176.1994
265.60367,250,176.602682
391.87424,250,178.022513
422.93314,250,178.791867
448.39322,250,179.85353
179.2788,250,180.324762
315.80545,250,181.008208
342.68808,250,181.194273
429.89737,250,181.358436
271.29333,250,182.138822
389.11786,250,182.564584
416.60165,250,182.725623
325.0427,250,182.926677
323.8438,250,184.606398
351.85443,250,184.919163
400.112,250,185.626795
397.0739,250,186.402228
398.12488,250,186.831234
376.86417,250,188.044142
358.2344,250,188.577071
446.4422,250,189.715182
385.7622,250,190.127114
388.81122,250,190.635906
354.77167,250,190.784476
399.56857,250,190.921027
337.57938,250,192.048355
342.5167,250,192.999985
263.9817,250,193.190902
335.7161,250,193.418431
-58.73932,47,195.724201
378.7441,250,195.724201
393.34134,250,196.028271
319.5566,250,196.812585
216.5864,250,197.474868
366.28296,250,197.99163
393.88913,250,199.221134
354.7775,250,199.675677
345.63373,250,200.69233
285.77014,250,201.041393
345.0228,250,201.428153
356.10645,250,201.58011
376.14423,250,201.667054
273.20358,250,202.334094
334.58545,250,202.86055
346.75656,250,203.029989
-46.834095,48,203.290096
262.91727,250,205.018849
316.41068,250,205.018849
350.05746,250,205.491103
349.61963,250,206.618042
240.65605,250,207.409515
254.35614,250,207.84027
386.06128,250,208.779245
332.1874,250,209.124285
97.9469,201,209.82868
319.7528,250,209.867539
-47.180485,70,210.003208
104.40008,235,210.039121
368.0537,250,210.154194
301.93503,250,210.799999
235.35938,250,211.970951
455.03784,250,212.088292
256.06512,250,212.295176
-25.691702,89,213.076937
-62.742302,40,213.670943
405.00452,250,213.848037
249.99295,250,213.848037
5.55244,93,213.897511
407.4248,250,214.138937
22.30076,128,214.175424
392.99966,250,214.846255
357.33932,250,215.573879
408.1093,250,217.013151
406.39572,250,217.395323
351.70248,250,218.033198
311.2455,250,218.185982
233.74931,250,218.3448
397.8766,250,219.929574
269.26932,250,220.064338
373.14624,250,220.939624
337.97992,250,221.576466
266.26025,250,221.789023
370.96555,250,221.789023
368.04453,250,221.865929
390.54233,250,222.122624
358.24402,250,222.154265
305.42596,250,222.929226
391.73126,250,223.844157
374.78577,250,225.443656
336.18713,250,225.841941
312.66824,250,226.538042
353.62384,250,226.696792
312.51547,250,226.856743
304.8135,250,228.488581
409.46817,250,228.623442
336.98215,250,229.448978
201.02457,250,229.97331
363.40088,250,230.143392
326.19058,250,230.143392
405.8173,250,230.214303
268.90225,250,230.406631
297.74786,250,230.44598
387.4979,250,231.092122
261.7324,250,231.747489
284.49173,250,232.99784
454.14917,250,233.33003
386.30005,250,233.972968
453.61395,250,234.117576
356.26413,250,234.265422
382.41895,250,235.832788
401.545,250,235.952599
368.25192,250,236.780777
421.9984,250,237.385273
430.38596,250,237.60517
360.8714,250,237.60517
360.05206,250,237.675987
463.41418,250,237.909408
384.63544,250,237.938458
403.7337,250,238.644904
427.84897,250,239.371196
289.73105,250,240.728362
411.30054,250,241.085647
282.74542,250,241.752766
533.1307,250,241.898267
392.12292,250,242.059163
433.2441,250,243.615976
352.523,250,243.7371
348.33646,250,244.542982
317.16937,250,245.096012
355.35208,250,245.259279
424.60666,250,245.259279
419.1495,250,245.321257
420.54413,250,245.520871
470.73068,250,245.55053
422.4885,250,246.206815
462.543,250,246.892413
376.0071,250,248.213287
388.6609,250,248.646087
365.6355,250,249.437486
251.35564,250,249.635906
247.71268,250,249.814485
174.59549,234,251.157558
28.590271,127,251.263385
205.86879,247,251.753403
-26.07306,77,252.379419
278.74176,250,252.784433
346.28955,250,253.432585
383.5689,250,253.683334
340.12555,250,253.683334
309.2129,250,253.773422
300.0617,250,254.070564
403.85147,250,254.118261
-51.91144,56,254.422343
268.44562,250,254.835595
281.4443,250,257.06045
395.11548,250,257.401275
435.54538,250,258.089214
427.2017,250,258.403556
365.87564,250,259.500703
376.29926,250,259.598717
277.268,250,260.016094
458.15036,250,260.972669
-45.69784,55,261.189841
334.96387,250,261.505579
418.49512,250,261.684629
328.78522,250,261.684629
386.88626,250,261.743333
494.04175,250,261.939183
342.95,250,261.977188
379.24036,250,262.220385
374.22128,250,262.603492
397.67456,250,264.548819
318.20007,250,264.894694
344.0204,250,265.578447
391.62027,250,265.871522
373.77908,250,267.070781
489.42618,250,267.494782
347.32648,250,268.39414
364.02377,250,268.615708
448.74734,250,269.000021
-20.832693,104,269.040284
420.46033,250,269.234708
462.37244,250,269.234708
432.2396,250,269.327852
436.50375,250,269.597953
385.55713,250,269.653949
319.65204,250,269.970014
426.73495,250,270.458683
385.80307,250,272.645027
341.06006,250,272.995158
420.05743,250,273.675549
421.16385,250,275.118317
411.75903,250,275.541874
411.44186,250,276.440721
348.02853,250,276.638051
288.8307,250,276.96022
389.0999,250,276.98599
321.32962,250,277.13972
416.75113,250,277.13972
460.3726,250,277.203775
463.25708,250,277.404871
387.60736,250,277.44649
372.9709,250,277.687615
398.47333,250,278.074175
397.91714,250,279.983021
403.63705,250,280.39594
387.84045,250,281.169835
492.0894,250,283.078032
421.45383,250,283.598488
471.67102,250,284.689289
434.28256,250,284.929065
-81.67891,46,285.272341
473.79977,250,285.417181
499.96283,250,285.46889
460.9825,250,285.689864
383.1095,250,285.689864
382.99258,250,285.770545
400.98706,250,286.036442
427.0546,250,286.074387
446.99762,250,286.437833
419.32526,250,286.922254
368.1318,250,289.370607
369.1384,250,289.730642
460.0168,250,290.365634
410.18765,250,291.847421
434.22,250,293.157995
507.59506,250,293.360669
454.06107,250,293.571228
361.3869,250,293.662455
439.37692,250,293.707257
377.19376,250,293.854922
470.5343,250,293.854922
416.73538,250,293.913952
408.24005,250,294.123405
494.13757,250,294.156683
418.26538,250,294.418118
428.33282,250,294.806364
446.2087,250,296.812506
387.1565,250,297.169621
380.60376,250,297.847409
427.21497,250,299.265484
506.8049,250,300.683832
410.68707,250,300.918586
468.24127,250,301.208824
503.58932,250,301.316388
522.6205,250,301.356679
498.70334,250,301.530952
441.3133,250,301.530952
460.10403,250,301.589798
442.6928,250,301.823239
468.4364,250,301.866936
535.33276,250,302.15405
456.3704,250,302.590245
487.00388,250,304.636123
490.2191,250,304.998945
499.454,250,305.616053
471.72855,250,307.23929
475.34872,250,308.756594
502.75806,250,309.037555
513.89233,250,309.32801
420.89163,250,309.46435
371.04987,250,309.524037
440.56247,250,309.742393
431.67062,250,309.742393
391.3875,250,309.80781
438.88754,250,310.074153
500.3623,250,310.110029
420.65396,250,310.426696
479.72372,250,310.910984
478.0161,250,312.968273
471.80093,250,313.320473
473.51062,250,314.004961
419.88766,250,315.489131
465.42905,250,316.915713
561.33606,250,317.162957
411.98334,250,317.465109
524.57263,250,317.575587
466.96118,250,317.606322
483.61417,250,317.797638
444.21048,250,317.797638
448.40158,250,317.86777
510.43277,250,318.087296
465.4202,250,318.120552
362.44684,250,318.402159
458.89813,250,318.815962
482.37646,250,320.80381
469.09415,250,321.145223
478.59903,250,321.80458
480.29828,250,323.281777
467.78992,250,324.596881
458.3107,250,324.798585
550.4438,250,325.028722
460.4331,250,325.111278
449.71936,250,325.141936
483.57834,250,325.303695
487.2333,250,325.303695
452.9436,250,325.383795
489.56982,250,325.613355
478.57718,250,325.653805
455.71878,250,325.93525
508.95663,250,326.362005
489.6324,250,328.248417
440.26178,250,328.581944
477.82755,250,329.236333
535.53815,250,330.709733
436.04742,250,332.009081
469.58395,250,332.211334
573.4405,250,332.454472
547.50195,250,332.554457
522.5,250,332.585311
408.4782,250,332.738833
575.8784,250,332.738833
526.7004,250,332.828988
397.1857,250,333.079389
491.29785,250,333.13018
367.3296,250,333.442865
508.66953,250,333.88663
455.31693,250,336.07279
504.81952,250,336.475276
411.37402,250,337.206307
404.96106,250,338.675536
375.17456,250,340.025894
500.44495,250,340.233684
597.7471,250,340.482919
491.74457,250,340.576604
495.3795,250,340.614989
440.67477,250,340.785644
496.83466,250,340.785644
511.48108,250,340.846761
566.09216,250,341.038476
581.33875,250,341.080757
498.95468,250,341.33088
508.31308,250,341.724382
520.7606,250,343.558614
512.3429,250,343.894356
560.2747,250,344.526414
545.5793,250,345.9772
409.93103,250,347.251521
481.04483,250,347.447961
567.1692,250,347.693199
498.031,250,347.793309
503.26932,250,347.83441
566.8943,250,347.986383
476.18607,250,347.986383
497.02417,250,348.045063
489.9757,250,348.248512
489.87155,250,348.277677
518.719,250,348.539773
541.1554,250,348.93404
447.66086,250,351.092408
484.598,250,351.515797
534.1873,250,352.241985
422.97354,250,353.73397
477.76602,250,355.107224
523.89087,250,355.318516
522.76373,250,355.567642
461.49353,250,355.66108
434.26456,250,355.691218
442.48322,250,355.843955
514.1558,250,355.843955
413.45862,250,355.903721
484.09012,250,356.115605
453.56705,250,356.153393
501.80377,250,356.435833
411.05405,250,356.80058
491.10825,250,359.020736
544.4604,250,359.394047
606.6981,250,360.090332
415.3582,250,361.63393
501.59964,250,362.913039
429.78894,250,363.124434
550.44196,250,363.358084
393.7343,250,363.468265
606.7913,250,363.498454
420.17593,250,363.657883
573.34357,250,363.657883
425.40485,250,363.721512
594.7387,250,363.935659
416.57385,250,363.971183
451.24854,250,364.226666
454.50647,250,364.611119
466.0386,250,366.765267
581.61566,250,367.17888
495.03543,250,367.87248
491.9286,250,369.530506
573.9051,250,371.106611
496.3706,250,371.35673
462.96713,250,371.618582
562.01044,250,371.716251
403.88806,250,371.759354
449.34213,250,371.953158
489.5886,250,371.953158
424.80624,250,372.032735
472.23123,250,372.27568
515.5818,250,372.315468
487.19373,250,372.578993
529.3471,250,372.969509
566.77045,250,374.914838
389.68076,250,375.281685
553.38446,250,375.916747
486.4751,250,377.399212
364.65158,250,378.698867
421.98923,250,378.923646
465.32654,250,379.14337
484.31943,250,379.234536
562.95844,250,379.275297
581.54236,250,379.416867
561.5533,250,379.416867
453.7047,250,379.467098
456.02686,250,379.66834
462.9139,250,379.698509
531.2618,250,379.959016
480.59177,250,380.332453
496.15594,250,382.389582
471.14404,250,382.773091
453.72562,250,383.496341
553.187,250,385.044307
454.90704,250,386.375684
421.05563,250,386.57487
477.95584,250,386.820057
528.7269,250,386.910899
475.48508,250,386.951141
563.84894,250,387.091983
463.11322,250,387.091983
423.90472,250,387.153191
444.13525,250,387.365157
411.37106,250,387.395445
498.33316,250,387.666224
411.69553,250,388.029173
488.5906,250,389.886537
431.28067,250,390.217731
428.53918,250,390.866795
402.0486,250,392.431058
494.33524,250,393.916818
333.82245,250,394.120773
439.10632,250,394.362007
369.11664,250,394.470467
585.1415,250,394.509134
524.45636,250,394.683842
331.30127,250,394.683842
439.8438,250,394.734949
505.10565,250,394.943898
453.58655,250,394.976208
462.71704,250,395.217726
476.62097,250,395.613463
333.48334,250,397.639025
522.4285,250,398.045149
463.39398,250,398.77303
541.11456,250,400.49113
550.1421,250,401.8841
415.30432,250,402.126643
472.95294,250,402.411553
495.7028,250,402.515003
414.25598,250,402.552123
523.0411,250,402.733529
509.89856,250,402.733529
326.92334,250,402.812598
447.56244,250,403.066936
495.70676,250,403.097167
493.6503,250,403.439836
492.39587,250,403.893197
588.83887,250,406.017479
591.3469,250,406.372942
394.00723,250,407.020437
495.62778,250,408.484364
565.25946,250,409.833572
554.5593,250,410.033573
599.02795,250,410.280593
412.33255,250,410.369146
567.8476,250,410.400425
572.34424,250,410.532996
620.3189,250,410.532996
608.4692,250,410.612364
595.37665,250,410.806008
561.9269,250,410.837336
522.7072,250,411.108941
537.18475,250,411.492104
513.29346,250,413.431906
565.2679,250,413.848759
586.7423,250,414.588338
434.52866,250,416.439576
447.32126,250,417.791299
491.02557,250,418.004861
544.36957,250,418.239992
559.65576,250,418.324385
500.8409,250,418.374149
549.2524,250,418.550073
483.07785,250,418.550073
517.5767,250,418.60868
431.8641,250,418.8338
403.59427,250,418.869218
574.83636,250,419.169776
446.62628,250,419.576597
569.692,250,421.58216
630.0934,250,421.935085
523.6574,250,422.592372
562.7687,250,424.107247
491.5683,250,425.410869
490.61603,250,425.630107
453.1005,250,425.856051
527.6145,250,425.95264
603.0657,250,425.994983
534.574,250,426.148579
456.0663,250,426.148579
537.0451,250,426.206341
371.6649,250,426.426472
546.706,250,426.458754
593.221,250,426.730918
523.352,250,427.136258
583.59906,250,429.403551
513.31335,250,429.88749
539.50885,250,430.732666
542.06464,250,432.666977
561.5504,250,434.132087
539.8704,250,434.366854
414.1835,250,434.625923
558.01044,250,434.715802
497.99078,250,434.748329
494.93387,250,434.888426
538.6964,250,434.888426
483.2492,250,434.959623
368.78943,250,435.193235
537.1672,250,435.233343
465.4035,250,435.534536
538.0258,250,435.950189
560.82104,250,437.863873
609.92535,250,438.206928
619.04517,250,438.835028
527.2043,250,440.262418
534.1602,250,441.556502
576.58496,250,441.768059
585.5963,250,442.059822
540.4666,250,442.170715
577.58044,250,442.201721
529.70026,250,442.352215
513.46136,250,442.352215
557.5868,250,442.431712
559.28455,250,442.652161
546.23126,250,442.687531
551.4379,250,443.052974
529.6842,250,443.514284
577.37384,250,446.274183
514.9607,250,446.715895
524.0511,250,447.424209
588.2036,250,449.864015
630.91296,250,451.72747
605.21234,250,452.004319
592.55176,250,452.283361
603.3352,250,452.376256
490.1038,250,452.410829
571.08777,250,452.562275
579.06085,250,452.562275
602.2367,250,452.64783
602.7728,250,452.895471
615.25653,250,452.93341
610.1427,250,453.449976
586.3181,250,453.973407
569.52374,250,456.107188
554.07477,250,456.53032
535.0335,250,457.315542
559.06146,250,458.983561
543.28546,250,460.485075
506.91077,250,460.722883
566.6451,250,461.059469
470.84918,250,461.175918
526.38745,250,461.224446
531.54974,250,461.444536
575.3367,250,461.444536
572.9282,250,461.52499
537.24664,250,461.809375
551.20807,250,461.866237
471.2027,250,462.141631
522.24274,250,462.567239
559.1271,250,465.066201
443.31772,250,465.577623
571.4949,250,466.466405
588.7637,250,468.122701
512.48517,250,469.680083
383.61612,250,469.961529
514.5468,250,470.212214
568.40704,250,470.311743
529.00024,250,470.341924
576.6364,250,470.496155
528.88495,250,470.496155
592.24097,250,470.558828
479.54422,250,470.779874
484.1498,250,470.824817
555.619,250,471.096214
522.5713,250,471.473492
543.10815,250,473.382345
525.2217,250,473.731889
552.2542,250,474.434332
566.4668,250,475.985678
466.87323,250,477.360265
567.2958,250,477.581962
468.02948,250,477.862667
541.0003,250,477.955383
616.1917,250,477.992781
571.6262,250,478.157107
480.1826,250,478.157107
518.51685,250,478.206252
530.6139,250,478.452547
521.41895,250,478.49892
506.11737,250,478.863016
400.17142,250,479.323231
583.81494,250,481.38985
529.66425,250,481.747845
469.51,250,482.476638
503.5897,250,483.967855
497.36972,250,485.32887
570.02325,250,485.546685
450.59177,250,485.794632
558.4903,250,485.892603
486.66077,250,485.911438
628.23395,250,486.078514
508.92728,250,486.078514
563.0345,250,486.146625
590.95135,250,486.369839
581.6592,250,486.404335
560.5096,250,486.694055
589.2296,250,487.048181
511.91766,250,489.095868
616.44525,250,489.535026
601.1055,250,490.30033
557.02936,250,492.088645
518.4143,250,493.646311
632.6925,250,493.989115
536.6739,250,494.24819
611.9974,250,494.345816
549.31116,250,494.389051
469.8521,250,494.549761
523.9436,250,494.549761
616.1959,250,494.619665
611.11816,250,494.851693
584.8612,250,494.892221
546.1035,250,495.22537
561.899,250,495.65821
566.08154,250,497.642117
450.14365,250,498.01621
527.40985,250,498.684353
587.64685,250,500.17497
535.8231,250,501.559926
576.95026,250,501.747561
516.8968,250,501.96593
610.3311,250,502.059414
602.6531,250,502.089422
585.7061,250,502.272834
611.3074,250,502.272834
511.15485,250,502.382223
573.158,250,502.597393
540.6644,250,502.631391
562.2085,250,502.881695
497.45074,250,503.306564
589.70123,250,505.734075
568.94476,250,506.289865
607.2949,250,507.221403
607.43475,250,509.033828
647.7021,250,510.780562
547.56995,250,511.027257
589.2412,250,511.288626
464.32144,250,511.392948
553.6291,250,511.43353
591.53564,250,511.614839
561.4256,250,511.614839
489.93823,250,511.691769
467.37564,250,511.956408
437.9062,250,511.988683
540.29803,250,512.272351
602.23816,250,512.751003
479.72775,250,515.310055
593.2852,250,515.777486
609.1989,250,516.474636
577.5931,250,518.020689
587.5322,250,519.38955
613.6664,250,519.597687
532.7385,250,519.833314
577.2031,250,519.923581
565.7612,250,519.95702
548.9854,250,520.127966
571.1205,250,520.127966
502.5145,250,520.172152
518.65564,250,520.373076
383.33258,250,520.410752
593.6498,250,520.66994
576.7229,250,521.126992
515.72015,250,523.087553
596.65607,250,523.451346
597.05396,250,524.142589
611.4263,250,525.833837
590.2607,250,527.297869
611.6377,250,527.551174
484.11914,250,527.800622
522.5599,250,527.905481
578.2554,250,527.934164
549.53894,250,528.105788
630.844,250,528.105788
485.5641,250,528.17623
545.2184,250,528.377634
458.95197,250,528.417925
535.95197,250,528.660561
432.8138,250,529.061978
513.96936,250,530.995875
593.9565,250,531.375185
490.92398,250,532.042446
546.6755,250,533.598914
527.0399,250,535.16387
585.2394,250,535.363829
464.92358,250,535.801658
604.0472,250,535.950545
595.6485,250,535.993669
493.91678,250,536.239496
491.46426,250,536.239496
530.4743,250,536.342016
542.376,250,536.583123
581.0672,250,536.62133
574.8588,250,536.901532
595.4478,250,537.282828
625.0157,250,539.228699
584.59155,250,539.627235
499.22394,250,540.670842
565.93744,250,543.394619
553.7727,250,545.775224
485.9208,250,546.026108
635.0068,250,546.427823
489.27557,250,546.639019
597.82367,250,546.705847
592.90894,250,547.026059
490.56372,250,547.026059
550.7825,250,547.141905
501.5544,250,547.514797
578.80084,250,547.603471
622.83826,250,547.957881
571.81085,250,548.753348
605.6095,250,552.714883
495.1645,250,553.691499
571.3899,250,554.527256
535.76385,250,556.293823
553.2023,250,558.825713
589.9505,250,559.085457
554.83575,250,559.399325
600.19727,250,559.501403
646.6051,250,559.541491
615.92285,250,559.756433
600.61346,250,559.756433
576.771,250,559.832618
515.5147,250,560.133891
574.6775,250,560.174404
566.2352,250,560.507703
613.1884,250,560.99046
453.94553,250,563.300534
524.7448,250,563.737791
503.64883,250,564.809927
471.82452,250,566.610157
540.0927,250,567.94685
560.93036,250,568.154987
543.24286,250,568.396547
540.3019,250,568.499825
527.0247,250,568.532481
552.282,250,568.685472
535.5726,250,568.685472
569.68036,250,568.746092
575.55133,250,568.972278
591.3954,250,569.000311
450.7711,250,569.26823
429.48654,250,569.653299
518.0136,250,571.719724
559.7954,250,572.071494
578.838,250,572.857369
547.7732,250,574.631409
631.3745,250,576.223496
525.6009,250,576.458183
609.0411,250,576.690741
559.6877,250,576.777333
574.4315,250,576.810776
584.6806,250,576.967847
557.12616,250,576.967847
611.1571,250,577.03954
549.3005,250,577.258052
552.6704,250,577.276738
549.7395,250,577.550212
481.13132,250,577.960665
591.9804,250,579.934073
598.9697,250,580.28902
498.1582,250,581.010656
547.9532,250,582.57316
570.7482,250,583.910618
602.06036,250,584.126944
590.61835,250,584.343772
606.9423,250,584.449853
558.2962,250,584.48226
570.9935,250,584.634407
573.028,250,584.634407
538.9662,250,584.684915
593.8945,250,584.895049
552.69,250,584.929708
566.571,250,585.21052
553.4512,250,585.661688
509.98276,250,587.872922
607.3046,250,588.442586
582.62775,250,589.31321
549.93884,250,591.658059
638.4546,250,593.549918
552.33276,250,593.81914
541.31964,250,594.064847
594.5807,250,594.166121
553.90717,250,594.199638
534.9508,250,594.344247
630.73236,250,594.344247
633.3964,250,594.412443
515.14966,250,594.631356
595.51447,250,594.66542
582.78766,250,594.980491
580.7772,250,595.412426
558.3806,250,597.571485
615.5261,250,597.983351
623.68463,250,598.739377
609.191,250,600.452389
531.8915,250,601.884777
565.0993,250,602.120782
583.1675,250,602.40363
553.96454,250,602.490928
541.85645,250,602.540938
588.6318,250,602.72441
453.0827,250,602.72441
565.07104,250,602.806596
614.5434,250,603.060999
590.77844,250,603.104349
583.24207,250,603.451011
590.1163,250,603.935747
554.9396,250,606.626142
636.2752,250,607.189928
589.8647,250,608.35407
574.3014,250,610.823332
590.5978,250,612.599746
634.3282,250,612.913886
560.4775,250,613.351471
601.1266,250,613.466182
627.525,250,613.521182
560.6577,250,613.722293
534.22534,250,613.722293
601.4922,250,613.836258
641.6297,250,614.133252
628.4435,250,614.179143
613.4655,250,614.514307
618.2783,250,614.970101
637.9936,250,617.151794
497.06158,250,617.599959
559.9284,250,618.47145
644.73303,250,620.370388
647.3891,250,622.005796
612.3609,250,622.231653
560.54443,250,622.491186
594.0565,250,622.594967
589.6831,250,622.639879
541.4556,250,622.807987
566.49054,250,622.807987
605.4418,250,622.892106
635.8627,250,623.12306
596.7516,250,623.158166
532.2224,250,623.514792
605.31,250,623.953267
610.13934,250,625.877098
544.7408,250,626.260087
633.977,250,626.913535
615.6478,250,628.449253
582.8302,250,629.798567
536.02826,250,630.033481
573.6249,250,630.282104
612.2394,250,630.383199
508.23044,250,630.416422
555.9867,250,630.600568
554.312,250,630.600568
615.8567,250,630.6688
480.69263,250,630.854177
561.4556,250,630.882901
606.29535,250,631.156034
567.79504,250,631.534865
487.3671,250,633.406059
659.8787,250,633.766675
615.7041,250,634.802553
610.2729,250,636.758818
568.2277,250,639.465779
529.2069,250,639.769903
560.0468,250,640.096661
555.89374,250,640.208852
502.05896,250,640.248974
579.6692,250,640.418911
642.72064,250,640.418911
663.14197,250,640.481619
650.75305,250,640.695057
635.77594,250,640.734998
595.619,250,641.03817
497.4643,250,641.420953
561.09564,250,643.468811
525.7457,250,643.853425
586.4386,250,644.596
585.94415,250,646.296621
591.3418,250,647.79997
531.62726,250,647.999443
578.8852,250,648.295424
616.3883,250,648.393404
580.30237,250,648.433566
626.89514,250,648.578382
521.79846,250,648.578382
572.024,250,648.63302
585.98395,250,648.849655
469.2439,250,648.890897
627.6207,250,649.170242
574.7132,250,649.686247
557.37274,250,651.918083
574.4746,250,652.288182
548.50745,250,653.020065
526.83307,250,654.859134
519.9794,250,656.403774
652.63025,250,656.61041
587.94586,250,656.879298
598.69727,250,656.975107
515.5594,250,657.01095
568.3879,250,657.165536
548.94525,250,657.165536
539.48486,250,657.230811
680.1635,250,657.429731
559.9702,250,657.479218
572.7464,250,657.829552
553.7507,250,658.415242
499.82474,250,660.691042
525.83887,250,661.097152
644.8056,250,661.754085
595.93085,250,663.254741
528.8349,250,664.587493
539.37616,250,664.780504
471.24902,250,665.020485
587.8048,250,665.103398
498.0122,250,665.134796
626.6333,250,665.285987
627.83704,250,665.285987
495.24963,250,665.353065
492.6827,250,665.577694
495.67624,250,665.622934
511.50116,250,665.901141
621.24896,250,666.293314
523.26105,250,668.288383
588.0912,250,668.748271
603.669,250,669.657811
607.90405,250,671.77418
640.77045,250,673.335503
541.8706,250,673.537891
543.9797,250,673.792278
609.3147,250,673.89295
560.5183,250,673.922122
622.3023,250,674.08154
591.8765,250,674.08154
589.27344,250,674.145212
539.69745,250,674.374605
569.39954,250,674.407766
623.43427,250,674.693016
530.9084,250,675.141888
485.76172,250,677.344121
623.6457,250,677.767057
606.7761,250,678.454588
638.5238,250,680.152073
615.6434,250,681.738068
511.02478,250,681.968662
538.09467,250,682.211961
540.3787,250,682.29368
633.6629,250,682.333628
627.9654,250,682.506111
583.4835,250,682.506111
555.13696,250,682.575929
572.1921,250,682.787629
592.50977,250,682.817807
528.1831,250,683.079005
567.3236,250,683.491546
610.7635,250,685.475446
580.77576,250,685.861684
513.1245,250,686.590133
661.2252,250,688.282461
514.4704,250,689.654859
474.29453,250,689.856407
584.9466,250,690.068361
590.06665,250,690.160069
646.0551,250,690.189286
561.36615,250,690.360726
594.6798,250,690.360726
599.6789,250,690.428909
562.3699,250,690.652703
568.98505,250,690.681851
554.59625,250,690.954128
485.5692,250,691.385874
579.9375,250,693.305614
561.772,250,693.627782
535.724,250,694.283059
493.6448,250,695.727195
557.4685,250,696.99531
586.9119,250,697.20702
542.6827,250,697.446913
601.84076,250,697.557642
586.8821,250,697.590051
555.55133,250,697.759621
650.7385,250,697.759621
571.03125,250,697.818513
598.4591,250,698.054355
557.8451,250,698.095227
628.2851,250,698.401817
568.0167,250,698.783208
598.881,250,701.122005
577.4523,250,701.657331
597.14886,250,702.49052
537.0328,250,704.245484
584.3951,250,706.013441
535.4003,250,706.260952
492.04346,250,706.540122
621.78436,250,706.630906
584.9768,250,706.67198
603.8848,250,706.833506
595.20166,250,706.833506
545.3557,250,706.902295
501.73615,250,707.107522
612.11066,250,707.145902
578.9187,250,707.420064
501.27258,250,707.805554
629.00793,250,709.753545
556.62744,250,710.103337
576.42786,250,710.719959
506.44604,250,712.139539
588.4766,250,713.435956
549.99725,250,713.643504
579.6224,250,713.878289
625.42267,250,713.959051
554.28345,250,713.998774
634.8776,250,714.160055
570.29364,250,714.160055
603.1121,250,714.220045
602.8078,250,714.422311
522.24115,250,714.462533
558.7912,250,714.704372
595.2226,250,715.095801
617.9615,250,717.053428
538.0486,250,717.446706
567.26196,250,718.16222
652.1678,250,719.838432
600.7097,250,721.212214
611.49274,250,721.442803
574.4953,250,721.657467
492.1794,250,721.745755
626.3169,250,721.778052
574.6587,250,721.9492
549.20264,250,721.9492
630.4178,250,722.020449
593.71655,250,722.242654
594.3353,250,722.283435
659.9321,250,722.555191
528.3971,250,722.929772
582.82605,250,724.876781
555.3202,250,725.219736
546.37775,250,725.874322
511.1983,250,727.350263
599.9452,250,728.958871
570.22974,250,729.315763
509.32486,250,729.798438
588.0088,250,729.952702
576.4609,250,730.002169
575.3496,250,730.218393
555.31,250,730.218393
588.16095,250,730.287383
632.47955,250,730.604646
588.5769,250,730.669957
524.5171,250,731.039421
589.26215,250,731.588337
615.59076,250,733.932103
608.02405,250,734.37327
554.9619,250,735.109513
616.61566,250,736.803328
563.5515,250,738.135308
613.06226,250,738.348293
527.1822,250,738.611199
616.6268,250,738.719973
625.333,250,738.744166
496.1175,250,738.902771
597.1701,250,738.902771
503.43488,250,738.964505
562.66034,250,739.164969
535.3633,250,739.202387
618.7243,250,739.486715
627.1028,250,739.868474
433.52646,250,741.802794
543.4542,250,742.168947
506.40265,250,742.821417
563.4343,250,744.247357
637.4192,250,745.659452
546.55884,250,745.867527
634.7894,250,746.10181
587.38983,250,746.19118
535.042,250,746.231591
580.3317,250,746.405412
561.72253,250,746.405412
503.2037,250,746.474082
602.62744,250,746.676986
620.6387,250,746.713958
583.7212,250,746.960772
654.08575,250,747.391559
568.20074,250,749.528446
556.4852,250,749.942772
615.71216,250,750.691025
637.31354,250,752.325237
631.6102,250,753.644518
657.8288,250,753.860972
575.9666,250,754.097543
602.7279,250,754.202664
581.34296,250,754.229238
540.6648,250,754.396401
600.30365,250,754.396401
508.0621,250,754.445459
574.87854,250,754.662822
620.5758,250,754.694237
648.905,250,754.947401
586.3833,250,755.345592
524.85516,250,757.364462
641.7374,250,757.707213
594.19836,250,758.333238
575.4297,250,759.806768
595.1186,250,761.210934
587.8804,250,761.4378
585.3435,250,761.67533
542.58124,250,761.768347
571.2972,250,761.806846
595.34216,250,761.969029
501.76294,250,761.969029
529.5419,250,762.028522
576.43494,250,762.239971
558.32355,250,762.280206
627.68243,250,762.542791
560.83575,250,762.945775
655.88245,250,765.058166
649.9874,250,765.506596
582.0558,250,766.299611
548.2263,250,767.943566
602.5077,250,769.295854
598.9231,250,769.507254
629.0981,250,769.769402
579.025,250,769.860484
607.2195,250,769.892605
594.6368,250,770.043696
575.83014,250,770.043696
638.5552,250,770.105538
535.2436,250,770.32812
664.92694,250,770.356266
541.13007,250,770.669069
545.9621,250,771.114115
613.1676,250,773.020846
643.1421,250,773.38294
545.98456,250,774.08334
561.37256,250,775.686683
546.3592,250,777.019497
596.37854,250,777.218707
621.0724,250,777.451751
592.5032,250,777.539351
605.9303,250,777.567816
600.4077,250,777.721779
642.63434,250,777.721779
577.64453,250,777.785247
626.84015,250,777.987894
555.3507,250,778.035887
594.1099,250,778.309054
603.4815,250,778.689687
509.38608,250,780.556021
610.85455,250,780.937934
600.1864,250,781.70543
585.4263,250,783.357813
470.049,250,784.76174
651.96387,250,784.963241
543.8732,250,785.227195
549.2196,250,785.329888
600.87946,250,785.365926
627.52997,250,785.54894
579.92615,250,785.54894
617.68915,250,785.618309
566.3833,250,785.822482
592.1741,250,785.870175
612.19275,250,786.166357
579.9467,250,786.668214
619.84656,250,788.739776
523.38116,250,789.174781
601.3185,250,789.98474
570.218,250,791.800525
530.19727,250,793.222794
545.3707,250,793.435783
570.9815,250,793.688195
630.7736,250,793.780355
570.0096,250,793.809593
516.4819,250,793.97275
542.24866,250,793.97275
571.8768,250,794.042905
515.2307,250,794.245469
543.2499,250,794.274531
622.02155,250,794.55224
461.88156,250,794.978809
589.89813,250,797.065016
597.3157,250,797.455904
556.3964,250,798.206631
595.1853,250,800.001814
611.76556,250,801.330422
629.2778,250,801.5521
604.18604,250,801.804016
609.5846,250,801.89515
581.5711,250,801.926008
548.4268,250,802.083447
572.4868,250,802.083447
580.0419,250,802.136009
586.024,250,802.355278
581.82074,250,802.389595
595.12946,250,802.660883
594.8016,250,803.047755
616.2505,250,805.044976
488.2386,250,805.43658
571.5294,250,806.103722
598.5898,250,807.655456
537.4822,250,808.936975
531.9411,250,809.139235
534.6392,250,809.384646
593.34094,250,809.480489
608.3579,250,809.51268
596.3395,250,809.663991
535.0117,250,809.663991
581.8908,250,809.714258
511.93695,250,809.936528
639.11835,250,809.968732
514.40576,250,810.246587
578.10986,250,810.63005
611.42377,250,812.58927
633.90704,250,812.974452
536.67737,250,813.690501
516.82904,250,815.327368
558.2787,250,816.767183
602.16833,250,816.979541
563.8609,250,817.220596
589.0249,250,817.321184
619.27576,250,817.352385
540.6201,250,817.506624
558.8385,250,817.506624
565.8221,250,817.573811
564.00476,250,817.803956
591.99713,250,817.837341
490.78745,250,818.119034
453.82346,250,818.521984
626.56433,250,820.552356
506.0997,250,820.920624
582.55835,250,821.665481
609.7404,250,823.201701
555.7979,250,824.517166
546.0856,250,824.724817
526.0665,250,824.94789
517.8947,250,825.039321
558.5902,250,825.077796
586.32715,250,825.231706
550.65564,250,825.231706
592.132,250,825.292123
600.978,250,825.511664
504.34732,250,825.543943
595.22064,250,825.818683
576.42194,250,826.203711
517.4679,250,828.104882
587.72675,250,828.455406
617.22894,250,829.135377
621.50507,250,830.841742
546.94354,250,832.367851
589.68726,250,832.594966
581.94995,250,832.842498
557.8864,250,832.927217
581.1382,250,832.960678
603.1669,250,833.127065
562.8161,250,833.127065
577.5783,250,833.202702
574.4647,250,833.410935
639.80316,250,833.443894
615.85535,250,833.711356
538.55316,250,834.078407
583.7815,250,836.066333
544.08844,250,836.433466
587.5583,250,837.130517
596.5677,250,838.592038
639.23285,250,839.984117
571.70886,250,840.216418
605.508,250,840.475894
587.76215,250,840.552403
621.0016,250,840.600414
580.4593,250,840.769447
541.0979,250,840.769447
651.3956,250,840.852756
636.3654,250,841.070025
626.39087,250,841.099816
561.84753,250,841.418343
620.5568,250,841.791655
607.9738,250,843.694789
572.38904,250,844.032402
603.71826,250,844.723821
561.9912,250,846.508438
635.9675,250,848.080472
577.91943,250,848.299623
569.7066,250,848.565371
567.21857,250,848.685394
508.76187,250,848.728711
633.6106,250,848.909732
586.7104,250,848.909732
619.77454,250,848.994205
629.2879,250,849.257229
598.1743,250,849.29452
592.85345,250,849.629323
582.8921,250,850.111235
625.8685,250,852.6358
516.0393,250,853.014014
606.60925,250,853.748321
567.28687,250,855.366071
594.7132,250,856.888891
643.3622,250,857.091075
522.22235,250,857.335162
536.9767,250,857.42425
574.10046,250,857.464666
506.67197,250,857.598266
557.2897,250,857.598266
583.3785,250,857.649364
587.32983,250,857.859272
564.4681,250,857.89265
619.08594,250,858.174093
624.89655,250,858.570023
632.201,250,860.428252
585.39044,250,860.780193
618.1327,250,861.48906
629.4352,250,863.101706
561.07635,250,864.60641
608.8017,250,864.818846
628.50146,250,865.042187
650.1806,250,865.131569
590.2117,250,865.162877
571.6816,250,865.315638
574.24194,250,865.315638
619.93506,250,865.385138
592.5902,250,865.632824
533.379,250,865.669015
634.4492,250,865.982904
621.294,250,866.419711
588.74066,250,868.595775
470.50296,250,869.005703
562.38965,250,869.889853
607.05615,250,871.416314
598.09216,250,872.771007
551.22125,250,873.003212
575.3227,250,873.264429
621.3792,250,873.369597
615.20624,250,873.40389
500.57562,250,873.565078
515.4922,250,873.565078
605.5251,250,873.644635
637.3069,250,873.888158
448.46207,250,873.940274
616.2669,250,874.232254
599.3409,250,874.649996
589.17645,250,876.569496
603.919,250,876.952304
526.12225,250,877.674119
581.7021,250,879.335247
570.2089,250,880.707558
611.1298,250,880.958128
590.4662,250,881.242442
536.5046,250,881.352612
631.43823,250,881.383873
484.24265,250,881.545878
643.5088,250,881.545878
645.2604,250,881.613453
578.1481,250,881.858859
511.461,250,881.89968
603.7843,250,882.199838
562.2533,250,882.628502
641.2855,250,884.81234
568.16174,250,885.167435
655.2291,250,885.912986
626.55817,250,887.423773
579.4646,250,888.764412
574.7058,250,889.015982
648.41565,250,889.297788
577.8079,250,889.40033
582.0574,250,889.440578
542.9787,250,889.621632
545.53864,250,889.621632
529.47394,250,889.6926
628.5641,250,889.934943
532.7932,250,889.974068
582.70776,250,890.284754
638.18,250,890.720085
608.49835,250,893.181017
638.5529,250,893.659657
505.15265,250,894.488318
516.9633,250,896.386025
610.31854,250,898.128859
587.43634,250,898.332514
607.39197,250,898.56866
523.4909,250,898.661512
531.8455,250,898.693954
593.34576,250,898.840081
588.80566,250,898.840081
575.30206,250,898.898177
510.50452,250,899.122986
587.1522,250,899.152728
557.2311,250,899.415632
531.4294,250,899.778462
570.534,250,901.723428
601.0311,250,902.071263
596.71063,250,902.718963
621.07446,250,904.177388
572.8428,250,905.467087
616.15424,250,905.673521
598.0471,250,905.916801
546.3462,250,906.001533
615.2969,250,906.034732
584.0294,250,906.182626
608.94727,250,906.182626
598.43146,250,906.243126
599.5276,250,906.444841
657.4369,250,906.485927
637.0364,250,906.753662
626.4437,250,907.134067
634.72504,250,909.206915
593.5305,250,909.703591
568.58093,250,910.630929
506.8271,250,912.585607
614.34796,250,913.937919
630.8757,250,914.139569
629.6638,250,914.379374
616.35266,250,914.462118
592.64716,250,914.500396
499.10434,250,914.661622
602.29675,250,914.661622
497.65347,250,914.724728
457.81805,250,914.933492
578.9797,250,914.967075
580.8118,250,915.228109
592.8943,250,915.620553
521.0915,250,917.567989
634.8375,250,917.920532
616.6136,250,918.556056
448.6822,250,920.020056
614.0867,250,921.292882
579.6596,250,921.492992
651.52014,250,921.743129
635.58014,250,921.825867
585.73773,250,921.866347
650.02045,250,922.027647
617.57635,250,922.027647
570.3033,250,922.088663
648.146,250,922.301635
577.905,250,922.33227
522.05255,250,922.603782
518.01526,250,922.967105
581.88586,250,924.823117
484.0481,250,925.186667
631.7583,250,925.902004
602.3616,250,927.508244
632.54205,250,928.932812
623.74744,250,929.145253
628.00977,250,929.376759
613.74146,250,929.477879
619.0425,250,929.508071
581.0334,250,929.659281
612.5096,250,929.659281
556.4576,250,929.729175
597.0705,250,929.942979
586.08057,250,929.978834
517.54095,250,930.244695
578.7479,250,930.637722
636.89185,250,932.585506
634.1788,250,932.960014
632.8584,250,933.6357
587.7249,250,935.087399
584.4841,250,936.382121
519.64905,250,936.593094
640.6771,250,936.815352
583.9233,250,936.913276
577.2732,250,936.936431
581.4485,250,937.10017
633.1686,250,937.105198
651.5942,250,937.166809
594.7358,250,937.367239
595.06665,250,937.40074
610.8273,250,937.652775
614.2673,250,938.02497
586.80096,250,940.158094
592.3844,250,940.579773
599.09564,250,941.460451
500.48578,250,943.319606
494.60635,250,944.990393
622.7547,250,945.196647
573.68555,250,945.442091
594.57947,250,945.543309
636.62103,250,945.586688
615.84247,250,945.74064
599.7861,250,945.74064
657.03705,250,945.814734
486.21915,250,946.041801
654.215,250,946.078652
567.41003,250,946.378867
597.56006,250,946.773962
648.1413,250,948.916564
632.52924,250,949.276623
627.9863,250,949.931416
612.0791,250,951.407799
634.3477,250,952.709047
647.0322,250,952.930757
611.7384,250,953.164792
504.9988,250,953.254261
571.653,250,953.284069
639.21844,250,953.434964
610.8974,250,953.434964
519.71454,250,953.486473
584.12317,250,953.707152
580.9352,250,953.747421
645.5786,250,954.008903
637.33514,250,954.402822
638.83234,250,956.248556
621.532,250,956.592974
635.0413,250,957.321011
612.9364,250,959.338905
606.52344,250,960.854201
625.25116,250,961.065686
598.36743,250,961.304421
582.6552,250,961.389101
667.18384,250,961.420263
608.03644,250,961.570401
626.91693,250,961.570401
645.4045,250,961.640182
589.42975,250,961.861732
576.06995,250,961.902954
589.99054,250,962.154623
587.6889,250,962.556322
615.5678,250,964.506627
596.7292,250,964.861098
513.8643,250,965.502102
601.9141,250,966.936591
635.2025,250,968.268085
581.30664,250,968.489461
607.714,250,968.762182
647.40894,250,968.871198
625.91205,250,968.903368
620.91425,250,969.075013
596.1202,250,969.075013
642.7287,250,969.151056
555.15466,250,969.396492
651.05304,250,969.429703
562.23883,250,969.757002
636.0162,250,970.196296
575.76605,250,972.536947
610.2755,250,972.953128
632.9287,250,973.758372
644.39795,250,975.546538
628.9594,250,977.038346
587.54175,250,977.2545
666.2198,250,977.561611
577.8324,250,977.685306
652.6684,250,977.728201
421.57922,250,977.932766
572.83685,250,977.93384
559.3301,250,978.007129
515.47406,250,978.227412
627.6405,250,978.273287
479.48926,250,978.556316
555.1473,250,978.941415
627.49835,250,980.901632
549.2683,250,981.292581
451.24704,250,982.013439
630.57294,250,983.495525
483.22314,250,984.83359
621.7952,250,985.055088
641.8671,250,985.278636
449.22705,250,985.369524
644.316,250,985.400866
614.0557,250,985.562275
546.2188,250,985.562275
654.5896,250,985.632015
571.5158,250,985.833672
605.5644,250,985.872162
625.1906,250,986.127126
594.849,250,986.508848
543.02856,250,988.372904
580.4824,250,988.724387
624.6414,250,989.35997
612.3625,250,991.154299
624.60394,250,992.686027
623.04333,250,992.926736
554.772,250,993.168936
608.6471,250,993.26974
612.3011,250,993.301016
609.80414,250,993.451622
570.766,250,993.451622
600.802,250,993.511918
630.7084,250,993.704394
578.84357,250,993.733587
622.45764,250,994.014099
647.1408,250,994.41644
445.5938,250,996.718729
631.7642,250,997.15791
511.2888,250,997.972029
651.1944,250,999.701095
653.46606,250,1001.277826
619.1333,250,1001.535526
652.02905,250,1001.835569
637.6337,250,1001.919839
567.56274,250,1001.9527
550.1196,250,1002.108579
582.55786,250,1002.108579
658.49255,250,1002.183133
616.6736,250,1002.418411
638.8263,250,1002.45283
622.6991,250,1002.719672
622.07086,250,1003.152541
675.413,250,1005.09014
549.2687,250,1005.604579
573.0981,250,1006.374944
627.18243,250,1008.283756
607.27563,250,1009.783147
639.7921,250,1010.034494
581.1352,250,1010.307218
604.6491,250,1010.412041
608.19275,250,1010.428771
660.35077,250,1010.595391
523.17444,250,1010.595391
598.0191,250,1010.647367
605.48627,250,1010.85207
526.9616,250,1010.902618
594.281,250,1011.24648
580.5742,250,1011.682283
616.17896,250,1013.91491
570.5115,250,1014.315452
555.252,250,1015.147166
634.9137,250,1016.830683
581.2847,250,1018.28087
553.483,250,1018.50904
659.35474,250,1018.768323
614.48914,250,1018.880454
657.39404,250,1018.940817
578.6212,250,1019.120426
490.38876,250,1019.120426
589.83527,250,1019.184011
627.3914,250,1019.470463
626.8304,250,1019.517415
593.11365,250,1019.82467
560.1113,250,1020.347377
622.736,250,1022.785934
603.9767,250,1023.223971
639.14453,250,1023.990009
615.1793,250,1025.666805
605.8441,250,1027.169159
650.1771,250,1027.387133
621.35223,250,1027.63447
606.4457,250,1027.742244
635.97034,250,1027.791211
659.01965,250,1027.947839
615.19806,250,1027.947839
563.13367,250,1028.029027
640.87286,250,1028.28367
629.13184,250,1028.330033
651.9661,250,1028.667381
608.91156,250,1029.176697
618.2976,250,1031.577697
665.7985,250,1031.992677
537.51685,250,1032.738803
579.892,250,1034.253103
601.56586,250,1035.590099
661.9505,250,1035.812797
635.0439,250,1036.069419
576.2054,250,1036.154392
575.73676,250,1036.195726
602.48,250,1036.345113
605.3473,250,1036.345113
621.259,250,1036.396398
613.0206,250,1036.598032
643.66895,250,1036.630776
665.54944,250,1036.93932
643.8443,250,1037.393248
607.4993,250,1039.543625
596.39435,250,1039.907372
566.15076,250,1040.573871
628.39026,250,1042.04061
619.9501,250,1043.371533
501.2011,250,1043.57371
546.37756,250,1043.815451
644.3154,250,1043.916247
625.21893,250,1043.947472
563.5885,250,1044.110443
533.1177,250,1044.111498
655.66846,250,1044.168276
638.6501,250,1044.398076
631.32166,250,1044.426076
600.81775,250,1044.723502
647.92816,250,1045.095085
603.048,250,1047.030109
586.2148,250,1047.411949
589.21075,250,1048.042478
624.1175,250,1049.702947
