#{"t_start": 1685783260.3586643, "env_id": null}
r,l,t
-78.207184,29,0.420593
-61.2191,55,1.034111
-49.58189,64,1.245553
-37.894054,70,1.387487
-14.762876,84,1.728357
-26.872076,86,1.778665
-64.84845,58,1.798766
-7.9698033,87,1.806788
-17.362658,90,1.879332
13.269049,91,1.90948
-14.398415,98,2.090641
-43.027485,100,2.130844
0.38258868,103,2.221564
6.6638703,104,2.259711
-58.268906,41,2.281822
-46.225266,107,2.33219
-31.50263,108,2.363362
-130.99426,109,2.390481
-77.17514,27,2.443359
-58.276165,57,2.462942
-83.96094,21,2.684486
-82.49757,35,2.684486
-70.34319,33,2.73336
-47.31635,55,2.775784
-67.81231,38,2.775784
-79.53669,24,2.844383
-89.868675,18,2.844383
-86.50645,24,2.867575
-70.11146,42,2.886712
-74.78988,31,2.886712
-57.970272,45,3.892342
-46.96519,69,4.126249
-54.827785,56,4.157386
-30.524815,67,4.5166
-28.194754,88,5.063728
-73.85823,37,5.093046
5.1228743,130,5.181369
-73.30871,29,5.251819
-8.193161,105,5.304912
-16.438986,100,5.384364
-34.71691,106,5.48481
7.7154107,129,5.514939
-5.574968,68,5.605903
-7.3369365,113,5.656205
-83.115524,25,5.706446
-79.91797,24,5.919458
-75.06659,34,5.970839
-42.29883,75,6.040478
25.456993,145,6.100874
21.375679,137,6.171162
-60.546616,40,6.201289
43.56412,143,6.279625
-82.96103,26,6.279625
-87.28082,24,6.341899
25.789244,158,6.341899
-75.89493,32,6.492887
56.523163,166,6.533074
-69.747345,31,6.78283
-81.33849,24,6.835319
-43.317585,68,7.018427
-34.18631,69,7.185922
-66.29057,58,7.452622
-77.79265,28,7.553024
-56.863483,52,7.581249
-36.256065,62,7.752298
-14.866526,81,8.546641
-70.87787,36,8.573752
-27.530416,61,8.696428
-8.445262,98,8.929087
-29.36558,64,9.169643
-78.381676,26,9.197765
-14.369001,91,9.270194
-11.238265,121,9.332515
-0.26766443,94,10.216895
-38.861473,64,10.268842
-55.04354,57,10.490391
-59.68783,44,10.569532
20.336332,118,10.789129
45.76428,148,11.304304
78.422226,187,11.455215
-45.290707,49,11.718628
-50.389,55,11.869792
109.68315,211,12.171949
198.05188,250,12.333143
125.1564,250,12.364287
-0.09392683,115,12.453878
111.25306,218,12.554627
4.96073,92,13.15689
-16.968956,96,13.189232
-47.560513,49,13.189232
-50.027466,44,13.351596
246.52942,250,13.378981
-52.116962,64,13.451396
-32.92833,82,13.540067
45.27937,184,13.77553
-51.691933,52,13.82482
7.1760135,129,14.288491
-19.383148,114,14.461213
82.67586,193,14.490441
115.08765,190,14.490441
-17.155579,91,14.689682
-66.44004,60,14.691702
-39.63117,86,14.76213
-55.919125,51,14.812695
-43.12566,60,14.861247
-31.884932,71,14.992035
-38.418293,71,15.165181
-53.735325,55,15.193381
-68.69597,40,15.286045
-72.47492,32,15.646084
-49.10205,51,15.80726
-79.25719,24,15.80726
-70.49821,32,15.830272
2.524153,105,15.890605
0.071970314,97,15.939913
-44.324284,58,15.980204
-57.720226,49,15.980204
-53.295433,48,16.030866
-52.61527,60,16.052026
-12.334447,143,16.079137
-11.834792,94,16.188503
-40.169582,68,16.48379
-62.59726,46,16.534402
-38.712708,70,16.716626
-65.63433,34,16.716626
-66.37794,64,16.886817
-55.006042,51,16.987493
-53.478043,44,16.987493
-50.56185,46,17.138919
-50.01129,41,17.138919
-56.448994,54,17.297853
-67.231255,43,17.297853
-55.42454,53,17.343294
-48.93758,52,17.370646
-35.62718,59,17.509624
-43.987198,66,17.531871
-61.551987,40,17.562345
-51.658123,59,17.592058
-60.912006,43,17.824527
-74.859085,33,17.843649
-74.69559,32,17.974666
-77.586586,27,18.06616
-53.604343,47,18.095304
-43.3591,56,18.15357
-47.41755,70,18.267195
-67.26996,39,18.294346
-45.936768,59,18.649008
-48.992207,42,18.649008
-53.011555,54,18.737443
-69.52883,72,18.840026
-54.700424,48,19.072009
-52.60181,48,19.193707
-47.27606,56,19.251171
-77.99172,25,19.303467
-63.095848,50,19.354762
-25.258987,81,19.374843
-61.68284,44,19.424083
-42.935566,54,19.534606
-84.33846,19,19.88463
-75.80778,31,19.88463
-18.337954,95,19.958092
-25.556587,94,19.958092
-82.88004,20,20.058698
-84.16777,32,20.085791
-62.70332,40,20.238881
-47.3327,65,20.40823
2.9181695,99,20.631724
-84.082535,29,20.690904
29.767237,127,20.823673
1.0391047,103,20.925455
-72.44349,25,21.075583
-47.737183,48,21.12385
-65.861694,68,21.204361
-21.39928,100,21.254555
-57.5103,51,21.287699
-58.637367,44,21.377336
-75.07046,28,21.568486
-46.752758,86,21.598625
-40.58171,60,21.629797
1.8377745,107,21.629797
-47.75619,89,21.629797
-42.340042,62,21.699005
-30.326756,74,21.799594
-76.37324,28,21.9716
-75.62677,29,22.028961
-62.179977,45,22.101454
-58.877056,57,22.129842
-60.107243,47,22.342888
-41.599545,63,22.342888
-62.472137,50,22.37316
-50.768486,53,22.564793
-57.969902,39,22.616132
-169.19179,39,22.616132
-73.99772,34,22.663515
-63.65309,51,22.685703
-42.17123,47,22.887752
-75.0932,33,22.939032
-69.31035,32,22.939032
-38.751522,58,23.038918
-62.601387,47,23.160829
-83.77189,20,23.179837
-66.40636,36,23.248537
-49.688763,49,23.27075
-63.67582,38,23.298888
-51.29082,56,24.086891
-69.66552,37,24.207021
-34.667282,75,24.255294
-41.234726,62,24.468421
-29.385706,76,24.871634
20.26925,130,24.932095
-34.743786,67,25.012684
-12.034371,99,25.084599
-75.74528,30,25.214461
-15.135373,81,25.245564
41.95897,144,25.245564
-18.94134,101,25.506072
-20.393223,98,25.534228
-8.75718,96,25.677682
-73.62807,24,25.677682
-18.60556,103,25.791401
25.500353,133,26.020911
-41.36312,68,26.020911
-60.214123,45,26.051044
-53.654125,47,26.272439
-57.943947,38,26.312661
-41.727005,56,26.477568
53.83513,149,26.541545
-67.749756,37,26.601903
-44.3669,60,26.953992
-47.185688,34,27.086761
39.42832,110,27.11689
5.670863,106,27.165245
-84.912315,31,27.277791
-71.981094,32,27.277791
-56.073772,50,27.338052
-22.753796,65,27.497133
-35.845848,62,27.577441
-67.08376,36,27.630937
-31.110645,67,27.732175
-65.31336,62,27.933151
-42.575253,95,28.054327
-45.263657,57,28.184241
-69.0267,35,28.184241
-76.826,34,28.26535
-83.44488,21,28.325595
-71.484665,25,28.34569
-66.91799,40,28.436688
-34.036034,55,28.567031
-80.15453,25,28.61853
-66.623566,38,28.645648
-43.541527,50,28.748219
-28.991936,63,28.869471
-32.94042,81,28.929773
-37.228657,99,28.960914
-78.14753,23,29.040393
-70.953735,34,29.098853
-79.34542,32,29.16236
-76.77761,21,29.191543
-50.83967,42,29.384091
-30.22084,72,29.453406
-43.766144,54,29.484562
-17.46032,96,29.773386
-62.11791,64,30.208393
-74.833084,35,30.256201
-51.656994,61,30.508631
-49.38797,66,30.558053
-48.3289,60,30.726669
-48.29498,73,31.012554
-7.813068,94,31.093244
-39.899296,85,31.264172
30.03843,118,31.456287
-1.9826643,96,31.456287
-73.70692,32,31.58741
-48.236923,53,31.638601
-39.341835,113,31.729125
-19.824398,86,31.729125
-53.123413,54,32.07234
-60.217316,36,32.07234
-23.055172,114,32.223803
-25.653334,68,32.384113
-73.75163,30,32.413337
-71.540535,37,32.475787
12.312071,107,32.648727
-69.71908,46,32.981635
-59.360027,56,32.981635
-82.516594,22,33.009952
-43.944782,65,33.042092
55.4003,189,33.224611
9.281475,110,33.251798
-64.83515,44,33.395688
-37.946415,64,33.446017
-69.74222,37,33.446017
-46.887363,65,33.765185
-4.2053733,82,33.818685
64.82493,164,33.818685
23.42147,108,33.8679
-79.29103,36,33.899184
-49.952045,61,34.18982
-58.14704,49,34.451653
-1.7777708,100,34.62364
-54.08886,67,34.672868
-34.421337,74,34.882319
-55.809677,49,35.015289
-56.547718,51,35.015289
-43.24722,65,35.044124
-31.400322,87,35.146167
-59.56822,81,35.21672
-50.504757,55,35.256929
-33.985184,76,35.330142
-63.896145,40,35.446576
-73.75013,34,35.469286
-49.0995,57,36.647325
80.473076,183,37.006452
5.109667,130,37.060559
48.12754,149,37.119325
-13.91324,129,37.422683
-7.51437,96,37.442811
-6.8811803,145,37.502126
-15.3988695,100,37.5505
-48.5298,91,37.5505
-3.2198262,103,37.654086
-17.671036,113,37.725562
-87.201675,45,37.815311
-31.861712,96,37.886695
-7.0922794,104,37.95643
-74.42439,20,37.95643
-10.441047,114,38.0371
-89.000114,19,38.0371
21.956757,135,38.088065
-33.79925,105,38.14877
-48.156895,48,38.248631
-62.510117,48,38.299032
-73.59384,34,38.531432
-78.35957,41,38.773478
-41.62575,58,38.89302
-75.354294,47,39.064225
-49.376408,61,39.497978
-76.87836,80,39.820302
-42.620995,62,39.849443
-11.893331,107,40.252338
-19.338211,91,40.333742
-26.356247,127,40.333742
-40.428146,64,40.514162
0.08011651,109,40.723398
-53.368393,54,40.866524
10.352463,134,40.887609
12.22535,111,40.957926
-93.4489,38,41.256844
-79.95743,24,41.571163
5.289502,110,41.571163
12.317979,138,41.601165
-76.91079,29,41.661423
-82.48636,22,41.813702
-80.23651,45,42.089281
-50.69013,67,42.333685
-76.90666,28,42.394177
54.86789,168,42.426871
-48.26362,78,42.473106
-14.611045,151,42.49713
16.064705,143,42.910547
-85.25586,39,43.283384
13.657944,106,43.313581
-22.518126,93,43.384262
73.82846,196,43.536051
18.747091,140,43.746599
-71.190346,36,44.019125
-38.609673,53,44.077292
-24.92692,82,44.130666
-57.698513,77,44.159806
49.957157,155,44.211073
-35.430466,61,44.321274
-69.06103,35,44.321274
22.435154,94,44.411841
-77.37254,32,44.462217
-66.15265,40,44.540566
-35.01341,75,44.643031
-60.4705,48,44.68329
-27.67515,81,44.721581
-63.32885,37,44.774338
-53.57707,85,44.90286
-74.45526,22,45.003568
-77.53211,42,45.265925
-73.83056,34,45.366735
-49.39974,54,45.459394
-73.120766,29,45.489532
-45.753616,48,45.489532
-57.06366,45,45.517658
-72.966095,33,45.569881
-62.931873,54,45.60003
36.675983,146,45.750804
-59.02585,49,45.944413
-69.74792,31,46.091141
-47.43014,59,46.121408
-69.78364,30,46.424635
-70.39623,35,46.48297
-71.20988,32,46.686935
-53.05597,48,46.727545
-36.903446,84,47.200689
-2.3920937,105,47.31044
-58.91289,66,47.582007
10.770666,124,47.612351
-94.31275,38,47.955464
24.111898,130,48.730192
-65.133804,42,48.923375
-17.29606,98,48.989948
-58.53795,46,49.024094
72.037704,120,49.153032
17.532238,155,50.139753
-52.932636,52,50.209171
20.019459,195,50.633452
65.688774,157,51.073574
31.631205,185,51.971591
75.90299,150,52.072146
27.436693,122,52.162875
87.6138,213,52.162875
-73.8124,81,52.223505
283.8103,250,52.524331
138.40099,229,52.603941
92.995804,195,52.696568
25.808134,151,53.008334
138.5684,240,53.169042
-6.8647485,118,53.270866
310.9323,250,54.054893
-43.94873,57,54.195883
77.21688,203,54.327033
-6.457832,96,54.649116
-14.946459,106,54.790088
-1.238229,92,55.346096
112.009056,241,55.395717
-31.583628,85,55.426432
2.8039558,95,55.566792
13.908939,121,55.617139
-30.275812,61,55.707629
-56.267605,41,55.818488
95.171974,204,55.869613
5.139034,150,56.059948
-15.441552,95,56.454185
-14.225336,89,56.584035
65.1683,159,56.684823
-33.371418,56,56.866353
98.05413,186,56.938098
-36.16832,64,57.20858
-42.17162,68,57.459998
201.82924,250,57.459998
4.9763384,131,58.023189
-54.642624,46,58.166712
-47.859932,63,58.37487
237.16469,250,58.46865
59.925945,143,59.182907
-14.008293,96,59.213049
353.4688,250,62.164337
261.88458,250,62.385621
268.36722,250,62.598289
311.53186,250,62.64766
251.42584,250,62.819719
275.1583,250,63.192115
146.68335,195,63.4654
323.5602,250,63.615538
174.94637,233,63.79682
338.09146,250,64.000037
343.66504,250,64.261046
318.25827,250,64.752399
318.44086,250,65.047378
332.57132,250,65.126785
275.24216,250,65.771635
296.82065,250,65.800757
28.057188,127,66.847221
-70.114075,51,68.117426
313.71048,250,68.585671
16.33834,111,68.666031
37.86429,138,68.693147
72.5777,216,68.77633
274.54922,250,68.836682
194.16002,250,69.028971
104.39546,204,69.056145
317.3495,250,69.088384
205.85048,243,69.088384
80.976074,189,69.118606
92.71809,158,69.149348
138.52849,205,69.299663
251.71925,250,69.977117
242.27177,250,71.320286
-13.5627365,104,71.382291
16.18068,130,72.258017
183.18887,249,72.298363
23.53039,134,72.326571
283.73532,250,75.01062
289.05615,250,75.524429
291.93842,250,75.555101
312.82315,250,75.93833
299.28522,250,75.976533
295.3189,250,76.007698
363.65637,250,76.007698
332.897,250,76.038047
270.79892,250,76.078142
291.2166,250,76.207834
344.11414,250,76.822122
-48.773773,56,77.063735
118.77538,179,77.344527
320.91855,250,78.24329
270.66235,250,78.334847
289.95013,250,79.221142
334.57385,250,79.241244
292.83627,250,81.646137
258.6859,250,82.106453
279.61722,250,82.468878
352.2655,250,82.491242
277.8423,250,82.522551
310.99146,250,82.522551
328.9203,250,82.551743
278.92538,250,82.571832
307.24042,250,82.721053
325.22443,250,83.329968
305.26456,250,83.538634
282.8864,250,83.800118
266.28394,250,84.575233
283.84424,250,84.645661
-30.783245,79,84.674808
118.00954,240,85.310838
9.20936,112,85.390578
301.8866,250,85.539796
322.4889,250,88.066861
281.46817,250,88.525733
360.2879,250,88.881236
348.58755,250,88.91252
306.25317,250,88.939699
342.36856,250,88.939699
361.827,250,88.961871
367.8168,250,89.72885
316.15213,250,89.981454
276.68527,250,90.293846
324.11777,250,91.273426
309.1472,250,91.363024
325.3171,250,91.413011
288.9788,250,92.238997
366.82953,250,92.320559
269.31815,250,92.470854
327.5545,250,94.8771
325.24744,250,95.328271
338.53445,250,95.692873
351.2636,250,95.731112
312.78732,250,95.761307
303.65222,250,95.761307
269.5189,250,95.784434
295.19727,250,96.567328
290.7086,250,96.801156
325.0541,250,97.073142
287.99173,250,97.828772
271.992,250,97.920193
254.21764,250,97.949301
291.34338,250,98.585239
235.46123,250,98.664943
340.89285,250,98.815982
274.0743,250,101.241793
235.62436,250,101.677137
409.15335,250,102.010145
289.1938,250,102.037256
312.1627,250,102.070486
272.67365,250,102.070486
251.96165,250,102.09964
-76.23584,35,102.09964
322.6632,250,102.885185
244.67917,250,103.106878
225.51523,250,103.356461
215.61131,250,104.183965
351.4673,250,104.289216
245.07538,250,104.32781
358.55942,250,105.001003
260.7332,250,105.072386
402.3417,250,105.222401
250.13881,250,108.877143
229.71368,250,109.328859
275.48035,250,109.36944
326.32962,250,109.409768
318.30096,250,109.409768
299.28888,250,109.440454
225.27011,250,109.440454
47.475704,151,109.844238
267.75186,250,110.355414
387.90222,250,110.595009
347.78024,250,110.859176
309.3863,250,111.633621
331.28683,250,111.7142
244.3269,250,111.755388
273.31992,250,112.418367
295.1049,250,112.640096
168.7349,199,114.735859
283.2504,250,115.582753
318.5648,250,115.934024
332.2053,250,115.964182
335.65143,250,115.995345
352.3086,250,115.995345
316.26114,250,116.024626
272.21442,250,116.367957
328.7492,250,116.811427
283.73236,250,117.033143
387.75647,250,117.284863
348.4251,250,118.058838
354.1248,250,118.121271
296.9731,250,118.152461
352.24454,250,118.776599
344.02155,250,118.9953
404.70093,250,120.981514
394.75232,250,121.855664
282.3105,250,122.277082
403.01105,250,122.31975
344.10944,250,122.358372
371.32663,250,122.358372
346.03433,250,122.388588
312.32584,250,122.813134
393.0254,250,123.328591
297.64313,250,123.618259
277.88058,250,123.921321
258.00452,250,124.796654
344.5662,250,124.867693
316.28046,250,124.897372
354.16995,250,125.532536
319.60956,250,125.784454
344.1488,250,127.819179
334.35938,250,128.715819
319.48843,250,129.088089
368.27487,250,129.116232
353.21506,250,129.148857
350.05505,250,129.148857
371.32178,250,129.18764
344.76434,250,129.532935
323.29834,250,129.95678
348.46945,250,130.187167
334.9764,250,130.449911
335.84552,250,131.225102
315.57526,250,131.294452
331.9515,250,131.325607
304.6493,250,131.969731
302.8771,250,132.19367
360.9275,250,134.168175
339.40704,250,135.023725
366.36288,250,135.396552
314.72946,250,135.416656
234.1178,250,135.457911
304.1748,250,135.457911
315.16858,250,135.48706
335.72086,250,135.829966
347.30933,250,136.264285
297.70853,250,136.487023
331.88315,250,136.737222
408.5658,250,137.550744
318.9536,250,137.612955
387.2076,250,137.65434
310.12216,250,138.398022
295.74902,250,138.661387
311.95435,250,140.957512
345.2976,250,141.800957
358.9084,250,142.163426
287.0611,250,142.195626
278.82678,250,142.226103
302.2459,250,142.226103
333.52994,250,142.255731
288.2004,250,142.607873
271.20816,250,143.03918
280.6221,250,143.300959
305.94492,250,143.552922
271.0582,250,144.379123
304.09064,250,144.452694
239.47087,250,144.482837
349.9561,250,145.096198
361.46036,250,145.308142
292.92688,250,147.290793
96.560646,173,147.883259
308.37204,250,148.116966
344.55798,250,148.480499
278.7611,250,148.510679
295.6193,250,148.540924
339.3505,250,148.540924
335.96692,250,148.56915
250.14687,250,148.911774
362.08856,250,149.338933
299.0463,250,149.56796
320.76755,250,150.605704
345.4275,250,150.697119
314.71082,250,150.724322
304.67688,250,151.380618
340.0865,250,151.635926
293.6723,250,153.707926
262.98776,250,154.420766
310.35428,250,154.723253
316.1298,250,155.157189
310.17953,250,155.198485
354.41608,250,155.227666
353.7426,250,155.227666
297.17227,250,155.257845
339.6075,250,155.662486
332.73233,250,156.153282
321.73108,250,156.397065
294.08615,250,157.41487
343.07758,250,157.495548
329.52747,250,157.523694
310.27646,250,158.201051
289.42398,250,158.42039
85.480095,183,160.005346
242.51834,250,160.497929
318.5831,250,161.092899
297.28632,250,161.336464
223.72298,250,161.676195
206.62703,250,161.737075
383.16882,250,161.737075
211.65211,250,161.764791
264.15457,250,162.117885
253.31325,250,162.563144
241.80252,250,162.784517
298.89682,250,163.839763
322.60065,250,163.913423
311.30023,250,163.94261
316.56067,250,164.586441
311.32718,250,164.881431
233.24144,250,166.805364
268.59732,250,167.40746
295.14938,250,168.201182
297.93155,250,168.523853
283.11884,250,168.977067
329.0967,250,169.037265
385.791,250,169.037265
338.3437,250,169.065403
307.4526,250,169.573314
384.3351,250,170.139547
268.0767,250,170.448716
334.45004,250,171.742708
323.90314,250,171.84376
343.71426,250,171.873411
381.3303,250,172.57862
329.88513,250,172.810207
272.03122,250,174.588507
291.09747,250,175.069562
321.37122,250,175.734151
312.59393,250,175.994163
390.6595,250,176.367078
380.70856,250,176.429469
359.39374,250,176.429469
338.95145,250,176.459767
272.06924,250,176.840795
365.31622,250,177.274637
309.0276,250,177.516407
331.68628,250,178.573884
286.68112,250,178.654409
305.81418,250,178.684614
364.04248,250,179.316395
321.58365,250,179.550391
218.845,233,180.718698
360.42136,250,181.616428
339.94046,250,182.259765
375.82364,250,182.519221
368.60764,250,182.885383
339.78726,250,182.952709
273.41876,250,182.952709
328.16232,250,182.974843
338.5397,250,183.337381
303.98282,250,183.81258
259.684,250,184.124193
320.06094,250,185.191768
305.7641,250,185.273427
343.93658,250,185.30275
233.75777,250,185.958972
335.96036,250,186.258474
324.71768,250,187.589537
347.23776,250,188.606669
333.9743,250,189.250112
325.9865,250,189.510994
360.87778,250,189.875842
270.82828,250,189.927011
288.1864,250,189.927011
340.1398,250,189.966254
314.9817,250,190.347398
271.1004,250,190.792346
329.4799,250,191.024073
-39.02262,73,191.17509
-21.437918,88,191.829395
286.74915,250,192.092054
337.0619,250,192.170494
253.1486,250,192.201427
-53.821644,51,192.534399
217.89835,250,192.895889
233.696,250,193.118691
343.79718,250,194.276636
103.75412,187,194.880465
328.54306,250,195.182485
319.88828,250,196.370987
263.80988,250,196.431308
312.4231,250,196.431308
254.74141,250,196.831958
309.61505,250,197.258044
338.73697,250,197.478096
230.88284,250,198.273837
317.48514,250,198.545923
264.98758,250,198.617367
329.49277,250,198.646648
284.43213,250,198.959544
282.02936,250,199.322779
251.97815,250,199.562078
42.759773,140,200.503566
248.71373,250,200.824697
334.07462,250,201.429157
298.68976,250,201.741093
341.94553,250,203.230305
242.72379,250,203.29067
301.84778,250,203.29067
56.218857,142,203.673434
300.0101,250,204.245263
301.4763,250,204.469465
347.54916,250,205.265143
336.31683,250,205.535249
334.0103,250,205.607765
342.91013,250,205.638899
289.57816,250,205.950017
351.8936,250,206.292063
321.1618,250,207.459438
308.44794,250,207.751606
322.47202,250,208.33433
381.42944,250,208.656627
105.567024,241,209.706962
344.98804,250,209.897202
306.99323,250,209.957644
320.92697,250,210.267803
314.6406,250,210.823644
329.3619,250,211.064328
299.63464,250,211.859551
363.71927,250,212.10134
295.8425,250,212.191874
303.0733,250,212.222039
326.44125,250,212.533827
288.66922,250,212.887029
360.89078,250,213.983666
330.4636,250,214.255922
364.28204,250,214.829026
324.62042,250,215.151248
380.26346,250,216.219221
350.94064,250,216.390351
346.20966,250,216.447687
306.74557,250,216.749451
336.43332,250,217.245394
320.5531,250,217.497127
306.31354,250,218.38368
387.9841,250,218.675057
327.89792,250,218.773577
240.87827,250,218.795726
295.59918,250,219.175884
306.19955,250,219.581961
356.30563,250,220.932462
290.4158,250,221.186235
321.04398,250,221.761457
211.37022,250,222.094289
329.39755,250,223.150782
287.1973,250,223.334881
270.59836,250,223.382318
267.38718,250,223.715168
103.49594,183,223.917097
275.29004,250,224.248835
285.75287,250,224.490319
353.18442,250,225.292392
279.34747,250,225.564368
280.7766,250,225.634802
286.32333,250,225.96894
289.5089,250,226.341817
339.71902,250,227.701234
355.44104,250,228.003596
288.80676,250,228.737417
303.9281,250,229.102281
299.98743,250,230.298058
342.0052,250,230.483836
336.96796,250,230.539345
339.8475,250,230.862106
328.156,250,231.033097
303.32538,250,231.375197
327.10208,250,231.617216
323.07556,250,232.471493
290.4251,250,232.744855
246.00673,250,232.834316
347.24857,250,233.178075
335.02713,250,233.508218
356.81595,250,234.870281
318.8539,250,235.181635
359.55704,250,235.887385
276.8605,250,236.229771
191.65501,227,237.306361
309.5429,250,237.357587
368.95053,250,237.548697
281.82782,250,237.607125
309.92294,250,238.10509
359.11356,250,238.466873
355.61377,250,238.688324
328.37134,250,239.50499
373.06314,250,239.756046
319.7879,250,239.847602
362.2789,250,240.216957
375.03915,250,240.55144
331.56003,250,241.68066
155.9106,224,241.871845
400.88934,250,241.97244
333.0657,250,242.859618
137.75763,215,243.25226
371.69336,250,243.866228
291.02213,250,243.935117
406.28882,250,244.129045
324.7324,250,244.662748
368.51068,250,244.975353
301.1529,250,245.205788
323.8017,250,246.041628
309.93106,250,246.293542
330.11288,250,246.364986
347.7154,250,246.724707
311.1494,250,247.068714
78.19598,166,247.190454
319.688,250,248.207455
283.03815,250,248.386539
304.67844,250,248.458949
337.87595,250,249.807521
277.39453,250,250.554356
298.86987,250,250.633717
164.43091,202,250.68616
311.729,250,250.839988
306.17993,250,251.511252
-67.40336,37,251.855866
331.7875,250,251.926324
74.36992,166,253.002998
271.23572,250,253.031263
276.9856,250,253.274764
314.953,250,253.355314
334.9751,250,253.678293
298.84964,250,254.020282
279.13495,250,254.151307
245.8258,250,255.359555
287.66904,250,255.440829
103.16561,167,256.285089
284.93073,250,256.752062
304.6661,250,257.41597
321.6034,250,257.466346
299.47073,250,257.657434
23.758717,151,258.020389
335.4333,250,258.22208
313.47095,250,258.584677
278.32974,250,259.559269
314.85202,250,259.581377
269.74213,250,259.85568
324.25458,250,259.945317
318.7714,250,260.296193
313.00958,250,260.761166
316.81497,250,262.065119
321.4761,250,262.142761
378.00836,250,262.972869
361.68365,250,263.536794
102.88951,153,263.832474
276.69702,250,264.212367
258.47726,250,264.262713
357.8062,250,264.446289
248.1793,250,264.809009
376.78275,250,265.010436
299.96463,250,265.337679
228.98114,207,265.612417
281.08258,250,266.49282
278.3176,250,266.904652
316.11,250,267.42702
360.80557,250,268.003927
322.57986,250,269.241141
320.26587,250,269.322684
309.38455,250,270.177347
356.0517,250,270.663241
296.01892,250,270.933659
349.38718,250,271.348276
308.03253,250,271.408483
339.30554,250,271.633886
373.78427,250,272.102378
248.24907,250,272.293603
301.29608,250,272.682629
339.99066,250,272.967907
343.33664,250,273.71868
345.12415,250,274.021946
240.91109,250,274.454117
283.5433,250,274.937769
102.69699,170,276.04265
304.66998,250,276.126047
357.22128,250,276.215431
408.99548,250,277.068956
294.48892,250,277.534202
319.87164,250,277.795757
324.42786,250,278.228208
288.02063,250,278.409413
390.32193,250,278.791531
295.611,250,278.973178
324.6015,250,279.315152
320.64163,250,279.576881
272.18527,250,280.351291
284.66125,250,280.643933
417.24918,250,281.1179
303.5698,250,281.620935
355.0626,250,282.903669
323.5537,250,283.014292
374.22754,250,283.095996
371.1417,250,284.123126
320.21225,250,284.618139
319.20602,250,284.880245
349.95056,250,285.302395
348.548,250,285.483186
306.22076,250,285.877415
353.4698,250,286.098357
350.28964,250,286.51869
278.10397,250,286.835338
413.60718,250,287.769747
388.6706,250,288.142692
384.34164,250,288.645282
366.44116,250,289.249078
332.24652,250,290.417995
274.12317,250,290.506493
320.87723,250,290.579001
122.04946,174,291.14289
318.13123,250,291.431572
197.80577,207,291.645008
281.1574,250,291.896956
308.90167,250,292.17846
368.7141,250,292.592297
380.00446,250,293.356954
130.48038,165,293.658554
343.40878,250,293.687835
279.49353,250,293.970057
309.6871,250,294.735925
299.65796,250,295.015072
123.50434,181,295.299418
338.12424,250,295.420199
335.6023,250,296.981641
361.2843,250,297.142085
346.5032,250,297.696511
350.60815,250,297.99949
324.6535,250,298.259599
332.4761,250,298.65258
343.16968,250,298.968774
368.8088,250,299.48452
300.22986,250,300.374881
299.42868,250,300.694802
309.15652,250,300.725071
392.00537,250,300.97911
12.960055,104,301.214816
291.8082,250,301.795841
99.02984,170,302.016901
345.23474,250,302.097288
321.30737,250,302.397646
358.94894,250,302.54087
130.15335,218,303.489178
347.26462,250,304.917645
415.20465,250,305.420696
332.71823,250,305.67346
406.28635,250,305.953097
372.127,250,306.37904
340.48077,250,307.117022
354.48218,250,307.419459
368.89255,250,307.448651
377.42465,250,307.710112
327.5835,250,307.951463
386.78552,250,308.496251
339.04285,250,308.699327
413.40268,250,308.789876
300.9489,250,309.081165
344.76804,250,309.222462
309.3158,250,310.129717
348.7261,250,311.510093
17.570848,98,311.803147
334.85574,250,312.043867
322.43353,250,312.315978
374.5913,250,312.578705
324.82248,250,312.975849
266.22812,250,313.715124
313.2273,250,314.050217
257.182,250,314.079387
342.47552,250,314.40119
329.36453,250,314.703551
327.55673,250,315.331171
336.38168,250,315.559058
321.01453,250,315.677637
376.73514,250,316.012275
358.69492,250,317.109728
329.83957,250,318.489813
344.49948,250,318.772335
345.14847,250,319.013368
388.58728,250,319.274518
373.9886,250,319.564323
358.03354,250,319.977328
233.52496,222,319.977328
335.92017,250,321.068027
321.24283,250,321.108238
-13.317293,87,321.138378
304.4485,250,321.379809
357.68896,250,321.629505
291.80746,250,322.154824
348.98993,250,322.376091
-52.88148,47,322.404349
326.4018,250,322.467045
332.35187,250,322.739362
316.93637,250,323.756559
334.67322,250,325.105247
329.84406,250,325.596437
272.308,250,325.841223
358.5021,250,326.112209
361.81,250,326.536173
298.07782,250,326.536173
189.34123,224,327.401259
331.59277,250,327.559925
356.87067,250,327.583051
295.01108,250,327.853979
194.99069,237,328.475084
335.79272,250,328.627835
327.20697,250,328.859381
31.58955,117,328.91789
300.4444,250,328.91789
299.3074,250,329.201808
346.29544,250,330.319126
341.3446,250,331.981473
352.23276,250,332.545166
328.15015,250,333.058796
372.9971,250,333.471388
319.03766,250,333.471388
295.55017,250,334.347551
355.68747,250,334.496694
333.92404,250,334.518921
341.20624,250,334.800806
385.8806,250,335.455534
345.49756,250,335.584376
359.4147,250,335.825774
392.99783,250,335.889381
328.91675,250,335.889381
311.65408,250,336.173517
313.08664,250,337.201608
314.43085,250,338.570756
310.37695,250,339.063826
355.67923,250,339.6668
377.1406,250,340.153802
328.4127,250,340.153802
354.28867,250,341.334053
349.34378,250,341.546676
367.15063,250,341.581827
349.53998,250,341.933188
341.18735,250,342.729464
367.484,250,342.880179
366.38098,250,343.153699
378.28552,250,343.214228
322.69516,250,343.214228
350.74527,250,343.547545
371.45667,250,344.75429
303.7206,250,346.738939
326.1459,250,347.433785
327.4496,250,348.200126
305.85294,250,348.752628
358.29196,250,348.752628
347.8483,250,349.780017
294.12613,250,349.972156
337.0292,250,350.012713
266.66284,250,350.323578
421.59448,250,350.939666
268.5235,250,351.06163
351.81674,250,351.341325
334.61856,250,351.403495
272.35846,250,351.403495
348.27127,250,351.702887
311.0268,250,352.801613
351.92215,250,354.21078
376.95013,250,354.731658
373.10983,250,355.247938
380.21222,250,355.652185
340.48276,250,355.652185
352.06924,250,356.665567
376.66248,250,356.848763
368.5481,250,356.879927
361.9762,250,357.210978
343.9109,250,357.955426
395.09665,250,358.096237
164.96477,231,358.194979
294.8302,250,358.355809
302.88327,250,358.409175
341.65427,250,358.409175
370.65524,250,359.897367
300.83774,250,361.285413
337.03687,250,361.866865
295.03244,250,362.507404
322.57138,250,363.03124
321.63727,250,363.03124
247.90613,250,364.068944
340.91055,250,364.271051
282.26852,250,364.310211
335.74722,250,364.594657
395.525,250,365.337914
355.7171,250,365.46853
281.34683,250,365.557184
284.064,250,365.73851
342.25803,250,365.800958
313.72333,250,365.800958
93.54278,129,365.861448
333.90732,250,367.130606
285.52563,250,368.540252
320.48123,250,369.567917
318.05957,250,370.017864
364.67093,250,370.017864
332.03937,250,371.018169
385.1052,250,371.18953
373.91498,250,371.21973
421.43964,250,371.471555
336.25162,250,372.106318
370.69272,250,372.235035
354.77365,250,372.318664
397.7963,250,372.488594
334.86322,250,372.548998
309.95474,250,372.548998
334.74072,250,372.609125
372.18884,250,373.857371
327.956,250,375.196888
321.9388,250,376.185086
344.8316,250,376.617256
402.54364,250,376.617256
377.16428,250,377.48372
395.85202,250,377.636382
315.34067,250,377.665577
388.84894,250,377.936846
374.22388,250,378.662015
386.7535,250,378.813953
370.2738,250,378.923591
347.8789,250,379.155675
329.50006,250,379.246723
376.47314,250,379.246723
340.91647,250,379.334189
324.32666,250,380.862192
291.11353,250,382.252874
177.73381,220,382.927031
325.71167,250,383.299834
336.15823,250,383.740801
332.01547,250,384.618751
419.4383,250,384.797883
262.59418,250,384.831113
331.8233,250,385.092019
310.7826,250,385.736603
372.7024,250,385.877887
405.7207,250,385.947974
369.99338,250,386.108901
382.72186,250,386.160238
388.1447,250,386.160238
442.01486,250,386.227745
11.526094,99,387.429402
397.59528,250,387.479342
-39.16239,58,387.720821
445.0026,250,388.877665
407.92996,250,389.50185
394.52472,250,389.853871
362.2697,250,390.29692
61.449703,134,391.031548
339.2966,250,391.242949
397.27292,250,391.404818
323.39185,250,391.676191
363.9523,250,392.287921
386.73956,250,392.411153
366.48978,250,392.492293
304.072,250,392.642814
420.90805,250,392.693516
340.19257,250,392.693516
371.11148,250,393.990279
421.99545,250,394.312518
347.4526,250,395.702072
360.2486,250,396.459636
390.11887,250,396.917726
356.0739,250,397.356449
339.79724,250,398.053274
413.5559,250,398.262369
413.97537,250,398.435622
348.26154,250,398.715499
415.83105,250,399.37038
341.08395,250,399.501848
389.20676,250,399.582109
440.52463,250,399.743366
423.53,250,399.804164
360.74734,250,399.804164
351.50684,250,401.102296
379.95242,250,401.384692
340.02267,250,402.503946
424.50647,250,403.148866
415.18094,250,403.517485
346.06348,250,403.953477
368.36072,250,404.608292
355.1146,250,404.818857
380.09763,250,404.990054
319.22794,250,405.283163
363.4941,250,405.907514
378.67163,250,406.076609
338.94238,250,406.179093
339.26956,250,406.377984
408.86313,250,406.440565
405.79578,250,406.440565
340.16867,250,407.94112
341.92133,250,408.29426
392.96893,250,409.612209
412.37158,250,410.340396
364.4727,250,410.762669
348.9552,250,411.283269
351.53787,250,412.100344
351.56366,250,412.372119
379.48523,250,412.533773
380.3811,250,412.836943
350.85663,250,413.489981
344.5823,250,413.639999
362.608,250,413.731993
266.10312,250,413.913163
406.64743,250,413.973182
386.06696,250,413.973182
386.5895,250,415.26394
264.45352,250,415.556965
351.77072,250,416.743419
423.8613,250,417.389442
330.60233,250,417.753102
442.91055,250,418.175974
359.75287,250,418.820525
285.49783,250,419.041146
424.91986,250,419.192051
392.58554,250,419.474936
358.601,250,420.07853
368.45172,250,420.229757
427.57666,250,420.300127
352.3238,250,420.451652
304.07654,250,420.512036
356.61728,250,420.512036
349.82504,250,421.861674
342.60635,250,422.144276
358.16046,250,423.30923
361.41837,250,423.965771
452.65604,250,424.348451
339.7483,250,424.770071
377.29782,250,425.426965
410.9615,250,425.628058
409.23996,250,425.78874
395.21783,250,426.102292
394.82086,250,426.816888
382.66235,250,426.977815
372.7941,250,427.079219
393.34985,250,427.278901
283.07553,250,427.334309
367.77026,250,427.334309
373.99567,250,428.76104
399.74844,250,429.063674
410.0041,250,430.191653
351.72995,250,430.845229
263.50934,250,431.239064
430.7728,250,431.668625
314.39352,250,432.356592
403.06244,250,432.588975
337.65143,250,432.757258
414.69708,250,433.032432
358.66983,250,433.636734
407.27222,250,433.776565
298.05487,250,433.857211
338.54904,250,434.019178
384.92307,250,434.076537
372.60715,250,434.076537
365.40283,250,435.38491
403.88568,250,435.666293
365.31976,250,436.856898
403.4003,250,437.519885
376.323,250,437.865315
316.1864,250,438.287986
369.2247,250,438.941061
439.1944,250,439.152083
439.5329,250,439.322802
407.5136,250,439.604118
451.89227,250,440.24057
354.12585,250,440.370577
360.6545,250,440.451101
389.84897,250,440.623013
412.74902,250,440.69359
420.38904,250,440.69359
391.511,250,441.98441
365.6564,250,442.316373
403.0106,250,443.708281
383.3103,250,444.462934
368.1026,250,444.84548
373.9386,250,445.268863
372.77084,250,445.984344
365.9796,250,446.215611
373.4714,250,446.367686
353.23972,250,446.676871
431.19666,250,447.262327
462.29797,250,447.414323
341.36853,250,447.512173
445.50848,250,447.675009
343.25183,250,447.73549
318.80463,250,447.73549
15.085191,81,448.83288
386.61896,250,449.05521
419.90164,250,449.34847
97.82963,154,450.464575
416.18643,250,450.495804
382.94122,250,451.118501
398.53793,250,451.530843
447.15222,250,451.966704
394.12366,250,452.630299
341.99518,250,452.839671
381.29,250,453.922211
337.78568,250,454.060606
399.7294,250,454.130438
388.10803,250,454.301393
391.7983,250,454.362169
430.9568,250,454.362169
376.7277,250,455.410498
374.58575,250,455.612366
451.0074,250,455.903123
363.5794,250,457.053495
420.2625,250,457.097096
446.6329,250,457.838383
401.2549,250,458.271397
392.08377,250,458.785809
396.20566,250,459.726696
427.29892,250,459.968086
422.90482,250,461.085997
456.2216,250,461.228924
443.3606,250,461.307749
421.07422,250,461.461252
422.25122,250,461.531284
384.62708,250,461.531284
417.19513,250,462.70423
350.24982,250,462.918192
375.44766,250,463.199696
359.92825,250,464.36824
372.4963,250,464.399185
422.80524,250,465.064381
421.85443,250,465.436994
361.61603,250,465.859829
284.35767,241,466.323098
376.70532,250,466.955909
418.641,250,468.250278
448.50555,250,468.410131
418.766,250,468.511956
440.12708,250,468.702651
414.5674,250,468.772649
402.12732,250,468.772649
399.0004,250,470.020786
432.3712,250,470.232471
385.71313,250,470.545339
453.05667,250,471.711923
375.64917,250,471.742093
69.21232,123,472.248293
438.37534,250,472.409361
385.7493,250,472.802176
392.96378,250,473.223321
391.8009,250,473.67791
435.9002,250,474.158549
383.6205,250,475.388265
425.24368,250,475.547292
343.87097,250,475.649801
433.42783,250,475.841177
333.85022,250,475.919579
460.4229,250,477.158284
389.7514,250,477.379116
420.58075,250,477.670999
448.33774,250,478.798807
436.041,250,478.818929
376.77036,250,479.302127
428.71393,250,479.453688
365.43417,250,479.83394
425.50217,250,480.249084
423.47354,250,480.722607
335.6617,250,481.186474
368.52084,250,482.234548
396.27646,250,482.374315
387.68628,250,482.465024
384.34454,250,482.636339
420.3117,250,482.684489
464.32858,250,483.745079
464.61832,250,483.936217
381.16574,250,484.228807
418.88382,250,485.338475
419.14487,250,485.365633
458.32443,250,485.860159
359.39578,250,486.020019
359.21735,250,486.3726
420.88376,250,486.78545
416.2427,250,487.257754
397.54865,250,487.703716
393.68036,250,488.772073
424.6489,250,488.912914
396.85257,250,488.993046
399.7522,250,489.153666
449.53113,250,489.212024
224.60901,204,489.284404
444.92715,250,490.323262
382.64313,250,490.927436
438.32895,250,492.215923
458.18207,250,492.246185
455.72482,250,492.730224
397.57043,250,492.89102
395.84375,250,493.290689
391.40433,250,493.796075
421.24814,250,494.272745
434.48163,250,494.715447
447.1941,250,495.822757
464.56744,250,495.973034
453.54498,250,496.053494
445.38324,250,496.224746
479.00818,250,496.275052
437.636,250,496.359701
470.32556,250,497.373046
427.74866,250,497.876621
356.92407,250,499.006197
470.5499,250,499.036317
433.38345,250,499.509911
455.53687,250,499.6723
380.02737,250,500.033674
401.82822,250,500.467048
416.75998,250,500.880072
416.77545,250,501.323078
447.36435,250,502.391679
408.22226,250,502.533229
427.8978,250,502.621772
419.27844,250,502.764615
403.36197,250,502.825274
449.9998,250,502.925954
431.20624,250,503.91207
400.60516,250,504.417979
419.8845,250,505.556095
421.58243,250,505.586252
447.34827,250,506.09831
364.00247,250,506.272459
440.05734,250,506.705048
403.7083,250,507.18847
420.4676,250,507.731138
465.63602,250,508.265197
427.75497,250,509.347085
451.21848,250,509.474685
391.695,250,509.550254
439.8005,250,509.696318
433.54852,250,509.766794
454.51407,250,509.848131
451.66708,250,510.845506
392.11322,250,511.369146
455.68088,250,512.595615
428.52283,250,512.618759
446.10797,250,513.119098
439.30435,250,513.283122
499.39005,250,513.635047
438.8046,250,514.047454
456.73752,250,514.471702
474.34433,250,514.934968
390.29883,250,516.002535
463.82123,250,516.132262
485.73303,250,516.232794
421.81317,250,516.383873
391.73917,250,516.443205
428.9219,250,516.522414
343.3901,250,517.511743
363.90518,250,517.995915
536.406,250,519.11077
543.6972,250,519.134099
521.3161,250,519.606552
529.1487,250,519.755574
447.3801,250,520.1705
512.1882,250,520.595028
378.72992,250,521.047379
425.04456,250,521.498444
501.19962,250,522.670805
504.2561,250,522.839864
414.8737,250,522.941691
466.82437,250,523.122097
452.01813,250,523.192236
432.48224,250,523.303543
448.5011,250,524.462097
483.2976,250,524.954877
463.06763,250,526.122918
434.42023,250,526.172657
479.54938,250,526.734095
469.94577,250,526.90701
504.84506,250,527.370061
495.28784,250,527.875508
491.50317,250,528.488453
471.1699,250,529.040927
508.04318,250,530.220796
485.32,250,530.342336
490.8692,250,530.44258
510.0827,250,530.61735
471.11023,250,530.66465
464.39957,250,530.745039
530.6777,250,531.741444
483.05743,250,532.254626
480.1961,250,533.410778
431.26657,250,533.432892
501.5491,250,533.9277
396.5985,250,534.096038
501.70325,250,534.450375
519.55884,250,534.853087
521.08453,250,535.287079
501.76132,250,535.738678
489.4453,250,536.784709
489.85205,250,536.91782
418.52502,250,536.99644
493.29852,250,537.149283
450.79276,250,537.199527
419.56033,250,537.291371
472.27463,250,538.370471
499.66797,250,538.955984
7.7377963,74,539.137061
486.61914,250,540.315047
483.71643,250,540.345232
526.0555,250,540.850016
472.8782,250,541.010514
385.19446,250,541.363896
489.42215,250,541.807482
537.0903,250,542.250509
396.7739,250,542.693124
503.70154,250,543.791524
385.66922,250,543.91261
497.70712,250,544.145689
507.74515,250,544.195018
525.82135,250,544.285553
429.39505,250,545.291928
503.81696,250,545.785883
521.9117,250,545.967512
532.83765,250,546.921994
495.73615,250,546.944127
531.82916,250,547.428863
419.2878,250,547.579444
528.1562,250,547.961542
31.914677,92,548.376103
495.63782,250,548.403759
508.11282,250,548.839847
483.4307,250,549.281538
-8.959409,58,549.876738
23.930933,81,550.10256
453.5482,250,550.390193
409.52322,250,550.528864
496.6212,250,550.752687
384.78528,250,550.810872
418.42715,250,550.893425
503.41467,250,551.87033
495.9816,250,552.344228
482.03476,250,553.460714
457.7535,250,553.493092
491.66788,250,554.108647
520.442,250,554.346483
481.37387,250,555.264181
478.6487,250,555.807065
456.84937,250,556.422398
497.66406,250,557.075174
462.6741,250,557.29164
528.22394,250,557.573641
527.05206,250,557.705552
461.77066,250,557.933899
458.94724,250,557.986678
499.69986,250,558.066834
419.6563,250,559.083707
522.3452,250,559.598554
548.3058,250,560.865101
489.79578,250,560.887269
477.36578,250,561.410957
551.5216,250,561.571961
565.646,250,562.347763
512.6007,250,562.801143
551.29785,250,563.234607
559.4156,250,563.829024
542.9613,250,564.041361
523.1875,250,564.310197
551.0542,250,564.44436
497.3405,250,564.672297
452.4195,250,564.724641
500.1186,250,564.813469
542.10114,250,565.916657
453.81436,250,566.447611
440.51926,250,567.587437
489.29706,250,567.617081
541.6324,250,568.100271
517.6762,250,568.259102
534.29364,250,569.056401
530.25494,250,569.479285
554.45294,250,569.931282
523.98376,250,570.645686
485.6979,250,570.948984
521.8033,250,571.259048
502.58014,250,571.412777
510.90845,250,571.694799
560.3791,250,571.766289
460.62903,250,571.866816
545.44653,250,572.963252
447.08023,250,573.447126
542.0924,250,574.623496
464.52182,250,574.654787
563.88556,250,575.223767
542.2896,250,575.413916
535.2917,250,576.179633
530.221,250,576.642858
423.4408,250,577.106369
499.89438,250,577.671513
486.81097,250,577.873108
429.61667,250,578.152749
486.36404,250,578.28654
524.62695,250,578.528056
492.60037,250,578.577291
532.60706,250,578.657693
521.80695,250,579.644863
524.54895,250,580.128869
523.20154,250,581.215947
601.44885,250,581.254274
548.8588,250,581.760118
436.82443,250,581.918948
498.1866,250,582.693413
574.0664,250,583.13948
530.79944,250,583.571759
534.7024,250,584.15732
564.82806,250,584.368718
474.62216,250,584.630975
441.08868,250,584.752581
519.42163,250,584.974905
588.71423,250,585.034279
511.65326,250,585.125445
582.34125,250,586.162095
516.2995,250,586.887005
588.78265,250,588.481339
507.5375,250,588.512518
543.2986,250,589.125
477.46063,250,589.309256
519.4445,250,590.203296
519.13617,250,590.638268
505.80017,250,591.109181
500.55396,250,591.851004
577.59863,250,592.080701
481.13513,250,592.333978
514.1168,250,592.494853
412.9634,250,592.764399
479.4107,250,592.826783
519.0245,250,592.905252
480.05356,250,593.956169
429.96793,250,594.45939
601.7149,250,595.597832
451.88788,250,595.617999
600.2891,250,596.12185
497.601,250,596.283154
553.74146,250,597.046548
572.1304,250,597.481483
567.2401,250,597.914661
546.52435,250,598.499592
538.00366,250,598.731564
544.11066,250,599.003778
509.10275,250,599.13554
536.0952,250,599.356028
540.92554,250,599.41733
582.9561,250,599.496723
547.5424,250,600.48522
560.6137,250,600.99749
485.12222,250,602.177755
540.0703,250,602.207904
573.3756,250,602.781602
547.63837,250,602.972879
553.0919,250,603.910803
563.08026,250,604.443957
552.94366,250,604.877719
569.1701,250,605.501871
560.2486,250,605.710251
577.7065,250,605.965592
465.0692,250,606.115054
562.67975,250,606.346498
556.75836,250,606.39838
518.71814,250,606.494881
558.56946,250,607.492314
564.40204,250,607.994476
544.40076,250,609.14126
550.72845,250,609.171406
524.827,250,609.675188
531.39435,250,609.836112
584.25946,250,610.62126
535.0372,250,611.064126
537.81573,250,611.52547
609.4058,250,612.162692
562.8817,250,612.363707
505.47803,250,612.634508
550.80975,250,612.757207
564.34814,250,612.97856
527.76904,250,613.036983
485.35065,250,613.130791
479.79904,250,614.12719
572.702,250,614.628935
482.37418,250,615.730502
529.4617,250,615.759832
629.73865,250,616.25342
413.07477,250,616.423868
541.4456,250,617.200976
574.3355,250,617.640876
546.853,250,618.095193
555.8499,250,618.809883
574.5922,250,619.04176
473.50995,250,619.363697
593.40955,250,619.512807
545.8395,250,619.786587
495.25162,250,619.857985
569.91614,250,619.965684
541.35175,250,620.996475
526.4544,250,621.478829
563.1117,250,622.615635
451.4334,250,622.6468
529.03925,250,623.159406
576.36755,250,623.311306
588.4381,250,624.107685
613.0086,250,624.549054
565.888,250,625.012388
594.38605,250,625.607382
582.03094,250,625.808145
559.24725,250,626.079378
543.8357,250,626.270856
572.0124,250,626.704956
406.52237,250,626.804592
553.7272,250,626.934855
596.1173,250,628.390443
594.4697,250,629.004229
538.39667,250,630.46027
596.6837,250,630.507793
580.4721,250,631.063393
551.79913,250,631.273711
503.11777,250,632.290016
589.34674,250,632.867255
511.79602,250,633.440648
495.90747,250,634.221379
575.84076,250,634.522508
590.8767,250,634.875137
569.362,250,635.058327
551.1885,250,635.421651
559.7778,250,635.483382
552.246,250,635.595215
591.86035,250,636.944591
544.58936,250,637.542104
428.0181,250,638.831651
496.131,250,638.874406
546.29474,250,639.688951
584.5832,250,639.900265
571.8359,250,640.857015
606.09314,250,641.35196
523.59094,250,641.925568
535.01,250,642.691511
468.72412,250,642.921448
432.59586,250,643.185791
423.8042,250,643.34639
591.4564,250,643.64908
524.8307,250,643.709589
569.91516,250,643.800203
554.69257,250,645.264632
554.6742,250,646.138689
480.23535,250,648.320875
563.70416,250,648.377169
572.9752,250,649.29602
560.22614,250,649.560567
565.0338,250,650.89896
408.19833,250,651.526193
571.81134,250,652.327897
484.91687,250,653.166934
450.79062,250,653.410797
522.88727,250,653.78941
528.776,250,653.995862
565.56964,250,654.368962
433.98383,250,654.43032
571.15094,250,654.530273
564.9847,250,655.872729
510.60217,250,656.397618
565.7468,250,657.737703
561.3855,250,657.765856
495.84482,250,658.249805
592.07526,250,658.440006
533.21185,250,659.253836
551.7815,250,659.702086
483.05942,250,660.124977
554.3037,250,660.779619
543.927,250,661.001361
544.3442,250,661.283295
538.6132,250,661.444381
488.1431,250,661.744759
564.1409,250,661.806698
533.66943,250,661.909273
442.7234,250,662.939323
497.31302,250,663.442897
454.2512,250,664.632063
553.1197,250,664.661215
545.45044,250,665.145124
477.69678,250,665.317472
530.4187,250,666.110597
530.94476,250,666.647495
538.75665,250,667.125734
408.09073,250,667.873424
519.40015,250,668.135806
560.79486,250,668.441016
331.3071,250,668.57857
-40.390373,50,668.689214
490.04404,250,668.820057
506.7331,250,668.880393
370.0289,250,668.961476
541.71515,250,669.939266
411.54617,250,670.452869
376.5935,250,671.693783
540.517,250,671.719984
213.31273,236,671.99154
569.1431,250,672.203035
566.5261,250,673.200326
548.9958,250,673.612746
467.6454,250,674.67847
483.31473,250,674.890165
579.2596,250,675.148198
506.8844,250,675.28288
535.59424,250,675.396779
502.32346,250,675.516624
581.1391,250,675.575163
565.8601,250,675.657491
520.13666,250,676.613595
512.1833,250,677.087611
516.8653,250,678.225486
526.55597,250,678.245664
528.98425,250,678.566168
557.87555,250,678.780328
518.28516,250,679.748649
524.96875,250,680.181595
550.53485,250,681.189531
498.2035,250,681.40155
581.3577,250,681.663759
545.66907,250,681.794664
519.44696,250,681.905411
553.4765,250,682.05775
437.83154,250,682.131545
554.7719,250,682.217553
574.8593,250,683.375745
567.7715,250,683.950753
532.80664,250,685.138449
602.3982,250,685.168603
528.2295,250,685.471338
529.0501,250,685.672096
586.3726,250,686.617306
596.05414,250,687.072051
590.024,250,688.232299
555.068,250,688.458683
517.7578,250,688.73532
523.97675,250,688.876113
593.2809,250,688.977648
573.7885,250,689.108526
544.02246,250,689.160175
555.3625,250,689.249952
544.2327,250,690.227685
520.97156,250,690.690413
578.7262,250,691.839684
578.07666,250,691.876597
450.57712,250,692.180959
585.6269,250,692.373451
594.8722,250,693.309103
2.532351,69,693.683154
564.994,250,693.763855
567.73865,250,694.782347
572.49963,250,694.992937
614.12244,250,695.24562
588.6539,250,695.37662
572.5768,250,695.48728
498.6674,250,695.626671
527.9604,250,695.679042
600.6845,250,695.7494
404.86618,250,696.748516
605.64374,250,697.23129
532.1377,250,698.522905
596.92737,250,698.961213
614.8058,250,699.260028
574.2277,250,700.446093
496.64374,250,700.837841
583.27936,250,700.928307
550.69257,250,702.008031
613.6986,250,702.228065
597.58844,250,702.492922
560.7191,250,702.653522
572.6967,250,702.794608
547.9598,250,702.945352
552.5943,250,703.005833
557.5238,250,703.086765
592.0481,250,704.198325
575.61316,250,704.740884
574.7743,250,705.962776
71.11565,116,706.013644
610.87946,250,706.315899
624.5166,250,706.591781
563.3352,250,707.809079
272.74518,243,708.059605
547.8912,250,708.404199
585.9635,250,709.899914
585.62866,250,710.199754
583.2729,250,710.540179
570.1968,250,710.859436
565.38336,250,711.027536
452.5625,250,711.103797
552.58014,250,711.206976
521.5175,250,712.485282
563.6709,250,713.131718
568.23376,250,714.564271
509.2921,250,714.635949
485.4025,250,714.986622
485.7741,250,715.259862
549.4767,250,716.446997
492.2397,250,716.73621
497.78687,250,717.061989
457.99,250,718.410337
613.14075,250,718.675679
565.99365,250,719.020511
594.7768,250,719.310946
500.35715,250,719.507457
544.0938,250,719.568291
575.2126,250,719.663237
536.0017,250,720.862513
465.92935,250,721.450737
567.7612,250,722.890511
575.89056,250,722.951405
512.3298,250,723.279264
601.9128,250,723.548502
535.6991,250,725.01001
458.9057,250,725.305714
555.89124,250,725.715461
560.2642,250,727.228933
552.8593,250,727.541234
505.6504,250,727.928874
514.3691,250,728.242611
536.22577,250,728.440751
563.30817,250,728.524454
580.2978,250,728.651701
549.1325,250,730.153762
531.85223,250,730.920347
512.5775,250,732.509562
559.5842,250,732.589216
546.08484,250,732.95942
540.47345,250,733.233739
585.0502,250,734.566508
498.8019,250,734.838977
564.5303,250,735.189959
490.6243,250,736.645857
600.5645,250,736.92802
572.0536,250,737.270466
562.5174,250,737.562499
564.18427,250,737.721406
522.7967,250,737.781753
488.59753,250,737.892668
514.8133,250,739.149419
549.32794,250,740.312164
594.1115,250,742.077222
519.26416,250,742.163842
567.2668,250,742.594559
569.7016,250,742.88991
598.9995,250,743.926316
588.84204,250,744.140013
609.8717,250,744.465851
532.76324,250,746.467739
604.0166,250,746.794022
573.75934,250,747.29554
600.5235,250,747.66992
572.9554,250,747.868482
604.4509,250,747.968297
623.9576,250,748.100205
564.90186,250,749.965065
553.7049,250,751.355909
562.9239,250,754.887067
572.03064,250,754.99301
549.7738,250,755.449667
548.6481,250,755.966999
529.1057,250,757.917077
588.9877,250,758.183614
594.0302,250,758.516791
560.23584,250,760.775616
618.40765,250,761.530578
563.1196,250,762.122069
583.0182,250,762.686904
581.5889,250,762.92344
612.1246,250,762.993963
538.0076,250,763.093348
517.6542,250,765.063716
566.8118,250,766.348467
576.9194,250,775.141085
476.99847,250,775.318995
555.8067,250,776.029902
611.1426,250,776.516741
617.68097,250,778.585053
590.42896,250,778.928845
577.4363,250,779.367073
610.3302,250,781.23018
596.6306,250,781.826542
546.9057,250,782.403622
605.1931,250,782.79538
574.9392,250,782.969209
552.7796,250,783.04008
560.73126,250,783.152349
578.0825,250,784.7236
552.96606,250,785.300801
504.1091,250,786.805318
572.7273,250,786.903116
616.7408,250,787.250092
539.7489,250,787.494994
583.1041,250,788.545575
585.7638,250,788.804947
614.95123,250,789.137467
559.93774,250,790.18365
554.54663,250,790.385575
578.2021,250,790.656306
604.09204,250,790.917458
593.2959,250,791.049216
580.0858,250,791.098445
557.0878,250,791.190058
554.67126,250,792.207233
613.91583,250,792.701064
543.03894,250,793.809777
561.3357,250,793.86715
507.81052,250,794.109119
417.05908,250,794.320823
561.57526,250,795.349412
510.00452,250,795.548275
563.8102,250,795.817497
553.2415,250,796.855122
510.91058,250,797.066363
547.77673,250,797.397493
586.143,250,797.721738
578.2465,250,797.862051
583.7076,250,797.922547
497.75922,250,798.01347
513.21436,250,799.001807
553.93365,250,799.485178
573.9097,250,800.634799
588.7525,250,800.705255
537.6708,250,800.967118
561.12445,250,801.199013
548.4277,250,802.36104
547.0527,250,802.591667
591.14355,250,802.913038
555.56665,250,804.11166
551.626,250,804.326216
559.0646,250,804.595544
531.4687,250,804.809461
567.32245,250,804.941396
520.51263,250,805.011628
540.1414,250,805.084468
565.142,250,806.124442
566.49194,250,806.644644
490.58804,250,807.997859
592.59863,250,808.061908
505.01138,250,808.356153
560.8872,250,808.607468
527.0921,250,809.655269
418.0631,250,809.889213
541.4469,250,810.169913
43.44619,93,811.320436
541.16864,250,811.320436
576.8874,250,811.557449
546.17285,250,811.941488
528.4595,250,812.192996
514.2178,250,812.324302
527.7716,250,812.386786
578.78046,250,812.476197
569.0605,250,813.518705
537.63574,250,814.081141
600.95496,250,815.57751
578.7263,250,815.633511
613.94775,250,815.899146
442.36066,250,817.216408
596.773,250,817.458345
538.24414,250,817.789596
577.5116,250,819.210853
588.2399,250,819.210853
629.52185,250,819.492332
586.09174,250,819.797979
537.05054,250,820.075043
613.5352,250,820.237194
549.8459,250,820.30045
571.6995,250,820.391869
629.67224,250,821.449298
554.1692,250,822.070183
519.89014,250,823.313977
577.30396,250,823.37561
503.13504,250,823.637101
618.3456,250,824.826934
565.6779,250,825.018105
584.14813,250,825.290222
546.8188,250,826.397087
615.1485,250,826.397087
550.83356,250,826.709631
558.987,250,827.102499
598.8973,250,827.455924
587.3294,250,827.659486
582.91736,250,827.732235
581.5185,250,827.830187
545.4095,250,828.981661
564.6236,250,829.627663
615.59906,250,830.85105
540.83545,250,830.929726
586.1701,250,831.199512
542.6365,250,832.395484
544.9439,250,832.595146
579.4699,250,832.869636
568.02106,250,834.149186
610.26733,250,834.149186
546.83923,250,834.421081
391.06497,250,834.714736
555.49536,250,835.01718
607.3829,250,835.203105
593.8167,250,835.277589
593.2496,250,835.398065
587.537,250,836.634231
554.585,250,837.156163
521.29645,250,838.307559
565.5705,250,838.368773
558.8747,250,838.650303
584.31287,250,839.890519
568.3165,250,840.082767
584.5613,250,840.370339
525.4473,250,841.414577
623.16895,250,841.414577
564.59875,250,841.616144
625.8263,250,841.889893
569.429,250,842.149919
561.76526,250,842.282948
581.12286,250,842.351357
615.9368,250,842.435085
564.175,250,843.423688
592.6224,250,843.938992
583.8692,250,845.074839
592.7101,250,845.145186
537.05927,250,845.4181
600.2261,250,846.547635
547.3167,250,846.740854
521.95825,250,847.043909
591.6463,250,848.221796
550.8494,250,848.221796
595.7104,250,848.424447
591.6999,250,848.706505
505.5902,250,848.965921
549.9351,250,849.09464
570.9751,250,849.169014
538.1248,250,849.265453
579.27075,250,850.613592
608.8906,250,851.240089
585.3225,250,852.593527
599.35254,250,852.6401
578.36786,250,852.937976
525.72455,250,854.299343
396.63852,250,854.501632
551.6723,250,854.765626
571.57544,250,855.872751
553.30414,250,855.872751
604.1898,250,856.125884
500.34845,250,856.501613
552.41504,250,856.823559
596.05096,250,856.979983
571.63763,250,857.053145
551.7199,250,857.164706
600.5926,250,858.310549
581.0795,250,858.963169
577.7807,250,860.31389
573.0076,250,860.40755
530.229,250,860.742288
548.7371,250,862.285206
598.2543,250,862.538198
578.25555,250,862.850436
493.999,250,864.191293
547.8806,250,864.191293
563.85284,250,864.453198
559.3714,250,864.765555
546.7235,250,865.058732
457.9782,250,865.23928
594.10144,250,865.319988
579.83716,250,865.450042
425.72922,250,866.858917
601.88446,250,867.618026
575.6432,250,869.280627
589.59863,250,869.351182
594.9563,250,869.653036
585.81226,250,871.064134
603.7917,250,871.276913
574.9513,250,871.61046
593.729,250,873.090918
582.73505,250,873.090918
601.8705,250,873.344723
588.88403,250,873.669818
473.68005,250,873.964484
613.3071,250,874.146989
618.12555,250,874.194857
598.4539,250,874.300086
558.87665,250,875.473915
542.04895,250,876.06501
627.0524,250,877.573223
610.48425,250,877.672369
566.6628,250,878.030793
620.58075,250,879.53177
571.85693,250,879.808633
589.0529,250,880.187503
632.87494,250,881.685816
614.7627,250,881.685816
509.4997,250,881.998899
576.87854,250,882.382265
590.80927,250,882.777705
607.0621,250,883.008223
600.91016,250,883.092389
635.24335,250,883.234621
626.6217,250,884.720484
509.818,250,885.344836
605.23175,250,886.931013
596.99475,250,887.029862
624.26685,250,887.387589
553.3727,250,888.979234
621.2254,250,889.232589
533.8692,250,889.584089
593.17926,250,890.935259
461.93744,250,890.935259
588.9269,250,891.18792
612.3093,250,891.518915
617.32227,250,891.819925
609.75525,250,891.999855
652.14905,250,892.063672
609.8766,250,892.162189
429.69165,250,893.350271
574.66376,250,894.083738
560.9264,250,895.592232
574.5243,250,895.652733
591.92834,250,895.965861
599.3139,250,897.374704
590.9921,250,897.608032
578.01483,250,897.997172
611.36835,250,899.462613
573.91785,250,899.462613
641.3755,250,899.726883
572.0225,250,900.047829
597.6037,250,900.330704
569.71155,250,900.504334
598.77155,250,900.572783
593.4402,250,900.675647
588.9948,250,901.943696
601.8918,250,902.588021
610.9671,250,903.956757
446.871,250,904.043539
640.3752,250,904.456524
595.0831,250,905.868851
656.6509,250,906.081947
592.4625,250,906.412268
585.5936,250,907.81996
626.72217,250,907.81996
590.04895,250,908.081789
551.8554,250,908.406113
613.5177,250,908.679132
642.5755,250,908.860079
616.8359,250,908.931476
621.88434,250,909.03914
589.10364,250,910.19974
