#{"t_start": 1685784358.665668, "env_id": null}
r,l,t
-76.27157,28,0.425762
-73.86817,35,0.650959
-82.67908,35,0.650959
-73.215,36,0.686578
-72.20644,37,0.726591
-73.020935,38,0.764184
-64.45318,51,1.109998
-74.64444,51,1.109998
-58.045284,52,1.141239
-36.143543,56,1.239648
-56.317944,62,1.393676
-71.27779,27,1.432768
-38.323303,63,1.432768
-77.17461,29,1.448403
-44.451134,65,1.491206
-47.91929,67,1.539232
-73.31481,35,1.658905
-3.9646313,75,1.721396
-60.30848,42,1.781459
-42.018036,77,1.781459
-69.23769,40,1.81467
-78.47006,24,1.876192
-82.15009,20,1.948909
-49.827286,55,1.959419
-63.369045,36,2.042806
-69.889656,36,2.075065
-81.17504,26,2.123987
-76.13435,27,2.123987
-61.410744,40,2.147917
-71.09715,29,2.147917
-79.66284,24,2.147917
-87.92629,18,2.198707
-64.53878,32,2.307736
-85.311295,21,2.340055
-70.527214,26,2.340055
-82.28261,19,2.359701
-68.28027,25,2.439633
-78.270195,24,2.439633
-85.14883,17,2.481932
-84.486275,22,2.695156
-70.28509,29,2.695156
-84.612724,18,2.823982
-65.950554,31,2.88235
-63.624252,39,2.976862
-75.5548,33,3.085565
-79.55955,28,3.085565
-70.133125,26,3.201652
-58.795403,54,4.33253
-31.292248,82,4.371762
-25.76606,87,4.493298
-30.710337,80,4.513415
-29.348318,80,4.611999
-24.818277,92,4.646055
-26.822138,86,4.646055
-45.459206,55,4.694538
-30.495625,85,4.744892
-38.362537,76,4.775068
-85.19913,19,4.873355
-33.340626,71,5.027073
-28.641996,73,5.087808
-9.454926,110,5.148042
-69.95694,27,5.500499
-61.20289,48,5.960664
2.7021666,111,5.960664
0.46631575,110,6.010559
-81.34152,23,6.086022
-56.21309,52,6.086022
-58.898933,43,6.086022
-71.09256,38,6.195172
-74.4125,40,6.195172
-53.610664,70,6.250277
-51.409447,59,6.279419
-28.23973,84,6.773879
-48.188656,67,6.832366
-73.378044,36,7.124211
-33.587097,91,7.206673
-36.850506,90,7.206673
-66.49293,53,7.51884
-74.85035,29,7.612116
-20.06916,116,7.679803
-66.983574,56,7.742592
-50.71279,64,8.052384
-70.816284,47,8.201298
-81.531586,23,8.749237
-63.23661,40,8.937914
-66.327415,45,8.970286
-34.01509,96,9.002503
-18.53904,103,9.038813
-13.419992,108,9.040833
-13.806384,107,9.071264
-8.5427685,119,9.364206
-79.21518,24,9.474364
-15.916974,118,9.474364
-63.50585,44,9.534679
-40.425148,80,9.615181
-52.326317,68,9.695671
-75.550514,27,9.733853
224.39383,250,9.733853
-30.257504,85,9.756
-26.415596,80,9.867833
-77.983154,34,9.978057
-59.504803,51,10.350643
-10.571866,124,10.651903
-64.84367,37,10.651903
-62.989315,51,10.782858
-57.213314,67,10.833121
-75.948296,44,11.751914
-69.542015,82,11.751914
-32.769215,110,11.850578
-55.395256,76,11.877376
-26.534342,97,11.934877
-36.78456,103,11.997444
-54.680477,50,12.061448
-58.23419,49,12.091012
-33.72809,102,12.23684
-18.533026,111,12.429067
-24.695477,128,12.429187
-61.673256,24,12.466939
-85.588394,20,12.565603
-72.1379,24,12.600757
-93.37062,24,12.643836
-73.38801,42,13.067528
-12.051297,131,13.321788
-60.086308,94,13.321788
-78.98259,24,13.42805
-59.31266,42,13.42805
-67.12403,41,13.42805
-39.34535,113,13.525517
-77.42211,31,13.597247
-74.69922,37,13.612879
-84.904236,21,13.713884
-63.165333,49,13.799287
-71.02565,51,14.161823
-62.25199,56,14.224544
-76.15836,29,14.287337
4.209356,161,14.414479
1.6703352,169,14.496356
-77.536026,26,14.496356
-61.50006,45,14.64409
-74.832146,35,14.79628
-83.65417,78,14.79628
-53.79936,42,14.827487
-51.83383,52,14.899594
-73.915634,56,15.004311
-64.99712,52,15.004311
-70.52359,41,15.275627
-83.93881,62,15.336019
-78.904915,35,15.336019
-60.975105,93,15.880027
-70.25083,38,15.980655
-55.49163,73,16.129636
-44.088535,55,16.200055
-50.886898,74,16.373028
-32.13041,76,16.422941
-59.246685,62,16.473197
-48.88357,60,16.533388
-17.30594,69,16.553496
-34.326447,171,16.815349
-46.90153,100,16.865774
-74.99994,28,16.916043
-60.348076,68,16.996768
-74.31627,28,17.097746
-75.69119,26,17.149053
-45.534206,75,17.229342
-84.54209,60,17.4107
-63.45285,44,18.013963
-48.537506,63,18.074205
-2.1203034,94,18.376805
-20.036661,140,18.418879
-38.75546,66,18.517659
-40.26982,64,18.658345
-46.56712,55,18.658345
-32.836975,83,18.678466
-22.65998,100,18.706801
-24.34752,87,18.8099
46.03394,163,18.840191
-26.661003,85,19.352123
-55.384304,37,19.606056
-37.812798,107,19.677452
-89.75877,37,19.746804
16.396727,175,19.797273
-8.908696,107,19.855561
-42.859318,60,19.948755
-31.575481,77,20.039348
-46.803635,62,20.236467
-33.072857,72,20.236467
-70.9637,41,20.389561
17.405111,118,20.442018
-79.8942,27,20.724132
-19.457855,83,20.804851
-54.339325,56,21.026983
-66.13749,43,21.055315
-15.0415125,63,21.26938
11.503023,119,21.551259
-44.957664,70,21.579405
-29.989296,71,21.6615
-40.122437,58,21.957621
-41.40305,63,22.036218
-32.36303,72,22.11791
66.11017,160,22.148664
-54.511936,52,22.187898
47.82207,135,22.339096
43.22459,151,22.630535
-51.381104,53,22.721138
-15.744167,79,22.82288
-28.587702,74,23.018695
-30.106436,108,23.106009
-50.773506,63,23.435752
-51.658844,50,23.556364
19.479113,142,23.556364
-13.982184,92,23.596698
-60.40763,52,23.659339
-39.09908,73,23.659339
-60.426765,42,24.073163
-28.34268,73,24.222188
-22.929983,82,24.323717
-77.25329,31,24.493957
-7.3490763,106,24.625524
-72.70448,34,24.684914
-58.049248,53,24.716136
-86.54858,18,24.776549
-46.231308,62,24.896202
-63.44598,43,24.896202
-31.556744,74,24.927354
-27.553873,79,24.992439
-40.031017,61,25.278222
-82.72574,31,25.408855
18.90699,120,25.510208
-44.00001,66,25.58976
-66.26987,37,25.935568
-56.88708,47,26.186558
-33.491253,70,26.294332
-54.348988,64,26.455313
-28.188974,79,26.906658
28.700907,128,27.150576
23.205736,111,27.150576
73.729355,179,27.341907
-58.10786,45,27.440468
3.9017956,95,27.440468
12.21049,108,27.522841
-46.687904,53,27.554014
15.287167,109,27.651703
-6.878395,100,27.651703
-23.376179,89,27.788917
-23.473076,86,27.905628
-8.026472,99,27.953891
-74.02011,37,28.207959
-15.42485,99,28.207959
-58.295742,51,28.349044
-46.31734,56,28.853332
-32.011265,83,28.853332
-77.315674,44,29.002362
-68.57562,41,29.159184
-82.22027,25,29.270913
-2.3950577,120,29.470415
-70.80965,39,29.582678
-28.579971,65,29.623018
-58.664467,43,29.735761
-53.865936,53,29.735761
-36.446514,64,29.835887
-38.882492,60,29.976656
-16.281189,82,30.037311
-6.5982795,87,30.390142
-15.727988,90,30.390142
-77.07515,34,30.724
-73.40772,32,30.894381
-17.64349,81,32.713101
-38.43581,66,32.807544
-5.717004,118,32.947599
29.815498,143,33.148916
-8.634425,107,33.412311
11.864509,133,33.514521
42.84792,153,33.602545
44.75447,163,33.662736
20.454344,139,33.733106
53.2104,165,34.015708
-40.72367,76,34.681234
220.5572,250,34.972775
60.88091,175,35.497082
109.00524,231,35.545416
119.463875,229,35.949949
-11.567135,111,36.050864
214.55371,250,36.463727
27.182867,130,36.794848
220.04945,250,36.81806
37.361637,130,36.976201
70.35986,170,37.209979
34.620274,150,37.401769
-21.43588,94,37.401769
6.357497,110,37.543064
50.106934,158,37.754909
42.409348,150,37.886572
-60.94396,38,37.956567
-60.379562,49,38.03818
-6.5782776,102,38.10785
-53.655262,67,38.158131
130.12617,213,38.442497
-79.76279,28,38.478773
-5.6056685,96,38.501001
-0.123971276,116,38.529337
-55.26901,47,38.600937
-48.273033,51,38.703743
82.88864,196,38.814154
14.973428,112,38.814154
-23.57006,79,38.844489
-33.71145,69,39.007028
-41.33352,65,39.658766
-65.16086,47,39.79123
-54.705593,44,39.977746
-5.157464,106,41.574964
-25.504799,100,41.712948
13.815038,115,41.78529
-27.134874,71,41.835531
28.675873,132,41.835531
69.03479,155,41.864704
-12.794117,106,41.895851
23.44041,108,42.117831
24.738625,126,42.198401
30.060593,132,42.198401
-23.520338,94,42.339082
-82.792274,21,42.419501
-59.025505,44,42.88419
-44.09789,52,42.965918
-39.43857,52,43.298298
-53.89881,44,43.329489
82.79837,189,43.329489
-66.20414,34,43.358609
89.704506,202,43.803186
28.013758,138,43.831322
-30.140865,79,43.983897
-53.986485,47,44.247057
-10.010559,92,44.276347
101.26393,202,44.447866
-34.723194,60,44.508267
145.0873,239,44.558517
-44.506676,60,44.870658
-43.65031,59,44.870658
10.322935,112,44.900795
9.480646,102,45.062613
6.8794646,111,45.180036
9.678251,113,45.2324
-69.911674,31,45.381662
-28.946535,69,45.616089
-4.7236037,91,45.686559
-33.715313,58,45.766853
-8.470757,94,45.807557
-35.337753,72,45.868014
-19.960619,81,45.928347
-31.253391,66,45.988747
-59.859867,64,46.140531
-69.30527,39,46.39145
-43.174385,62,46.481911
-21.962566,73,46.764582
-56.35493,37,46.813926
-56.62661,65,46.845046
-41.687767,80,46.984865
-57.089195,53,47.08376
-31.630379,79,47.105999
7.2459836,105,47.247344
-46.496517,62,47.247344
-27.923523,82,47.348271
-35.904125,63,47.438887
-58.506393,41,47.438887
-68.14987,40,47.519904
-39.761814,63,47.548068
-55.931522,69,47.766052
-65.7229,42,47.853471
-60.37229,37,47.944324
-49.129185,71,47.972547
-62.197372,44,48.590544
-48.695087,58,48.60973
-60.03932,52,48.881948
8.74708,124,48.993118
-28.505774,74,48.993118
-58.22492,41,49.021575
-18.741264,87,49.091866
-65.46001,45,49.091866
-46.970364,62,49.114018
-9.487108,74,49.145292
-13.948139,90,49.145292
-42.6523,55,49.255688
-77.46608,28,49.305995
-4.4090686,88,49.587818
-74.326004,25,49.608007
-82.30014,26,49.658306
-70.78518,40,49.988931
-67.27123,36,50.011052
-20.840988,103,50.062375
-45.35167,67,50.273865
9.6968,127,50.46396
-42.269867,57,50.524683
-69.78011,35,50.866239
-34.237106,80,50.89638
15.760118,132,51.080749
-43.769062,71,51.080749
-24.533478,86,51.281604
-39.670097,90,51.513266
11.081253,98,51.543496
-70.52887,43,51.593936
-79.336334,27,51.770797
-14.649113,92,51.948993
-28.718864,98,52.076026
-83.4398,20,52.129527
-74.93582,40,52.129527
-27.039349,82,52.158642
-17.44568,85,52.188801
-5.4422045,125,52.320076
-27.887901,72,52.320076
-27.595884,95,52.690542
-65.285355,40,52.816402
-60.03085,36,52.86498
-48.236244,63,52.915271
-40.17365,82,52.976161
5.208278,138,53.187709
-64.38868,44,53.25821
-23.75156,92,53.25821
-25.642044,97,54.032311
-62.88299,54,54.064727
-27.608557,100,54.08591
-35.345425,81,54.366908
-18.470453,90,54.427374
-15.855304,95,54.60704
-45.19875,73,54.689757
-23.509794,99,54.830892
-16.366367,108,54.830892
-70.08921,35,54.961837
7.243982,113,55.060449
-25.523457,83,55.060449
-37.2241,75,55.214988
-24.750933,92,55.436787
-72.20313,36,55.465935
0.1417191,98,55.836788
2.7313414,116,56.472906
-17.477615,92,56.722218
-52.14556,63,56.722218
-37.377388,73,56.744347
-5.4723434,99,56.882953
59.13186,148,56.965691
-36.78286,70,57.328071
-4.272096,113,57.650476
-28.922821,93,57.792097
-67.27387,50,58.101694
-6.8664284,108,58.184785
-6.893696,116,58.184785
10.81512,112,58.204641
-5.045839,104,58.357926
41.48156,135,58.507298
-54.604145,52,58.648258
-21.442307,83,58.978369
28.842182,128,59.000596
-34.30301,83,59.142876
-5.15923,103,59.220564
-68.051445,43,59.272664
14.055472,128,59.323092
22.841331,132,60.17051
-42.136402,81,60.241909
-24.182024,110,60.934959
13.568301,136,61.069148
-5.6167746,114,61.390423
84.49588,189,61.735141
-12.247173,106,61.952941
49.202473,170,62.11573
43.52876,163,62.255171
54.857094,161,62.449069
-28.782824,92,62.520517
24.987186,143,62.590088
66.7119,165,62.864714
58.778736,159,63.05503
-28.77213,87,63.194999
-66.53749,47,63.318415
32.634308,159,63.366186
10.934863,131,63.597468
-14.082885,100,63.648153
-64.98063,58,63.728783
52.041286,178,63.759033
-25.763,88,64.008298
-52.58039,42,64.260048
-47.448765,76,64.382802
113.740425,208,64.431169
48.26722,139,64.937386
-46.29376,55,65.126811
-14.140057,110,65.391258
-36.32519,82,65.441529
-2.608165,102,65.441529
-7.394554,98,65.524111
29.138504,144,65.623501
-78.97183,34,65.793431
-10.581367,99,65.83397
-3.1820445,131,65.854102
-60.043003,59,65.934767
-20.29664,95,66.066358
-18.853146,97,66.066358
-69.22811,36,66.368896
-14.410542,106,66.710967
2.724694,117,66.741268
-56.31034,52,66.7915
-57.655678,57,67.102628
2.7424939,112,67.135066
-2.216173,111,67.23592
-47.71226,68,67.578813
-58.424522,49,67.659449
-43.49,74,67.765452
-67.951416,41,67.811075
-8.275805,105,67.841324
-36.302193,75,67.889576
-33.79244,79,67.911773
-32.774372,73,67.962476
19.912886,122,68.524769
-61.07501,56,68.95987
-15.16495,79,69.121265
11.550025,125,69.253066
-56.5446,57,69.38325
-40.37876,63,69.411448
-18.04051,87,69.433654
-48.501144,63,69.483956
-39.38269,70,69.514082
14.639776,99,69.604727
-76.08279,28,69.94827
59.76678,178,70.048941
-31.69099,67,70.190078
-92.51611,13,70.27077
-6.774994,117,70.734874
24.315548,116,70.784328
-8.642855,75,71.014732
66.55861,176,71.168051
-30.781012,108,72.415927
-55.753643,60,72.478382
98.8706,229,72.881025
-45.43236,62,73.054094
-3.464715,101,73.174735
-21.356236,82,73.213635
20.440926,116,73.577317
64.20626,183,74.146701
227.89789,250,74.523713
57.853615,188,74.763545
-15.987413,76,75.368776
90.09467,207,75.468129
120.97541,216,75.611382
-52.157524,61,75.838937
63.936573,203,75.898774
-6.4297605,118,75.967373
-4.8433046,120,75.967373
-37.412407,102,76.200626
260.06674,250,76.485642
242.98058,250,76.536115
-17.784412,98,77.44957
113.05808,222,77.44957
-3.2962637,85,78.216363
-28.040722,68,78.243478
44.131264,185,78.637618
113.50846,217,78.889589
-6.7807174,124,79.165365
18.433218,120,79.345862
-13.03453,84,79.683507
-45.129086,55,79.725701
105.81073,193,79.766834
84.6232,145,79.836813
-34.62825,61,79.87767
-76.56958,38,79.997234
271.42993,250,80.026373
84.062805,170,80.125079
-68.17591,48,81.002577
57.011436,175,81.144189
-25.105137,89,81.707641
142.32417,226,81.8385
-16.801273,81,81.937312
-36.322384,75,82.019427
228.68398,250,82.070143
229.49829,250,82.279469
-59.00729,41,83.038715
-48.93146,88,83.217973
23.913292,134,83.290331
1.4411951,131,83.341619
-37.025063,77,83.864713
221.15398,250,83.91497
19.068686,125,84.309232
103.54257,199,84.33662
50.709785,184,84.409314
-13.161101,85,84.439684
17.046381,114,84.814576
236.75491,250,85.254732
108.62756,214,85.356487
31.988312,146,85.97094
-9.280593,108,86.002883
255.42323,250,86.590256
22.18683,124,86.610518
-30.546415,80,86.700162
-72.328835,31,86.821259
16.33374,140,88.539243
270.3564,250,88.760875
-27.494009,74,89.135266
-18.271107,80,89.529639
291.72864,250,91.043741
238.6541,250,91.131775
272.22818,250,91.91722
291.64078,250,92.000533
267.6339,250,92.421989
269.76883,250,92.512626
256.99878,250,92.844635
252.94481,250,93.285575
145.56361,247,93.319011
-69.32659,50,93.319011
109.21245,220,93.854261
-50.618362,51,93.893596
-49.50686,50,93.955759
299.1104,250,94.093466
35.571415,146,94.177668
-0.58039963,87,94.511899
68.28897,186,94.64291
85.452255,181,94.672176
4.812276,118,94.722473
248.12115,250,94.954567
105.69712,191,95.136087
-35.163715,86,95.723234
-40.985973,69,95.922504
5.564093,104,96.278391
45.3554,142,97.344622
232.56775,250,98.240391
63.213997,156,98.40133
78.72271,172,99.311981
259.90744,250,99.798711
259.27808,250,100.645064
268.99622,250,100.675268
286.1586,250,100.735513
300.34045,250,101.230834
-25.40849,75,101.281148
286.17154,250,101.381507
133.98665,211,101.410683
277.18124,250,101.430797
225.65422,250,101.68315
224.97462,250,101.866045
-80.53594,24,102.045374
307.2765,250,102.630015
271.0568,250,102.88068
101.54095,224,103.246084
20.219254,132,104.369281
51.63094,150,105.149773
297.11118,250,105.391119
296.34744,250,105.64006
314.84113,250,107.164493
325.30505,250,108.142306
230.37259,250,108.737844
292.29358,250,108.788106
278.48483,250,108.897091
347.3648,250,108.949546
226.33133,250,109.16222
236.35043,250,109.352495
248.9805,250,109.544358
322.6972,250,110.162922
278.54483,250,110.529681
288.94058,250,110.863257
285.25488,250,111.760297
145.46263,231,111.79247
281.09167,250,112.49751
260.17935,250,112.658256
83.19698,173,113.414542
89.15053,168,113.434769
309.44086,250,113.957582
117.3356,200,114.16872
280.1847,250,114.806145
33.277737,158,114.96477
54.2637,179,115.196299
64.04991,138,115.327441
239.59576,250,115.559661
365.30936,250,115.781551
260.85953,250,115.9499
-1.8892256,143,116.114016
263.8496,250,116.114016
63.47209,169,116.114016
-78.24226,36,116.639096
323.00327,250,116.66939
27.116337,134,117.445289
89.35109,193,118.18305
324.31174,250,118.897394
94.96995,161,119.382032
215.64772,250,119.83265
247.85864,250,120.447489
290.01288,250,121.455869
255.82843,250,121.634622
316.98993,250,121.866198
294.82007,250,122.23826
263.59543,250,122.748928
333.63416,250,122.929559
308.57883,250,122.929559
305.9002,250,122.929559
298.5209,250,123.482388
274.55374,250,123.498019
313.6307,250,124.306602
359.54382,250,125.110352
-22.70781,80,125.647822
301.34918,250,125.929841
282.4442,250,126.322323
227.74315,250,126.664912
348.43576,250,127.156079
239.11984,250,127.984408
339.71042,250,128.173569
216.93452,250,128.387376
315.70004,250,128.740015
288.25925,250,129.153459
331.1867,250,129.324516
284.174,250,129.324516
283.75073,250,129.324516
256.93646,250,129.920083
336.0639,250,130.704705
294.32217,250,131.450071
267.1543,250,131.882667
331.16837,250,132.165323
320.8747,250,132.56914
299.1856,250,132.921892
310.386,250,133.426048
307.5214,250,134.380424
278.49786,250,134.563995
251.5455,250,134.795474
291.83582,250,135.187226
295.25876,250,135.672239
285.29346,250,135.903364
335.3425,250,135.903364
259.54755,250,135.903364
277.3682,250,136.601182
338.26843,250,137.507978
322.6108,250,138.251969
312.2063,250,138.693145
287.537,250,138.967197
17.768936,132,139.279308
328.38556,250,139.380504
298.94345,250,139.733375
358.35016,250,140.237384
121.46358,206,140.387015
103.779686,185,140.801028
132.01495,210,140.861911
351.96875,250,141.131022
145.91965,243,141.131022
124.94441,211,141.493675
12.738458,110,141.524834
41.72456,145,141.986505
301.2711,250,142.490243
276.2434,250,143.065644
321.00662,250,143.859094
86.78639,155,144.767843
91.285126,183,144.878682
287.6061,250,145.292698
280.04175,250,145.586189
282.02133,250,145.685759
277.88092,250,146.02791
253.67433,250,146.653251
269.69333,250,147.063453
241.01807,250,147.366427
260.80322,250,147.366427
253.40524,250,147.756558
354.68982,250,147.800701
-59.080666,48,147.943865
264.28857,250,148.328929
241.53157,250,148.91299
286.21503,250,149.638321
-22.618225,96,149.881178
79.05068,176,150.160372
81.78412,168,150.29426
110.543236,199,150.354859
233.13002,250,150.655545
264.98688,250,151.808652
248.09642,250,152.987531
300.04462,250,153.430985
78.44203,191,153.66307
163.86029,187,153.714741
102.75173,245,154.711257
283.65427,250,154.832123
282.9754,250,155.194089
276.28885,250,155.675489
308.9473,250,156.180654
307.74246,250,156.765075
314.27896,250,156.956432
302.70316,250,157.168631
20.843397,163,157.249278
243.76044,250,157.297707
306.9637,250,157.351043
276.37662,250,157.632109
-1.5388829,94,158.114426
92.0667,195,158.469655
283.48816,250,158.566006
28.789665,148,158.64108
122.421524,208,159.011571
65.961945,175,159.19297
285.85226,250,160.11851
268.85156,250,161.55915
345.98477,250,162.547438
331.51233,250,163.122324
267.1294,250,163.33028
280.68015,250,163.565361
267.84372,250,163.661867
318.30988,250,163.686234
306.40027,250,163.765656
303.2574,250,164.069237
290.4433,250,164.552355
295.65457,250,164.905101
247.62688,250,165.005577
287.59128,250,165.096505
275.6418,250,165.489182
261.22833,250,165.688691
268.81763,250,166.617658
301.6658,250,168.242337
105.492775,189,168.930997
285.58472,250,169.390789
272.04718,250,169.954771
339.1072,250,170.165905
-7.683504,69,170.165905
274.3129,250,170.378913
249.75584,250,170.458304
245.0049,250,170.487404
106.35354,192,170.708541
111.67403,211,170.738854
236.67943,250,170.801796
268.18686,250,171.342787
124.109215,217,171.59828
224.68954,250,171.71412
275.7821,250,171.882909
272.1997,250,173.501209
-52.187046,109,174.538151
220.94193,250,175.577272
232.13258,250,176.048948
254.2907,250,176.696705
321.8858,250,176.878039
241.36241,250,176.878039
122.07074,240,176.919262
226.82266,250,177.089824
219.9883,250,177.190479
186.80518,242,177.29089
322.3514,250,177.443182
257.706,250,177.482524
214.95404,250,178.005693
-63.61846,46,178.278971
289.46844,250,178.357543
256.3277,250,178.521536
-5.7085857,99,179.679734
263.70312,250,179.981654
262.61597,250,181.105269
82.84594,190,181.806488
352.18124,250,182.137086
36.440285,211,182.370446
318.8569,250,182.549799
31.84044,176,182.549799
92.16589,247,183.046415
320.6542,250,183.3726
275.06317,250,183.892699
308.07,250,184.044382
265.86368,250,184.084625
-53.469364,73,184.477677
306.59006,250,185.062812
345.76807,250,185.172395
231.44476,250,185.385622
275.13446,250,186.562808
200.92989,250,186.885219
-47.47118,63,186.986235
321.92166,250,187.981159
39.88705,152,188.40677
296.53418,250,188.975059
114.6379,230,189.199614
37.502056,184,189.237461
76.38419,248,189.267607
40.1798,205,189.368337
238.03479,250,189.751292
301.0548,250,190.365985
40.42715,209,190.506948
229.23782,250,191.233462
220.72282,250,192.026803
254.68263,250,192.099331
-4.7259817,123,192.514441
107.644066,210,192.803703
0.057873324,118,192.904194
282.7434,250,193.539145
229.20972,250,193.931307
-36.805656,100,194.707411
282.77795,250,194.836421
278.4757,250,195.110298
272.4739,250,195.563623
278.38882,250,195.803136
218.9887,250,195.85327
274.32895,250,195.946051
260.04678,250,196.801425
241.50838,250,196.932241
13.981532,92,197.063616
-52.589146,57,197.242771
-45.319073,61,197.395758
217.04805,250,197.627442
337.18164,250,198.433741
88.73405,194,198.856652
272.17465,250,198.914937
331.92627,250,199.179094
311.35812,250,199.296199
277.52252,250,200.032023
36.8796,138,201.181838
250.07489,250,201.525682
261.8235,250,201.822648
-24.581936,71,202.067942
291.1346,250,202.282336
233.82181,250,202.664284
66.67944,151,202.664284
288.51846,250,203.509678
258.6255,250,203.633364
162.43687,250,203.754274
283.19357,250,203.93577
262.59756,250,204.338622
-37.568996,69,204.389893
330.73438,250,205.618205
231.3787,250,205.667497
253.94438,250,205.939345
267.0669,250,206.039895
-61.31464,58,207.558738
319.05426,250,207.780852
345.37634,250,208.112662
224.31703,250,208.474465
189.32033,250,208.736279
301.46072,250,208.986882
281.99307,250,209.470632
328.03497,250,210.505675
305.17398,250,210.674635
317.9854,250,210.820229
343.6337,250,211.019072
317.88626,250,211.50369
296.05728,250,211.578353
-74.11728,36,212.459374
293.22253,250,212.78073
15.562452,132,212.81086
289.60745,250,212.841134
285.19846,250,213.204725
329.89136,250,214.573493
260.11227,250,214.794649
43.369686,171,215.097005
250.01509,250,215.177327
158.9619,247,215.422298
286.5916,250,215.76401
262.25613,250,216.477792
303.5556,250,217.610225
327.03763,250,217.740643
92.0686,198,217.922002
239.64632,250,217.923002
331.25296,250,218.393965
260.5633,250,219.565109
265.81702,250,219.595268
240.26663,250,219.625384
300.96814,250,219.998259
208.02483,250,221.359949
365.5517,250,221.589232
261.46356,250,221.833158
297.2862,250,221.884445
316.16016,250,222.092683
346.73965,250,222.395112
314.02307,250,222.971547
256.34595,250,223.979878
219.16573,250,224.110893
324.702,250,224.292618
336.41504,250,224.292618
347.75494,250,224.735726
230.73817,250,225.866304
282.22867,250,225.904367
305.81818,250,225.926603
276.84,250,226.276575
211.03004,250,227.625803
341.6223,250,227.871825
326.50845,250,228.10426
306.732,250,228.164122
283.83554,250,228.356755
314.11136,250,228.676023
278.89856,250,229.233049
282.59973,250,230.179475
335.7058,250,230.330334
243.59482,250,230.512065
425.01425,250,230.512065
123.4797,196,230.802018
329.65027,250,230.997424
33.83184,148,232.004593
155.83223,243,232.206388
310.17386,250,232.449825
259.69336,250,232.892303
-68.5724,30,233.121992
86.0267,188,233.466769
286.4939,250,234.330408
249.47784,250,234.54383
253.02942,250,234.845932
291.05624,250,235.357597
306.93216,250,235.923741
376.5972,250,237.008981
334.79495,250,237.160993
318.02237,250,237.351927
307.46558,250,237.351927
321.47592,250,237.655627
376.73904,250,237.826254
211.60313,250,238.765382
313.7347,250,239.167057
271.58743,250,239.511895
321.05133,250,239.714167
283.57184,250,240.043544
339.15298,250,240.859961
322.56488,250,241.082038
291.19168,250,241.376422
322.05743,250,241.954191
335.10107,250,242.577202
309.34222,250,243.566576
294.88934,250,243.708452
269.69403,250,243.899214
244.24956,250,243.899214
302.2757,250,244.160959
262.1871,250,244.33381
257.27432,250,245.179226
299.83783,250,245.552746
308.84903,250,245.896078
295.56482,250,246.097784
296.32968,250,246.419715
229.39915,250,247.350067
328.17035,250,247.685864
314.41217,250,248.072347
325.1398,250,248.677795
362.05252,250,249.421711
355.1259,250,250.48635
344.79788,250,250.615937
-56.0954,51,250.793628
339.45355,250,250.794624
391.05103,250,250.794624
363.50098,250,251.069411
297.9937,250,251.260909
361.29974,250,252.136759
323.88144,250,252.497532
396.1573,250,252.957657
295.75455,250,253.232887
258.03787,250,253.578693
343.6223,250,254.47068
337.98996,250,254.702582
361.3588,250,255.006809
-85.55545,25,255.33937
323.12064,250,255.500339
126.20001,201,256.168082
128.2792,205,256.298687
354.86908,250,257.164891
227.76683,250,257.305974
377.75305,250,257.479268
291.4649,250,257.771987
304.09525,250,257.950757
303.14676,250,258.898679
389.48215,250,259.273849
276.75803,250,259.635952
328.08624,250,259.859276
299.12656,250,260.171023
276.82574,250,261.007212
317.15616,250,261.510496
212.98233,250,261.831195
305.04886,250,262.025872
320.69626,250,262.659067
357.2968,250,262.771452
238.30995,250,263.719926
268.2099,250,263.900173
330.5033,250,264.130367
269.4325,250,264.465173
281.28656,250,264.686451
288.66583,250,265.684975
254.72487,250,266.088135
298.5846,250,266.450093
310.54187,250,266.644374
293.77765,250,266.974309
298.54346,250,268.104004
294.64578,250,268.787488
307.15057,250,269.204199
279.66455,250,269.464488
252.09099,250,270.393842
337.53802,250,270.515682
-9.182124,97,271.391346
229.6496,250,271.551395
248.96674,250,271.682405
258.4935,250,271.874151
297.97418,250,272.146817
258.3914,250,272.336632
268.7846,250,273.356775
280.1954,250,273.786127
386.7333,250,274.175215
327.03345,250,274.385915
402.00525,250,274.74941
305.52203,250,276.228951
253.76451,250,276.561428
287.54544,250,276.769471
268.3255,250,277.39533
354.5936,250,277.508497
315.0939,250,278.282504
277.59714,250,278.477632
304.44128,250,278.627255
340.9856,250,278.812625
282.71124,250,279.129092
281.29053,250,279.323996
302.5463,250,280.386114
267.16232,250,280.845549
306.30145,250,281.309694
297.62625,250,281.531024
255.3253,250,281.882679
328.90964,250,283.364479
273.8721,250,283.71592
309.98148,250,283.906739
264.73898,250,284.612058
295.8917,250,284.758052
283.50882,250,285.507399
276.96838,250,285.65841
249.013,250,285.799532
-20.619967,78,285.920708
348.03265,250,286.001115
250.68681,250,286.302727
295.3266,250,286.481715
257.9034,250,287.469279
239.73392,250,287.845847
275.44235,250,288.207603
256.18274,250,288.418166
293.44653,250,288.741817
282.39975,250,290.185739
321.08133,250,290.696829
275.32452,250,291.344298
287.3242,250,291.455013
291.1443,250,292.172276
286.8558,250,292.322449
241.30573,250,292.454071
309.20044,250,292.554718
299.45404,250,292.634727
307.27597,250,292.916463
283.57513,250,293.107924
236.06439,250,293.995403
302.38138,250,294.379484
313.04825,250,294.760212
276.38928,250,294.96223
288.3753,250,295.342345
318.29773,250,296.975965
320.39377,250,297.568897
387.76498,250,298.225892
369.56995,250,298.326519
348.94894,250,299.025107
308.9612,250,299.184271
402.93658,250,299.313857
293.05554,250,299.42474
255.81104,250,299.513221
-22.293661,80,299.656125
373.0238,250,299.787261
359.55994,250,299.988367
353.30756,250,300.854084
357.48978,250,301.256742
303.11057,250,301.618969
306.65396,250,301.811263
391.32407,250,302.173154
339.49237,250,303.585001
283.07925,250,304.885144
340.1443,250,305.006188
308.27798,250,305.691115
341.0256,250,305.862182
359.46008,250,306.000964
369.07306,250,306.103796
329.3336,250,306.184269
333.8126,250,306.343991
385.62952,250,306.475741
296.24545,250,306.677013
349.73697,250,307.574916
298.00604,250,307.968601
423.3867,250,308.332342
35.61988,133,308.41199
316.62576,250,308.555786
268.2073,250,308.876596
336.945,250,310.316918
296.63242,250,311.617653
347.83575,250,312.446121
357.94824,250,312.66702
305.2249,250,312.838315
312.64926,250,312.967411
313.89453,250,313.060684
275.96365,250,313.260712
374.9095,250,313.41347
298.1835,250,313.642952
325.1774,250,314.571363
367.82693,250,314.943042
341.84116,250,315.325624
393.9717,250,315.396314
338.60492,250,315.528162
404.63147,250,315.861063
377.8934,250,317.312671
337.39627,250,318.592223
325.21225,250,319.308126
385.53986,250,319.45786
310.70474,250,319.606774
301.08142,250,319.709414
315.26926,250,319.780472
317.64716,250,319.941067
323.05154,250,320.089937
382.95847,250,320.282899
359.30402,250,321.166795
349.0031,250,321.562129
402.6397,250,321.976788
302.24014,250,322.058196
297.59155,250,322.208152
293.4667,250,322.57107
317.39087,250,323.977377
380.8713,250,325.230307
259.93454,250,325.903584
353.1733,250,326.065052
367.43146,250,326.198289
252.67442,250,326.314744
260.29477,250,326.396338
367.5434,250,326.548406
349.06613,250,326.689801
267.68652,250,326.881822
308.1979,250,327.88729
291.878,250,328.424581
264.3657,250,328.948696
283.1199,250,329.058963
311.01627,250,329.24716
260.24588,250,329.718423
345.92358,250,331.37831
295.03082,250,332.789437
373.65524,250,333.504535
324.63895,250,333.685475
320.8967,250,333.836365
345.82516,250,333.948195
345.8281,250,334.0385
285.18726,250,334.201036
293.5544,250,334.341284
332.34573,250,334.53262
279.43707,250,335.447175
365.72336,250,335.861409
271.76016,250,336.224849
290.56104,250,336.314519
348.44882,250,336.446665
319.9755,250,336.789322
308.40393,250,338.190303
308.95517,250,339.449742
322.70386,250,340.174445
315.80685,250,340.325587
301.16342,250,340.446402
332.45322,250,340.554797
281.94553,250,340.637257
265.13232,250,340.778231
278.15106,250,340.909175
333.07782,250,341.080456
308.134,250,341.98841
267.6536,250,342.409793
285.83118,250,342.768026
282.3273,250,342.854868
259.64645,250,342.990011
320.1106,250,343.39283
295.61893,250,345.085765
321.41864,250,346.434994
252.76303,250,347.160319
331.41812,250,347.313757
344.05212,250,347.442837
317.9719,250,347.563771
364.0425,250,347.65536
323.08804,250,347.815833
301.5137,250,347.94763
340.1445,250,348.135984
332.31134,250,349.026549
337.8081,250,349.417615
272.18796,250,349.790075
297.52942,250,349.870914
282.1024,250,350.01146
288.01404,250,350.362835
246.8662,250,351.736047
301.68277,250,353.076847
403.05322,250,353.782037
292.19025,250,353.963451
374.91733,250,354.094787
407.5632,250,354.214904
358.36115,250,354.293896
329.18793,250,354.436952
285.21735,250,354.565655
254.08078,250,354.758883
284.16254,250,355.644208
287.85748,250,356.026839
420.8025,250,356.419343
345.132,250,356.500002
355.94022,250,356.631482
337.33606,250,356.964581
415.94675,250,358.372369
204.78716,211,359.704545
252.15158,250,359.733707
298.0896,250,360.561343
337.02643,250,360.772779
269.82257,250,361.055447
346.16345,250,361.154117
351.52866,250,361.347602
312.15942,250,361.478885
285.16434,250,361.690094
315.3674,250,362.585493
311.9847,250,362.971215
279.05942,250,363.352916
268.9187,250,363.443714
302.50485,250,363.564448
253.71126,250,363.906804
278.76587,250,365.528854
274.71658,250,366.925477
302.69257,250,366.955656
375.91275,250,367.671443
318.5325,250,367.832732
470.73758,250,368.084601
385.20935,250,368.166363
262.18176,250,368.336723
317.93735,250,368.477993
421.8322,250,368.658978
262.91666,250,369.597433
362.1255,250,370.08256
339.96423,250,370.457328
399.07437,250,370.537979
319.82013,250,370.669744
325.9194,250,371.011909
339.94763,250,372.436002
431.75104,250,373.715736
283.4708,250,373.754094
301.60147,250,374.542503
313.08994,250,374.736099
312.5339,250,375.041755
330.44748,250,375.147815
279.37173,250,375.388772
321.51147,250,375.555821
330.03098,250,375.783441
263.84027,250,376.901947
476.67212,250,377.406076
358.90372,250,377.836551
281.8349,250,377.931623
299.98798,250,378.093351
377.93777,250,378.576173
335.6888,250,380.056311
352.2235,250,381.385745
379.0824,250,381.425937
432.59952,250,382.167515
304.3313,250,382.332417
274.67603,250,382.602931
346.62332,250,382.6949
334.63516,250,382.881289
308.8382,250,383.061983
309.63177,250,383.331811
394.3673,250,384.367955
393.95383,250,384.822092
317.835,250,385.268311
383.2197,250,385.369231
347.27197,250,385.518887
413.0145,250,385.949179
288.4524,250,387.557882
331.89575,250,389.406285
318.05734,250,389.447357
353.2028,250,390.497636
430.91425,250,390.744432
363.8631,250,391.076363
302.03836,250,391.21297
373.09842,250,391.464962
362.77155,250,391.663515
273.3175,250,391.964635
413.50656,250,393.237415
322.84555,250,393.814287
289.10336,250,394.285641
318.42642,250,394.359021
317.80276,250,394.508681
341.07437,250,394.943677
386.61594,250,396.562378
337.47467,250,397.88109
396.3688,250,397.914206
395.639,250,398.663727
334.65283,250,398.8336
335.95337,250,399.070823
306.88837,250,399.16158
451.67834,250,399.319159
328.51056,250,399.450868
362.9476,250,399.657331
342.53693,250,400.560298
438.14023,250,401.061277
370.26273,250,401.480201
339.223,250,401.58516
364.90585,250,401.744903
351.17587,250,402.15524
453.42404,250,403.790591
395.80383,250,405.14638
365.7894,250,405.18606
417.08084,250,406.004342
345.54477,250,406.197983
389.61493,250,406.499727
347.1113,250,406.582458
425.89868,250,406.767334
398.42773,250,406.911381
324.3247,250,407.09537
336.75638,250,408.263932
399.54617,250,408.80004
354.34482,250,409.288369
362.32922,250,409.385698
411.05283,250,409.535674
405.44168,250,409.907299
371.85782,250,411.402694
415.10413,250,412.8128
366.15808,250,412.853204
300.4842,250,413.600909
369.5688,250,413.791665
389.64606,250,414.047374
371.54535,250,414.128958
386.67593,250,414.299787
435.18323,250,414.440745
346.97766,250,414.622011
374.68375,250,415.487979
403.05414,250,415.88112
353.38455,250,416.263448
382.41916,250,416.333889
434.92755,250,416.454962
488.1477,250,416.786719
374.80313,250,418.267164
351.71695,250,419.582454
399.15518,250,419.602549
362.23196,250,420.317132
373.57104,250,420.47807
345.55994,250,420.720585
365.71848,250,420.821177
376.86353,250,420.982508
360.5854,250,421.133803
402.34027,250,421.313101
398.1942,250,422.202161
398.75534,250,422.594309
371.94196,250,422.94653
363.83762,250,423.03741
384.9963,250,423.178559
338.15506,250,423.57077
439.55743,250,425.262624
450.14108,250,426.611354
418.24832,250,426.642308
372.07736,250,427.368243
419.62973,250,427.529153
405.78552,250,427.782107
385.17703,250,427.862623
399.5092,250,428.022597
426.71524,250,428.143924
359.48978,250,428.344566
308.98972,250,429.241196
466.15536,250,429.634107
383.1499,250,430.0272
375.50537,250,430.118952
381.95502,250,430.248872
383.35956,250,430.599601
342.24686,250,431.981279
395.05386,250,433.291242
283.47177,250,433.321578
354.03583,250,434.01458
343.35016,250,434.17773
337.8669,250,434.39917
320.87894,250,434.479852
437.91183,250,434.640777
378.38754,250,434.781819
363.67126,250,434.960701
355.0281,250,435.839839
300.21317,250,436.241719
356.7931,250,436.605909
380.9224,250,436.693392
337.25278,250,436.826162
355.0966,250,437.146903
336.44388,250,438.560512
353.3546,250,439.92089
351.15305,250,439.960134
399.39413,250,440.787153
310.3139,250,440.976929
337.49362,250,441.302011
376.20264,250,441.402545
369.8951,250,441.564963
346.39227,250,441.685776
368.23047,250,441.875788
360.01788,250,442.782414
362.83914,250,443.165537
368.79993,250,443.527679
389.96918,250,443.608353
345.6742,250,443.73929
376.1018,250,444.101868
331.94492,250,445.497665
309.79636,250,446.712063
320.2558,250,446.742215
409.14175,250,447.447335
389.76935,250,447.596339
367.86893,250,447.830299
375.03558,250,447.911774
330.98563,250,448.088541
436.60114,250,448.261804
368.27762,250,448.485384
377.11343,250,449.503388
408.7447,250,449.997379
343.90457,250,450.42994
380.89993,250,450.520736
351.34357,250,450.692614
369.4915,250,451.105374
324.1761,250,452.665366
374.9767,250,453.90479
360.20422,250,453.936943
360.5458,250,454.65084
355.52682,250,454.803657
367.4604,250,455.055223
351.85574,250,455.156696
461.80798,250,455.345196
358.3404,250,455.518731
464.8578,250,455.729928
395.8581,250,456.920137
324.70874,250,457.494748
365.05606,250,457.927829
357.98404,250,458.01833
381.25693,250,458.180461
23.95073,106,458.330575
386.59314,250,458.583036
345.78476,250,460.331409
428.87766,250,461.946751
400.89493,250,461.990595
407.9415,250,462.910669
364.4939,250,463.440248
349.53018,250,463.54885
391.43875,250,463.753118
344.92145,250,463.898954
315.70206,250,464.118239
394.6823,250,465.101706
369.26462,250,465.504909
374.02,250,465.907981
509.73294,250,465.97939
418.6593,250,466.109143
351.21683,250,466.240871
349.21048,250,466.463043
378.0313,250,467.969981
306.39337,250,469.168712
381.18356,250,469.208993
358.96243,250,469.86468
476.45554,250,470.22654
411.8438,250,470.305009
367.1258,250,470.46841
379.2175,250,470.599524
365.1882,250,470.771832
363.9347,250,471.66615
373.06723,250,472.120587
396.47217,250,472.63437
386.83643,250,472.727208
482.21808,250,472.898079
387.90927,250,473.071182
442.78516,250,473.333412
383.8574,250,474.708852
438.43146,250,475.899643
343.14627,250,475.92979
407.59708,250,476.594886
494.0531,250,476.968727
388.1327,250,477.069062
372.79865,250,477.231325
373.51346,250,477.371679
394.411,250,477.542874
-59.597893,35,478.128577
425.10892,250,478.399293
411.37085,250,478.772091
443.64285,250,479.122129
376.82065,250,479.205023
438.9638,250,479.31563
449.14865,250,479.44459
436.7335,250,479.638839
376.8558,250,480.949182
438.58673,250,482.248887
374.719,250,482.280241
467.01807,250,482.954105
459.1093,250,483.326939
341.80002,250,483.405436
477.13748,250,483.690003
402.7846,250,483.858965
387.05475,250,484.434798
375.70633,250,484.71457
417.79327,250,485.080404
416.09476,250,485.431793
371.50485,250,485.502211
377.86777,250,485.6228
476.3843,250,485.745982
429.59604,250,485.956266
432.08224,250,487.316224
344.4597,250,488.734556
373.03674,250,488.764718
305.92468,250,489.531185
390.47028,250,489.894064
369.7743,250,489.974852
371.84927,250,490.257218
352.44614,250,490.448718
471.4266,250,491.023528
369.13342,250,491.29638
389.7726,250,491.657524
386.66895,250,492.020054
443.76184,250,492.110551
438.58682,250,492.231206
443.0843,250,492.363108
399.71344,250,492.563494
433.50284,250,494.008362
448.51678,250,495.194149
431.0676,250,495.22431
458.3557,250,495.878577
512.81854,250,496.241181
425.9865,250,496.312848
430.95465,250,496.5836
391.56433,250,496.765176
448.2611,250,497.349963
543.46783,250,497.662593
569.77423,250,498.134012
434.42752,250,498.468811
315.23175,250,498.559413
499.93896,250,498.688575
555.1495,250,498.830695
510.89774,250,499.081125
435.70078,250,500.567052
412.86304,250,501.783298
452.3894,250,501.803387
453.1141,250,502.487827
531.66284,250,502.889678
460.21442,250,502.983227
461.59702,250,503.336019
428.45786,250,503.557845
549.9647,250,504.243319
471.119,250,504.565436
391.00662,250,505.027667
555.6492,250,505.442607
377.45322,250,505.523035
464.26874,250,505.671694
454.68515,250,505.794836
469.09406,250,505.996164
472.3034,250,507.356625
440.4309,250,508.901824
407.09274,250,508.940187
509.13354,250,509.716367
391.5184,250,510.172741
446.2607,250,510.270366
472.57526,250,510.602863
395.97934,250,510.82244
466.5349,250,511.502739
459.47604,250,511.801091
469.97192,250,512.173997
440.63724,250,512.535625
359.28253,250,512.626081
452.84317,250,512.766754
512.79816,250,512.887714
466.76,250,513.109631
487.83813,250,514.511711
503.9474,250,515.73015
417.31668,250,515.761404
407.3094,250,516.415415
453.39474,250,516.777363
471.9827,250,516.88689
539.1512,250,517.241524
425.66568,250,517.463127
476.31348,250,518.08577
422.12207,250,518.35038
459.98788,250,518.720246
503.96518,250,519.055773
384.34912,250,519.125281
442.9168,250,519.286806
389.0097,250,519.446825
438.76614,250,519.679473
477.04697,250,521.291291
488.4229,250,522.510699
426.43768,250,522.539839
443.47696,250,523.215747
466.5759,250,523.599117
406.61545,250,523.667437
416.83395,250,523.942222
443.39056,250,524.112496
424.7264,250,524.745375
554.8841,250,525.007369
448.64038,250,525.371098
466.379,250,525.706245
394.13528,250,525.785786
477.86133,250,525.916701
503.88373,250,526.037661
429.91742,250,526.22716
415.60117,250,527.579979
478.32886,250,528.77785
491.27072,250,528.818033
442.88547,250,529.569812
493.99866,250,530.001821
469.78204,250,530.083274
473.59543,250,530.372131
415.58597,250,530.553107
438.3786,250,531.180253
512.3338,250,531.511417
478.30328,250,531.91466
392.14438,250,532.267158
435.5322,250,532.345885
420.86002,250,532.487156
386.14087,250,532.599706
533.9072,250,532.832073
531.30255,250,534.283356
391.9993,250,535.962977
450.312,250,536.010798
435.49747,250,536.9391
491.95444,250,537.435436
502.9089,250,537.528433
419.13144,250,537.871941
466.54175,250,538.047528
457.03622,250,538.681204
465.47437,250,539.038495
535.84564,250,539.49703
393.9534,250,540.027187
490.24744,250,540.129766
527.20233,250,540.272642
489.6019,250,540.417209
480.1332,250,540.656158
500.97614,250,542.140026
464.8821,250,543.351273
505.91547,250,543.389324
546.7227,250,544.07561
513.96606,250,544.478686
491.30655,250,544.558413
380.97928,250,544.832355
429.06274,250,545.003305
566.651,250,545.616729
489.593,250,545.924467
516.88165,250,546.33121
518.987,250,546.684187
513.14374,250,546.774455
430.18112,250,546.914088
527.36896,250,547.045214
489.47403,250,547.280317
449.719,250,548.719298
460.3192,250,550.171839
517.12946,250,550.200763
454.8364,250,550.907332
563.05835,250,551.306588
460.95483,250,551.405564
501.8141,250,551.736704
460.72952,250,551.94763
472.7822,250,552.684753
540.30054,250,553.043634
476.29987,250,553.51492
511.06653,250,553.895464
526.23773,250,553.98064
457.69196,250,554.116351
498.23825,250,554.262279
510.7902,250,554.492111
500.92615,250,555.866961
495.2929,250,557.124641
430.56183,250,557.151826
486.6195,250,557.831491
477.04306,250,558.234333
531.20575,250,558.326576
517.35913,250,558.622993
469.35556,250,558.816466
438.17075,250,559.45388
497.4388,250,559.855714
508.08188,250,560.320606
521.4941,250,560.709054
510.55234,250,560.787845
529.6732,250,560.935449
524.8189,250,561.066405
488.10245,250,561.288529
475.43127,250,562.83019
492.506,250,564.062531
507.49777,250,564.100704
401.4698,250,564.794485
490.55035,250,565.221514
442.14804,250,565.311346
485.0458,250,565.654304
517.80786,250,565.842216
468.88065,250,566.540879
478.797,250,566.836636
531.76227,250,567.255454
481.7037,250,567.739113
483.008,250,567.835779
526.14355,250,568.005822
460.38916,250,568.177737
492.83994,250,568.45643
486.15027,250,570.293806
487.3879,250,571.884065
523.2422,250,571.912303
558.8103,250,572.678281
542.84607,250,573.086624
506.6186,250,573.183929
534.11316,250,573.492001
476.4588,250,573.672811
499.33728,250,574.366413
500.95477,250,574.653278
519.4148,250,575.061691
472.5829,250,575.508845
516.27576,250,575.599349
517.7941,250,575.743555
496.38712,250,575.894871
503.75537,250,576.105428
501.7738,250,577.559577
555.8584,250,578.78237
454.20364,250,578.802575
544.1798,250,579.609782
422.08188,250,580.003165
488.3739,250,580.088402
508.33902,250,580.388047
544.303,250,580.600539
548.59607,250,581.262342
575.6529,250,581.583456
451.9206,250,581.991008
500.52167,250,582.383565
469.69894,250,582.470612
477.50803,250,582.616271
491.4667,250,582.749696
555.60065,250,582.942128
531.6935,250,584.64175
526.18335,250,586.225313
522.5326,250,586.260222
515.34094,250,586.998053
553.79456,250,587.386699
532.2859,250,587.466966
527.4919,250,587.780471
503.50278,250,587.994883
520.23364,250,588.682572
525.0822,250,588.98025
537.0377,250,589.429023
474.17264,250,589.819932
553.9054,250,589.913692
483.73282,250,590.030329
476.72614,250,590.164888
559.9796,250,590.380771
526.98126,250,591.757883
487.56067,250,593.002316
482.61203,250,593.040651
474.54166,250,593.727828
516.6519,250,594.092125
512.2664,250,594.180368
591.85626,250,594.4545
527.06024,250,594.617816
503.47662,250,595.193597
505.2525,250,595.48816
475.4278,250,595.889221
530.5582,250,596.26491
517.92346,250,596.335581
540.1867,250,596.475986
546.0658,250,596.636309
612.3652,250,596.903927
571.4587,250,598.272973
559.19006,250,599.554899
567.3734,250,599.595018
491.2987,250,600.427352
556.5094,250,600.895129
555.0165,250,600.994525
466.10373,250,601.334385
540.59625,250,601.553156
516.0451,250,602.186803
440.6283,250,602.480763
529.06903,250,602.868676
505.10745,250,603.2325
516.21796,250,603.316529
487.59283,250,603.432778
510.45657,250,603.566521
549.5565,250,603.780122
469.89102,250,605.166135
517.06055,250,606.403664
525.9005,250,606.433022
471.08875,250,607.106406
513.49146,250,607.484522
518.8215,250,607.554988
529.7114,250,607.836669
503.42792,250,608.007585
508.87152,250,608.622999
547.06506,250,608.913044
541.5602,250,609.281735
403.6999,250,609.639505
529.21045,250,609.709924
604.7301,250,609.848965
433.73944,250,609.979858
508.386,250,610.163102
568.5207,250,611.523789
477.36996,250,612.709438
554.17395,250,612.741762
524.5412,250,613.478835
561.95123,250,613.862947
513.5679,250,613.950952
535.40234,250,614.24596
534.78107,250,614.42633
600.88873,250,615.000625
533.87726,250,615.303352
508.93796,250,615.747731
603.183,250,616.199148
451.65973,250,616.291826
598.0386,250,616.442831
527.79767,250,616.604144
509.92935,250,616.835894
600.35406,250,618.46631
555.9624,250,619.851208
567.5228,250,619.894606
464.46982,250,620.623522
500.52554,250,621.02836
543.9624,250,621.121774
458.3749,250,621.405889
537.9824,250,621.614844
453.638,250,622.255512
571.40924,250,622.557441
509.10794,250,622.940286
536.73303,250,623.284726
515.3962,250,623.364376
512.4833,250,623.493378
536.9316,250,623.627876
560.8966,250,623.881476
559.05865,250,625.484945
548.80975,250,626.90637
561.7842,250,626.937587
536.3435,250,627.763564
567.05505,250,628.317317
566.50336,250,628.421983
542.54584,250,628.820974
539.73785,250,629.12672
547.6284,250,629.841338
555.4212,250,630.173967
507.6041,250,630.674803
534.6103,250,631.130356
568.3516,250,631.243952
560.65,250,631.440351
553.56775,250,631.616095
549.1923,250,631.880254
517.8101,250,633.592722
492.54788,250,634.950547
562.31006,250,634.985452
502.83395,250,635.72565
490.37518,250,636.11672
587.3682,250,636.202487
567.41315,250,636.492977
525.6583,250,636.703759
520.63824,250,637.30597
505.28452,250,637.617762
547.7451,250,638.030834
535.8627,250,638.380981
602.0522,250,638.473347
547.3837,250,638.604303
540.5064,250,638.736538
545.94574,250,638.947908
552.4375,250,640.310422
574.5755,250,641.526577
548.08673,250,641.556715
479.1867,250,642.300066
576.6229,250,642.697041
576.2863,250,642.776709
495.92203,250,643.088726
557.81714,250,643.302367
467.0115,250,643.962753
569.20233,250,644.253175
520.5566,250,644.643449
571.41113,250,645.015612
499.7673,250,645.096478
553.9919,250,645.226837
530.39795,250,645.351755
539.9597,250,645.550322
479.9649,250,646.923851
566.736,250,648.383002
589.75946,250,648.421919
578.36395,250,649.260895
553.5773,250,649.678103
598.5645,250,649.755144
541.37286,250,650.037978
577.1274,250,650.220441
590.4601,250,650.823172
575.09296,250,651.081445
576.049,250,651.481311
594.6877,250,651.86892
610.5788,250,651.95744
570.8454,250,652.130273
539.995,250,652.290561
588.3423,250,652.512771
547.1936,250,654.151747
559.6099,250,655.425771
507.64993,250,655.45494
562.1633,250,656.149718
536.093,250,656.554105
427.68057,250,656.644936
548.37695,250,656.967091
587.5498,250,657.186295
583.32635,250,657.880085
535.1713,250,658.166711
539.39044,250,658.550889
548.76874,250,659.00648
595.9881,250,659.124487
592.6862,250,659.306479
584.19196,250,659.466929
574.2162,250,659.745432
585.85535,250,661.225935
555.2422,250,662.696833
582.71814,250,662.734684
566.86395,250,663.500027
571.7204,250,663.995283
593.28107,250,664.100094
568.616,250,664.45425
540.57666,250,664.709542
560.391,250,665.492286
587.174,250,665.824312
566.1433,250,666.262001
525.99084,250,666.691744
584.64874,250,666.793811
573.58344,250,666.974621
548.6042,250,667.149332
580.51294,250,667.358624
582.71405,250,668.845437
542.1095,250,670.302154
565.62244,250,670.331078
537.7982,250,671.067357
556.24585,250,671.51498
548.89325,250,671.612759
523.5433,250,671.936646
576.5399,250,672.130487
555.3955,250,672.705001
545.285,250,673.01254
534.99554,250,673.39065
581.6192,250,673.819016
525.32574,250,673.891135
555.62274,250,674.039863
537.0409,250,674.178141
518.9524,250,674.400971
544.3781,250,675.866432
563.5307,250,677.126831
575.3058,250,677.156309
562.64215,250,677.890815
554.4781,250,678.265151
563.6195,250,678.348007
589.84515,250,678.644846
573.9136,250,678.835682
553.9022,250,679.461349
549.5041,250,679.82591
547.06616,250,680.294509
581.8329,250,680.792085
572.1446,250,680.885909
584.2466,250,681.066281
529.9304,250,681.239337
593.54047,250,681.520258
590.2578,250,683.094783
568.16095,250,684.336041
564.7188,250,684.378395
581.193,250,685.118971
547.78143,250,685.51826
587.018,250,685.608316
594.2701,250,685.919534
541.1357,250,686.105551
585.34656,250,686.745085
589.86755,250,687.042725
585.1683,250,687.446893
546.24207,250,687.853824
540.9974,250,687.930565
521.39386,250,688.090903
577.1514,250,688.256598
530.5446,250,688.501672
564.76514,250,690.193726
590.8417,250,691.706874
525.9823,250,691.75399
563.69525,250,692.478538
559.5195,250,692.959687
574.20935,250,693.046783
597.78424,250,693.369449
566.8458,250,693.552662
565.48535,250,694.187091
583.2012,250,694.494265
587.7128,250,694.891311
535.2413,250,695.300565
577.25494,250,695.412291
529.20245,250,695.560178
573.3222,250,695.719072
536.41315,250,695.965624
567.0396,250,697.653977
481.39636,250,698.904677
562.7396,250,698.934802
544.5623,250,699.63332
529.23535,250,700.024525
543.53925,250,700.130462
561.6634,250,700.455385
551.8889,250,700.654054
553.13824,250,701.310097
546.7904,250,701.570681
519.35364,250,701.956444
558.5068,250,702.333561
560.27673,250,702.425148
509.16846,250,702.544657
576.05914,250,702.675388
546.2145,250,702.894715
564.8334,250,704.34821
570.0716,250,705.741182
570.66077,250,705.779189
601.6833,250,706.575736
590.88904,250,706.970105
568.81757,250,707.052736
557.2854,250,707.341164
600.0029,250,707.55956
560.4957,250,708.174677
535.9476,250,708.471245
543.2924,250,708.840007
549.4901,250,709.22362
571.16943,250,709.30703
587.9166,250,709.422475
539.9018,250,709.557131
498.89273,250,709.755276
578.0878,250,711.268737
598.51324,250,712.835999
567.99713,250,712.869123
530.54865,250,713.714793
592.4584,250,714.134732
597.2282,250,714.218046
583.81244,250,714.499923
576.4867,250,714.694344
575.6657,250,715.293343
601.7124,250,715.585615
583.6418,250,715.974358
614.0028,250,716.38747
553.4383,250,716.483273
609.6714,250,716.609308
550.97565,250,716.745254
556.4528,250,716.956638
606.97614,250,718.409703
596.47784,250,719.762958
561.4737,250,719.79121
481.1118,250,720.55931
448.40173,250,720.94873
456.2418,250,721.039367
575.29663,250,721.306792
523.06,250,721.49474
531.37616,250,722.134826
547.1594,250,722.416085
525.9147,250,722.790428
500.51834,250,723.153024
577.3699,250,723.223378
550.3994,250,723.354635
551.401,250,723.48579
572.52325,250,723.676987
551.5166,250,725.076494
549.6345,250,726.326004
566.33453,250,726.356292
591.15643,250,727.031827
592.077,250,727.486375
574.2407,250,727.586205
578.66974,250,727.903393
578.8479,250,728.138578
579.2286,250,728.906416
586.83246,250,729.258663
549.3227,250,729.722398
589.58496,250,730.092746
562.1158,250,730.175182
535.20953,250,730.306103
587.12494,250,730.446186
573.1527,250,730.63941
527.6606,250,732.022665
513.02655,250,733.427662
550.69086,250,733.463016
573.638,250,734.286614
566.9863,250,734.713415
407.93167,250,734.803414
545.989,250,735.114938
535.13544,250,735.3097
586.97144,250,735.876283
564.1423,250,736.156097
565.0135,250,736.520753
489.12387,250,736.853446
539.91766,250,736.935114
560.6254,250,737.094464
583.13794,250,737.242017
567.19116,250,737.481292
585.43134,250,738.922936
581.7535,250,740.130575
583.0548,250,740.152752
420.27557,250,740.847965
565.7562,250,741.259372
476.93216,250,741.331928
548.71234,250,741.611692
597.6459,250,741.784971
550.62366,250,742.348897
567.8994,250,742.620655
568.0211,250,742.992785
530.53217,250,743.385422
569.9472,250,743.484416
565.6487,250,743.637706
579.103,250,743.789929
539.8684,250,744.051553
567.2797,250,745.694901
531.0363,250,746.908839
544.70764,250,746.941061
558.7567,250,747.606609
596.9922,250,748.059937
563.4061,250,748.168444
536.81995,250,748.506788
560.72845,250,748.724635
572.76996,250,749.438149
522.4997,250,749.762196
557.3576,250,750.246001
575.786,250,750.673515
579.4832,250,750.781031
555.9022,250,750.951972
563.0466,250,751.103926
577.8137,250,751.354987
592.10187,250,752.734219
559.3372,250,754.104494
558.80255,250,754.134837
543.56384,250,754.847867
531.17084,250,755.252868
544.8951,250,755.333405
582.6618,250,755.704243
579.7501,250,755.91625
577.8741,250,756.512517
526.32684,250,756.81456
540.23267,250,757.186066
554.1818,250,757.541362
558.37213,250,757.611758
472.95358,250,757.732767
405.52292,250,757.864024
590.3842,250,758.065552
598.5124,250,759.677589
581.99426,250,761.148113
535.25525,250,761.187867
533.8158,250,761.973145
542.355,250,762.384061
577.9089,250,762.454994
466.43555,250,762.779688
579.5745,250,763.003943
568.8901,250,763.73766
552.39307,250,764.10088
520.08716,250,764.529601
548.6391,250,764.949103
580.8736,250,765.034926
546.97766,250,765.178163
567.4291,250,765.325886
571.053,250,765.552548
567.29517,250,767.595772
532.81915,250,769.765884
533.6393,250,769.844675
575.82947,250,771.457557
550.6295,250,771.888999
566.1745,250,771.97783
469.76477,250,772.684997
556.8046,250,773.089752
481.89163,250,774.140157
594.75415,250,774.602021
601.25946,250,775.154359
541.15857,250,775.977101
601.65106,250,776.258765
547.38586,250,776.598369
549.63513,250,776.948076
561.95575,250,777.452312
556.8486,250,780.208174
570.2334,250,781.931982
573.2145,250,781.979047
561.7684,250,782.968872
595.1336,250,783.6354
591.57056,250,783.748178
543.8327,250,784.133295
578.7769,250,784.382103
574.464,250,785.046049
551.8396,250,785.365882
555.5418,250,785.790286
572.66064,250,786.202153
582.0771,250,786.294309
570.5369,250,786.445347
591.6729,250,786.637432
500.03427,250,786.887623
557.2357,250,793.344119
555.5137,250,798.194408
573.83386,250,798.257512
572.97107,250,800.995107
587.16724,250,802.240922
565.16724,250,802.545912
613.616,250,803.380095
554.2056,250,803.822297
500.64493,250,805.910464
482.35867,250,806.706295
578.83167,250,807.552469
591.2187,250,808.795904
581.5592,250,809.51581
531.5092,250,810.634825
579.8743,250,811.020684
529.07135,250,811.477127
502.20572,250,814.147076
550.36554,250,815.795628
558.5581,250,815.826545
542.791,250,816.784254
567.1344,250,817.989971
549.90247,250,818.160565
540.6582,250,818.580458
546.5772,250,819.078933
560.19006,250,819.863971
560.3918,250,820.385433
550.60736,250,820.911402
562.59735,250,821.672733
483.44885,250,821.840071
533.76996,250,822.231559
541.1679,250,822.565737
546.61096,250,823.107368
496.74496,250,825.129793
575.24005,250,826.748418
583.1978,250,826.787727
580.39984,250,827.544217
617.86523,250,827.967609
598.6296,250,828.057972
555.0642,250,828.3702
578.6041,250,828.55075
552.9284,250,829.176788
524.7728,250,829.47643
564.012,250,829.911235
495.07736,250,830.357783
565.64404,250,830.458668
564.8204,250,830.589655
591.73175,250,830.711253
567.8133,250,830.933096
562.0047,250,832.322281
572.71246,250,833.600636
552.76184,250,833.647501
533.6217,250,834.357072
573.59924,250,834.802777
574.37976,250,834.88804
509.63727,250,835.223357
525.00995,250,835.417885
573.2745,250,835.99096
591.17975,250,836.272363
563.6905,250,836.666242
549.8752,250,837.057432
564.44305,250,837.130396
574.6571,250,837.260625
557.04083,250,837.399777
563.2689,250,837.593081
579.7797,250,839.114346
552.25183,250,840.684514
566.7767,250,840.722904
579.98553,250,841.592776
544.73773,250,842.014515
589.00616,250,842.162627
575.33264,250,842.449072
583.6721,250,842.630469
547.10693,250,843.258664
580.71,250,843.528925
494.3161,250,843.906052
431.46835,250,844.285042
618.6705,250,844.396614
600.29803,250,844.547617
525.3148,250,844.696424
557.1011,250,844.924548
573.37946,250,846.412401
578.0843,250,847.641358
576.9073,250,847.671623
490.1635,250,848.397218
593.3855,250,848.793613
585.71014,250,848.888471
539.6362,250,849.203838
580.4756,250,849.38505
542.0603,250,849.970053
429.0305,250,850.252695
577.03894,250,850.64671
516.9157,250,851.013353
587.58466,250,851.115189
572.55225,250,851.272805
536.64325,250,851.413759
599.9684,250,851.626409
599.1034,250,853.207079
589.51074,250,854.590513
588.79944,250,854.625222
568.13135,250,855.442972
595.2267,250,856.013514
582.10645,250,856.103233
578.43176,250,856.533577
592.4487,250,856.748311
614.88885,250,857.462295
542.0801,250,857.775944
580.7977,250,858.175318
554.0729,250,858.527338
511.66315,250,858.620013
618.3366,250,858.75085
564.9768,250,858.90175
491.78745,250,859.123211
569.8945,250,860.532105
573.6469,250,861.868489
583.9935,250,861.889246
576.39996,250,862.594568
578.9179,250,862.993639
594.6096,250,863.083698
560.071,250,863.355403
575.6566,250,863.537598
602.2355,250,864.265422
438.49158,250,864.572835
621.9437,250,864.977295
607.0447,250,865.489433
541.80853,250,865.594284
570.88916,250,865.754923
581.4194,250,865.896768
571.32477,250,866.111247
527.5353,250,867.527539
583.2557,250,869.096368
592.2375,250,869.13076
535.2331,250,870.20828
535.7928,250,870.971646
532.6546,250,871.10383
521.11646,250,871.708989
568.17786,250,872.027324
568.9713,250,872.928126
565.18365,250,873.333179
556.9622,250,873.836969
521.20245,250,874.265723
530.27673,250,874.364694
546.4033,250,874.512477
522.1789,250,874.645638
508.34045,250,874.933443
549.49725,250,876.675023
554.6535,250,878.082346
525.41064,250,878.112408
569.64264,250,878.972548
562.5664,250,879.419471
542.7566,250,879.563689
491.49893,250,879.996434
582.6052,250,880.199163
557.468,250,880.824227
581.1448,250,881.11855
571.24554,250,881.520982
571.3669,250,881.915601
536.7939,250,881.996548
555.80493,250,882.147131
561.8365,250,882.268769
571.9645,250,882.490768
599.1688,250,884.086316
584.34204,250,885.503289
598.28827,250,885.536132
596.2058,250,886.310762
594.0544,250,886.717715
577.62585,250,886.795432
556.37634,250,887.089031
589.07056,250,887.301964
603.40765,250,888.025679
562.1781,250,888.359051
597.7159,250,888.855209
573.55804,250,889.317856
613.30664,250,889.416219
590.151,250,889.579254
586.36,250,889.73057
533.9953,250,889.944003
617.5695,250,891.379639
607.13165,250,892.694325
591.5166,250,892.725616
609.57465,250,893.551249
604.35046,250,893.975697
579.8185,250,894.056298
542.45374,250,894.381134
546.09595,250,894.565432
564.63165,250,895.186011
597.9283,250,895.485467
459.0852,250,895.917176
573.0817,250,896.297968
557.89185,250,896.370871
572.947,250,896.514286
573.75226,250,896.661484
523.2422,250,896.911624
637.5598,250,898.362383
557.79474,250,899.700198
603.3116,250,899.747442
