#{"t_start": 1685045609.2179854, "env_id": null}
r,l,t
3.747964,96,2.561313
2.9796863,106,2.883104
65.542145,129,3.646731
91.95531,169,5.090448
-66.74721,42,5.1492
376.0622,250,8.051751
259.95865,250,8.051751
372.0551,250,8.051751
348.08923,250,8.051751
273.74094,250,8.051751
297.10242,250,8.051751
263.69797,250,8.051751
213.0995,250,8.051751
292.79205,250,8.051751
215.51707,250,8.051751
293.36047,250,8.051751
232.06213,250,8.051751
148.13486,182,8.92393
-61.61981,41,9.386797
99.22465,190,9.563783
-6.2356524,86,11.777045
79.84905,123,12.063732
311.438,250,14.069345
368.7875,250,14.157361
121.9897,171,14.157361
-89.70806,28,15.492463
352.88846,250,17.345389
345.4486,250,17.345389
202.8289,250,17.345389
240.67815,250,17.345389
308.4898,250,17.345389
199.49236,250,17.345389
294.3391,250,17.345389
297.31833,250,17.345389
301.0985,250,17.345389
-69.411316,33,18.392521
300.7263,250,18.630446
-59.602,45,18.757236
325.31,250,18.796473
-66.669235,45,20.184497
150.67523,250,21.114408
-45.89165,75,21.344427
174.8633,250,21.472378
435.1356,250,23.001213
275.53445,250,23.084793
156.7227,250,24.445434
235.9851,250,27.42352
268.65445,250,27.42452
288.30252,250,27.42452
250.02945,250,27.42452
267.5684,250,27.42452
304.99265,250,27.42452
369.5917,250,27.42452
277.36884,250,28.943182
241.7312,250,29.456787
-42.423447,58,29.836889
82.70058,189,29.890101
97.00729,230,30.11804
-69.00922,36,30.995287
-12.300951,97,31.067755
65.638535,179,31.092938
186.49075,250,31.576985
7.986501,120,31.742279
241.23444,250,31.846284
-2.6902995,92,33.323812
191.5048,250,33.82145
282.9248,250,34.837417
-57.466038,79,36.643588
224.92743,250,36.644586
267.32132,250,36.644586
351.6718,250,36.644586
263.3174,250,36.644586
204.26257,250,37.865911
154.00285,237,38.296293
280.77573,250,38.32115
-57.323593,51,38.483675
-75.49364,41,39.531539
339.3522,250,39.8056
208.56761,250,39.862142
401.735,250,39.905572
-38.53622,67,39.973724
275.7687,250,40.429279
251.39555,250,40.69063
240.13326,250,40.790598
-81.05096,29,40.829498
11.549684,84,41.647301
243.6697,250,43.004223
81.54843,168,43.308319
149.13821,250,44.289929
215.44566,250,45.922778
290.00092,250,45.922778
254.13762,250,45.922778
71.31606,168,46.068328
339.10294,250,47.616735
128.9996,218,48.793487
250.77809,250,49.217242
256.6524,250,49.259005
335.98758,250,49.326474
223.7841,250,49.943742
213.45876,250,50.018728
119.847015,250,50.061322
286.85782,250,50.403045
-68.88246,52,50.933047
305.06366,250,51.247638
193.7781,250,51.70039
277.45926,250,52.970578
-20.63336,91,53.54952
322.27856,250,54.870059
227.71619,250,54.870059
325.5788,250,54.870059
312.03864,250,54.98917
-21.812033,74,55.54852
264.73358,250,56.280109
-9.310492,108,57.108776
328.00125,250,57.435565
314.09857,250,57.880468
248.05249,250,57.97579
58.977966,191,58.278466
304.50488,250,58.630284
296.13474,250,58.75095
332.3368,250,59.074187
232.66743,250,59.517575
291.19794,250,59.748847
292.77267,250,62.530521
290.93152,250,62.530521
279.4132,250,62.530521
270.92392,250,62.662328
257.75705,250,63.208053
357.57034,250,63.863519
202.825,250,64.620646
489.9808,250,64.901847
274.62827,250,65.335766
147.496,250,65.433824
140.70143,250,65.687346
223.151,250,66.030356
305.55685,250,66.148224
282.77322,250,66.463544
24.94962,145,66.757613
226.54855,250,66.907112
260.75912,250,67.16855
-58.13697,50,67.203918
-57.176304,51,67.638883
-34.45059,136,68.002187
-72.61465,34,68.374434
-42.387505,68,69.040025
-20.647274,102,69.835752
-11.571787,85,70.035739
248.2568,250,70.258466
186.01883,250,70.258466
189.104,250,70.387859
359.52725,250,70.945084
91.112526,184,71.17691
20.308685,191,72.17434
-21.79803,70,72.327136
177.73355,250,72.398039
322.83606,250,72.690597
193.48483,250,73.242826
19.537058,124,73.738688
16.898409,114,74.602632
386.06613,250,74.763442
45.0979,173,75.054534
36.163567,162,75.105935
316.9453,250,75.38846
-10.364283,90,75.420487
177.5773,250,75.711076
186.80283,250,76.043394
269.134,250,76.658934
393.1496,250,77.857622
259.06815,250,78.414373
25.842766,128,78.414373
-15.2287,115,78.816866
84.29594,229,79.067304
78.946014,218,79.745656
352.87454,250,79.807283
-82.11427,48,79.83568
277.95404,250,79.87524
-75.27096,38,79.926598
158.14442,250,81.165568
68.06943,196,81.196681
20.480484,166,81.536119
361.33954,250,82.144617
180.38127,250,82.428115
273.2328,250,82.487461
239.17763,250,83.103738
-74.13526,27,83.273005
266.82687,250,83.48504
-66.034164,41,83.847895
-4.200241,107,84.553879
34.56302,161,84.768494
-64.35503,58,85.248635
214.8266,250,85.583964
212.28358,250,86.177259
171.58334,250,86.83054
212.32405,250,87.512962
326.08545,250,87.61377
265.92722,250,87.644448
250.57788,250,87.714134
278.05417,250,88.999981
-45.3209,52,89.195728
-46.891388,58,89.287674
138.2799,250,89.369077
20.489351,154,89.547527
120.00886,247,89.893491
45.01527,167,90.629667
-5.154468,152,90.750964
303.4336,250,90.96347
219.89236,250,91.312706
243.36617,250,91.625525
-39.631943,65,91.879941
-32.813564,87,92.171306
172.10754,250,92.273615
0.6842934,118,92.570184
246.29143,250,92.870302
-60.813026,84,93.491899
-49.696712,60,94.046341
5.9848843,120,94.218216
207.02022,250,94.305439
-43.341408,73,94.327644
280.55237,250,95.105926
350.23938,250,95.163488
280.5545,250,96.598044
274.4821,250,96.698523
-50.281414,55,96.725153
-6.9168825,85,96.789784
299.90366,250,96.789784
-73.078674,31,97.675015
275.05322,250,98.151202
344.12155,250,98.673587
284.21793,250,99.013514
202.2422,250,99.312188
214.4295,250,100.108853
318.88358,250,100.421916
-65.19595,59,100.976167
279.28363,250,101.107401
136.09644,250,101.754923
287.33994,250,101.955695
264.71176,250,102.086192
349.56357,250,102.995316
253.42845,250,104.478239
461.95422,250,104.569277
258.3802,250,104.669507
280.175,250,104.669507
203.26141,250,105.537553
-20.125313,89,105.689854
359.2809,250,106.050137
51.30685,145,106.354361
268.3046,250,106.58572
317.81424,250,107.120297
285.14792,250,107.793293
239.90904,250,108.105925
264.2306,250,108.589623
239.28754,250,108.703347
294.95578,250,109.256045
253.14256,250,109.536432
-66.27403,37,109.650144
-48.133583,57,110.410176
-19.151878,105,110.988912
-54.432762,48,111.08162
69.12752,184,111.222963
235.81747,250,112.162858
263.17313,250,112.256919
255.93816,250,112.384752
306.82697,250,112.384752
131.74252,197,112.535752
298.91394,250,113.454894
257.85992,250,114.052462
-0.46344015,102,114.052462
-17.353891,83,114.093839
-40.05605,59,114.455505
-47.89269,60,114.607785
249.23805,250,114.607785
35.696136,114,114.950408
2.391878,81,115.050639
276.03308,250,115.22069
-52.27475,46,115.530712
308.66565,250,116.429893
46.45766,154,117.588004
217.39597,250,117.86241
202.7048,250,118.276156
-17.216492,91,118.677349
35.60245,141,118.830629
-54.94799,94,119.493658
399.5361,250,119.738453
62.64907,155,119.769133
-67.63929,35,119.890087
132.11731,195,119.919146
104.85228,237,120.34971
129.648,193,121.340503
340.64453,250,122.07768
-17.399017,86,122.078677
339.82077,250,122.462429
295.6353,250,122.620595
239.42067,250,122.953104
483.51053,250,123.186743
-64.45919,44,123.79856
-78.1135,41,124.505356
-31.055822,84,124.70885
-39.044132,58,124.82639
357.9233,250,125.29985
392.9987,250,125.602643
334.20218,250,126.279792
274.63614,250,127.161441
281.78955,250,128.69816
230.01527,250,128.735068
273.17242,250,128.898291
208.43266,250,128.963969
266.8346,250,129.627477
283.7325,250,131.170994
309.4585,250,132.330683
33.80128,146,132.579706
281.69626,250,133.029811
-58.79832,46,133.178641
382.06955,250,135.452473
319.13113,250,136.73842
275.9525,250,136.985481
345.58075,250,137.10587
366.4265,250,137.599829
272.32736,250,138.384876
367.42572,250,138.833566
305.2494,250,139.976209
369.29816,250,140.002915
238.00922,250,140.143431
293.4076,250,140.167527
463.93005,250,140.62096
283.2265,250,142.543744
390.40475,250,142.722893
245.82257,250,143.107085
317.42203,250,143.213906
273.376,250,144.250509
296.66632,250,144.982105
399.59796,250,145.163523
315.31662,250,145.253357
371.5919,250,145.719525
-22.43854,187,146.139596
336.60962,250,146.421784
417.06705,250,146.806607
310.8647,250,148.037738
344.9762,250,148.076178
315.45193,250,148.226175
344.14185,250,148.657478
-60.51532,44,150.141713
333.15732,250,150.615349
272.51865,250,150.799178
311.29175,250,151.16113
298.18494,250,151.243513
325.0836,250,152.33235
192.08804,250,152.956274
273.0747,250,153.158879
304.12674,250,153.257901
239.77805,250,153.698818
261.78555,250,154.094554
409.63278,250,154.36656
361.07788,250,154.738932
297.16302,250,155.777639
332.01334,250,155.8089
344.75745,250,155.929901
388.4677,250,157.680018
307.40866,250,158.105821
254.34111,250,158.309466
338.2309,250,158.680575
403.5258,250,158.78154
275.1186,250,159.820661
303.89993,250,160.531273
319.1895,250,160.739516
301.7554,250,160.853611
357.54904,250,161.404745
356.9989,250,161.878072
299.4168,250,162.209235
364.0184,250,162.725311
-27.123577,81,163.874651
309.80984,250,164.171734
308.35886,250,164.209591
329.80954,250,164.379095
115.78614,202,166.077717
415.70197,250,166.634578
285.10236,250,167.166585
481.92456,250,167.381287
336.1317,250,167.901366
298.64127,250,169.273096
456.74097,250,169.887795
322.6912,250,170.150085
458.33777,250,170.684184
304.76822,250,171.138067
337.53516,250,171.469688
372.92578,250,171.954628
300.14792,250,173.002172
433.84692,250,173.244069
350.4,250,173.284295
365.06204,250,173.454603
328.44595,250,174.876273
271.74405,250,175.340715
275.83508,250,175.802562
34.460228,115,175.865337
270.21,250,175.976887
349.96024,250,176.430611
402.66797,250,177.548726
68.60224,151,178.053749
292.39224,250,178.174843
243.95108,250,178.436054
-6.80772,96,178.780577
334.98886,250,178.961034
350.33496,250,179.506935
388.14664,250,179.85813
272.92462,250,181.510215
250.24965,250,181.815157
280.66803,250,182.01531
185.15472,238,183.142925
229.43283,250,184.020612
364.0361,250,184.495452
389.29907,250,184.699385
336.033,250,185.233887
-75.62291,37,185.269429
314.88162,250,186.381474
384.19547,250,186.881948
309.19818,250,187.003609
385.41138,250,187.283055
347.90613,250,187.613925
438.39807,250,187.738089
293.11307,250,188.149649
315.55225,250,188.439497
330.6333,250,189.640007
304.61688,250,189.841985
249.71632,250,189.989124
-36.58366,65,190.352099
347.72003,250,190.959309
340.79648,250,192.226754
349.40427,250,192.40611
304.44833,250,192.861168
407.56567,250,192.893164
285.54028,250,193.927986
288.71094,250,194.455924
218.48647,250,194.579448
372.06927,250,194.845054
350.52716,250,195.22523
360.91193,250,195.373879
335.7279,250,195.861747
311.586,250,197.592894
425.5315,250,197.865919
390.622,250,198.028003
429.252,250,198.411634
413.37213,250,198.96616
-32.43263,72,200.196817
309.4463,250,200.22829
253.9431,250,200.419075
355.7696,250,200.881042
339.58264,250,200.913697
308.39886,250,201.972681
378.0265,250,202.506215
426.38638,250,202.627407
319.65723,250,202.910358
477.68973,250,203.240392
333.67816,250,203.363268
298.46695,250,203.777546
380.209,250,205.267319
363.6808,250,205.453936
399.55933,250,205.951187
383.29752,250,206.526026
406.40634,250,207.786977
292.7063,250,207.820569
375.26114,250,208.005734
400.05936,250,208.52711
367.06946,250,208.570489
-77.32544,28,209.395453
341.23807,250,209.589525
57.738018,118,209.589525
243.94742,243,209.908294
363.72952,250,210.270759
413.78403,250,210.578703
335.82733,250,210.923736
348.70636,250,211.064131
356.09805,250,211.526959
357.2045,250,213.192608
314.5946,250,213.443948
338.1938,250,214.5813
340.66876,250,215.829326
397.8839,250,215.863198
335.70447,250,216.046747
401.57703,250,216.502107
391.73795,250,217.400717
365.01123,250,217.609837
303.176,250,217.609837
413.77762,250,217.925162
368.7137,250,218.237877
297.40982,250,218.530053
462.00537,250,218.841642
408.07523,250,218.964552
357.0561,250,219.349089
382.2665,250,221.165505
410.58115,250,221.374518
339.58206,250,222.522081
360.47833,250,223.756784
338.31747,250,223.789514
332.10504,250,223.978216
372.88278,250,224.413717
320.38553,250,225.270686
406.23553,250,225.489392
365.60538,250,225.489392
318.38464,250,225.783215
377.898,250,226.114038
333.08212,250,226.347396
354.32068,250,226.660215
418.34042,250,226.781022
332.53836,250,227.196571
393.15964,250,228.830037
322.93295,250,229.063192
326.83023,250,230.447711
390.64224,250,232.197242
359.71066,250,232.226776
386.85507,250,232.478117
412.6168,250,233.213187
363.59122,250,234.515613
377.18167,250,234.771052
329.4822,250,234.771052
357.79916,250,235.122224
429.44507,250,235.482054
372.6375,250,235.784257
336.4224,250,236.230841
295.68503,250,236.348547
346.21512,250,236.865566
315.8466,250,238.734615
280.4237,250,239.039637
371.77072,250,240.24368
354.12537,250,241.511992
380.86914,250,241.528709
358.12384,250,241.721289
389.6291,250,242.196681
295.64792,250,243.06665
272.1913,250,243.308458
302.16553,250,243.308458
383.18347,250,243.640448
336.61917,250,244.034338
314.42416,250,244.341026
487.17206,250,244.680244
391.89673,250,244.812812
412.5107,250,245.258033
264.90472,250,246.824368
272.63443,250,247.041504
340.95422,250,248.086954
304.48257,250,249.31836
421.51935,250,249.355288
353.14664,250,249.544752
342.61865,250,249.986448
10.697842,109,250.06969
370.85788,250,250.871942
330.86615,250,251.087312
407.36423,250,251.087312
350.97516,250,251.370354
383.22546,250,251.696791
405.30853,250,251.971329
374.6837,250,252.307128
348.6545,250,252.431577
333.3052,250,252.804158
361.13718,250,254.438734
373.03098,250,255.478581
283.74777,250,256.64888
331.36954,250,256.679539
364.2075,250,256.871263
422.15036,250,257.321581
275.73242,250,257.42405
4.0519304,120,257.998837
449.39908,250,258.245257
393.3005,250,258.459491
280.42175,250,258.459491
329.57632,250,258.842103
273.68954,250,259.221206
207.62683,241,259.221206
236.7433,222,259.609857
343.2968,250,260.034384
439.77356,250,260.214948
43.220234,116,261.587606
297.811,250,263.907717
328.70712,250,265.324359
464.60727,250,265.358753
368.11353,250,265.593163
363.38367,250,266.187818
313.36325,250,266.843826
399.45532,250,267.145042
373.21747,250,267.376489
333.31277,250,267.376489
331.80518,250,267.657959
364.82672,250,267.977812
349.74542,250,267.977812
381.13635,250,268.277084
381.9974,250,268.637907
371.24844,250,268.769951
325.5697,250,269.927544
102.61209,135,270.042012
440.03592,250,272.112585
253.28708,250,273.480815
344.04236,250,273.518741
442.41782,250,274.356168
329.39688,250,274.954152
367.83133,250,275.232587
405.2655,250,275.465353
393.29675,250,275.465353
328.94125,250,275.817325
407.8269,250,276.198548
366.0394,250,276.198548
268.18707,250,276.513439
425.82965,250,276.865816
263.53696,250,276.997483
367.22083,250,278.255902
307.21124,250,278.399961
346.62747,250,280.530053
327.94116,250,281.893828
366.96008,250,281.943205
395.5369,250,282.729771
240.20354,250,283.278208
378.56952,250,283.575733
418.23566,250,283.798378
427.01193,250,283.798378
306.7547,250,284.13015
415.7742,250,284.512827
405.06024,250,284.512827
422.536,250,284.829711
373.0033,250,285.213781
374.79236,250,285.329839
283.31378,250,286.38238
413.0201,250,286.497722
321.28162,250,288.501468
357.49286,250,289.70362
323.93857,250,289.736767
364.26575,250,290.507157
417.87158,250,291.130482
299.22165,250,291.46606
303.13962,250,291.754187
378.77658,250,291.754187
437.11682,250,292.157039
410.05566,250,292.631882
308.68475,250,292.631882
208.81032,250,292.967857
337.10358,250,293.446949
300.28436,250,293.609864
335.82486,250,294.970797
334.86575,250,295.092195
362.12808,250,297.316158
290.46777,250,298.61701
277.99783,250,298.65541
350.6422,250,299.333359
287.18777,250,299.847238
368.16257,250,300.069665
485.94586,250,300.281013
353.4005,250,300.281013
452.84198,250,300.60217
349.50107,250,300.91769
256.6966,250,300.91769
300.81155,250,301.179679
503.65735,250,301.48268
354.96503,250,301.613497
493.895,250,302.692688
376.0603,250,302.820846
315.30783,250,304.898048
380.87427,250,306.10938
375.19376,250,306.149689
197.52365,250,306.845906
382.4217,250,307.449495
411.02115,250,307.722549
374.49472,250,307.964541
287.49918,250,307.964541
365.88608,250,308.308284
332.7556,250,308.657733
326.40643,250,308.657733
368.6725,250,308.952746
289.5568,250,309.323486
351.09216,250,309.456142
333.8527,250,310.613894
391.4386,250,310.744654
416.3001,250,312.75341
426.1917,250,313.996331
449.9637,250,314.041653
289.43558,250,314.878236
374.33728,250,315.413913
315.54645,250,315.64677
319.8003,250,315.867854
307.79156,250,315.867854
347.74442,250,316.169745
167.65686,184,316.290184
242.18825,250,316.490792
382.51733,250,316.490792
342.05786,250,316.755084
272.67963,250,317.088832
303.64557,250,317.198811
389.30264,250,318.33968
364.09616,250,320.296683
416.9949,250,321.494506
350.1152,250,321.516661
473.2838,250,322.221728
375.90604,250,322.73485
409.1024,250,322.958885
390.5363,250,323.203241
324.2457,250,323.203337
402.50723,250,323.553236
410.5551,250,323.692012
375.4107,250,323.943423
393.83698,250,323.943423
313.45282,250,324.258485
408.85434,250,324.642755
346.53076,250,324.782179
340.8357,250,326.056124
494.8084,250,328.072881
329.42438,250,329.293963
334.17508,250,329.332408
366.8913,250,330.05593
279.4201,250,330.572697
438.4758,250,330.825403
398.7875,250,331.035298
349.59247,250,331.035298
245.99733,250,331.330908
286.70215,250,331.440773
409.30444,250,331.654077
317.1535,250,331.654077
253.45912,250,331.904914
334.22235,250,332.22735
403.24124,250,332.348392
398.88666,250,333.489
342.87106,250,335.449126
292.79126,250,336.638606
438.81033,250,336.678796
314.39822,250,337.456298
332.09464,250,337.980045
484.79083,250,338.22261
347.25357,250,338.445092
415.03482,250,338.445092
367.3166,250,338.736226
291.15802,250,338.84829
517.9266,250,339.070624
348.41794,250,339.070624
408.6882,250,339.400841
345.75626,250,339.795231
492.28726,250,339.927054
357.2018,250,341.199713
317.04865,250,343.346294
464.7446,250,344.564955
380.78085,250,344.596195
312.013,250,345.290207
322.68445,250,345.86756
347.483,250,346.133788
448.79645,250,346.350846
251.3459,250,346.350846
315.04034,250,346.651335
348.41693,250,346.775043
466.81226,250,346.987598
333.67294,250,346.987598
287.3953,250,347.269608
302.45392,250,347.592743
329.54892,250,347.704314
359.97647,250,348.892045
358.1395,250,350.980586
367.28436,250,352.443254
476.9123,250,352.47669
283.47058,250,353.433138
360.67526,250,354.037035
355.5274,250,354.318283
370.88498,250,354.530676
326.66312,250,354.530676
422.95807,250,354.842707
488.77405,250,354.973547
21.858568,114,355.004733
376.00476,250,355.216324
389.50964,250,355.216324
402.4975,250,355.558697
381.48758,250,355.937685
434.8192,250,356.082154
346.73846,250,357.534324
18.72765,130,359.428835
453.2475,250,360.848056
349.53818,250,360.880445
401.99353,250,361.576039
300.4025,250,362.130612
333.52213,250,362.370987
526.3734,250,362.583613
379.583,250,362.583613
421.56723,250,362.885244
307.9508,250,362.9989
421.40854,250,363.21143
293.95178,250,363.21143
440.78503,250,363.502666
407.93597,250,363.81665
324.17163,250,363.941196
313.7862,250,365.077021
357.8301,250,366.851614
370.74356,250,368.233496
384.6236,250,368.26466
312.9433,250,368.980379
342.8653,250,369.495193
376.83005,250,369.757171
356.94214,250,369.949881
301.4595,250,369.949881
383.99405,250,370.242082
335.16843,250,370.362915
351.41583,250,370.574778
314.80573,250,370.574778
307.26517,250,370.847219
315.93945,250,371.199711
284.53723,250,371.332095
321.08347,250,372.620507
368.4089,250,374.620013
460.76514,250,375.993388
298.1652,250,376.033669
318.42477,250,376.706751
429.0082,250,377.220374
340.9059,250,377.474868
421.06985,250,377.694999
326.9198,250,377.694999
375.2863,250,378.007653
429.3362,250,378.140924
310.25174,250,378.332752
368.869,250,378.332752
373.2804,250,378.602828
424.97998,250,378.92733
364.25043,250,379.048892
346.87723,250,380.179676
322.49432,250,382.033995
377.10086,250,383.406034
337.66977,250,383.445751
498.02478,250,384.140008
290.13843,250,384.667537
362.31128,250,384.906954
303.91766,250,385.128362
308.66034,250,385.128362
295.66602,250,385.419963
383.20224,250,385.54081
273.7803,250,385.744124
397.33685,250,385.744124
436.79053,250,386.005746
316.05417,250,386.328377
335.065,250,386.450354
373.8,250,387.680506
488.2459,250,389.729053
361.05383,250,391.180301
330.2747,250,391.210503
383.69547,250,391.906353
413.80917,250,392.450449
327.3925,250,392.691797
438.0207,250,392.895567
335.8375,250,392.895567
317.4838,250,393.188306
392.84418,250,393.298187
378.03915,250,393.519592
484.9187,250,393.519592
341.74612,250,393.801664
334.33066,250,394.124557
406.45178,250,394.245809
392.8402,250,395.405271
370.23032,250,397.245887
-44.16199,67,397.440915
338.6918,250,398.644251
235.58487,250,398.673491
317.12897,250,399.389617
444.04996,250,399.884379
298.24237,250,400.105076
316.13443,250,400.314478
327.42593,250,400.314478
510.48102,250,400.599782
337.48816,250,400.717704
340.95105,250,400.920518
290.80923,250,400.920518
390.9493,250,401.162051
394.90216,250,401.477798
379.64624,250,401.597259
315.66833,250,404.722354
412.98608,250,404.902947
435.16882,250,406.20302
397.67245,250,406.233454
322.99777,250,406.899357
404.59406,250,407.424232
313.909,250,407.665802
418.34802,250,407.868326
428.74347,250,407.868326
320.29626,250,408.159773
455.36945,250,408.280309
422.41916,250,408.492775
430.17877,250,408.492775
470.41537,250,408.754386
304.95648,250,409.036084
345.56613,250,409.157509
453.37094,250,412.268757
397.5151,250,412.470442
349.04822,250,413.822733
352.06262,250,413.870984
519.9072,250,414.658187
408.09164,250,415.171967
420.66904,250,415.414244
396.17676,250,415.608209
321.3722,250,415.608209
469.49033,250,415.905599
397.83234,250,416.019044
378.68027,250,416.212153
439.81754,250,416.212153
333.92917,250,416.46278
382.73544,250,416.805346
491.42044,250,416.937423
444.92157,250,419.920459
334.8588,250,420.130832
306.40973,250,421.428192
460.83496,250,421.460407
414.07648,250,422.214284
399.06363,250,422.711284
359.40268,250,422.92007
435.95312,250,423.131332
348.91718,250,423.132385
463.8232,250,423.413412
326.52176,250,423.5363
431.41788,250,423.738461
379.93533,250,423.738461
469.16586,250,424.020542
358.831,250,424.351703
357.42242,250,424.463611
372.82858,250,427.315196
384.18954,250,427.496976
404.15817,250,428.65547
377.91702,250,428.684894
364.53552,250,429.36179
410.7705,250,429.865717
413.14532,250,430.084915
382.63278,250,430.278436
359.33826,250,430.278436
424.21347,250,430.552609
324.03857,250,430.660329
487.15326,250,430.863696
567.1451,250,430.863696
344.72736,250,431.105899
397.32178,250,431.407842
476.6293,250,431.521677
376.5973,250,434.298418
374.29108,250,434.468594
374.0194,250,435.706529
355.6597,250,435.739774
349.77908,250,436.525571
408.2936,250,437.100655
333.69672,250,437.342485
451.03732,250,437.586613
348.6267,250,437.586613
408.0715,250,437.906087
414.24338,250,438.035344
385.95572,250,438.237339
372.59674,250,438.237339
360.37338,250,438.470174
366.54947,250,438.803348
447.3023,250,438.923701
483.67517,250,441.786932
406.65454,250,441.960366
416.06946,250,443.121042
530.2627,250,443.150294
486.58328,250,443.827058
353.13312,250,444.328921
388.20593,250,444.561293
563.8656,250,444.762508
415.44406,250,444.762508
339.00653,250,445.062933
327.36267,250,445.175486
326.806,250,445.386917
352.6303,250,445.386917
376.97012,250,445.65633
391.26617,250,445.961826
298.05078,250,446.083794
365.0831,250,448.839904
492.855,250,449.020786
418.4052,250,450.200149
318.02124,250,450.238307
411.1747,250,450.953975
461.82977,250,451.502468
405.5774,250,451.771659
370.04514,250,451.994975
453.8169,250,451.994975
319.70856,250,452.336705
442.63663,250,452.467649
443.36523,250,452.709969
321.33865,250,452.709969
449.0947,250,452.980834
343.79724,250,453.334229
414.24506,250,453.455125
306.97412,250,456.388971
523.9099,250,456.583007
462.524,250,457.811364
434.57724,250,457.84164
361.92047,250,458.568755
448.29544,250,459.119995
486.4397,250,459.351931
433.27325,250,459.556598
486.83762,250,459.556598
496.0682,250,459.855917
417.92786,250,459.971232
416.00653,250,460.168946
417.07367,250,460.169943
443.0997,250,460.419576
469.28656,250,460.742221
470.99307,250,460.854733
448.37952,250,463.679532
483.69092,250,463.852119
441.35162,250,465.049542
416.65915,250,465.079813
364.62598,250,465.773704
500.23508,250,466.271902
527.62964,250,466.494166
552.9359,250,466.694972
473.66327,250,466.694972
351.81488,250,466.98373
441.43372,250,467.106911
403.52158,250,467.349833
519.0559,250,467.349833
503.4498,250,467.64931
410.25797,250,468.023381
312.28305,247,468.063829
40.11528,94,469.705907
68.53166,118,469.999668
454.3796,250,471.361227
443.90875,250,471.564288
503.86395,250,473.11066
404.6183,250,473.159841
398.51492,250,474.007971
330.37064,250,475.187914
424.68817,250,475.462756
487.21555,250,475.837992
436.12003,250,476.029326
536.03577,250,476.288423
477.58417,250,476.288423
501.97903,250,476.550354
474.63187,250,476.894159
522.044,250,476.934459
471.8867,250,478.517802
422.35452,250,478.762299
426.3895,250,479.949202
473.91068,250,480.128381
322.11548,250,481.307427
538.91547,250,481.329891
501.19778,250,482.01373
-73.69005,31,482.20689
442.4226,250,482.740004
453.84998,250,482.932763
402.93,250,483.214664
554.7018,250,483.325181
435.56155,250,483.548033
570.6071,250,483.548033
303.31137,250,483.841091
528.9396,250,484.222151
571.7614,250,484.273468
328.8814,250,485.945859
460.8138,250,486.248198
555.9198,250,487.496785
424.1581,250,487.661278
457.81943,250,488.841097
491.9615,250,489.546218
344.28964,250,489.735727
447.32327,250,490.291861
473.69772,250,490.493385
301.47794,250,490.795568
450.71707,250,490.916146
345.95178,250,491.117311
380.4228,250,491.117311
332.07187,250,491.390591
340.1781,250,491.695764
482.94748,250,491.721966
513.2858,250,493.175798
476.58722,250,493.424881
539.9044,250,494.615388
472.43253,250,494.785289
480.35098,250,495.933669
377.07373,250,496.660471
457.0816,250,496.861665
534.17975,250,497.397576
458.77344,250,497.596713
478.7678,250,497.861696
426.0847,250,497.971385
361.14804,250,498.185289
456.57986,250,498.185289
354.964,250,498.433863
528.67267,250,498.747174
485.0536,250,498.777334
469.13544,250,500.431064
504.74548,250,500.714167
420.4646,250,502.080317
439.9371,250,502.25355
466.58865,250,503.432067
441.4825,250,504.139244
472.6168,250,504.351806
422.03278,250,504.907548
531.5102,250,505.109336
468.58914,250,505.398279
467.9109,250,505.50111
535.4548,250,505.702411
407.3778,250,505.702411
361.6436,250,505.961989
503.33972,250,506.264375
549.4273,250,506.298295
479.44586,250,507.816606
447.72812,250,508.087564
457.46487,250,509.265538
422.0829,250,509.439504
428.44888,250,510.638204
539.4672,250,511.364347
351.82974,250,511.557558
488.2149,250,512.088862
289.59152,250,512.282336
355.3561,250,512.575753
331.4206,250,512.686023
475.25336,250,512.887756
551.46967,250,512.887756
504.1758,250,513.151202
473.107,250,513.483426
465.233,250,513.506641
464.22403,250,514.998402
438.46063,250,515.25983
446.787,250,516.592081
529.36334,250,516.792605
473.98947,250,518.156357
487.12158,250,518.931011
522.48517,250,519.145994
480.86493,250,519.677061
326.9606,250,519.920445
278.71548,250,520.299279
416.5641,250,520.469581
363.47827,250,520.763201
438.987,250,520.763201
332.5488,250,521.125977
469.86377,250,521.45946
515.3332,250,521.497674
542.6452,250,523.202242
513.49164,250,523.46763
524.2819,250,524.657326
324.1649,250,524.818664
435.00684,250,525.968589
483.34674,250,526.684862
494.3549,250,526.877164
485.42728,250,527.410651
383.86066,250,527.602857
468.18555,250,527.895088
521.8685,250,528.023944
498.34232,250,528.217114
561.3407,250,528.217114
540.18695,250,528.468798
530.4055,250,528.772347
533.5251,250,528.799505
465.07382,250,530.28462
389.20605,250,530.546982
477.9061,250,532.101546
508.33054,250,532.345655
560.47107,250,533.886314
499.91135,250,534.804135
524.86884,250,535.026001
502.5744,250,535.58113
494.01215,250,535.791717
494.02103,250,536.074122
512.4872,250,536.205075
490.6833,250,536.4172
508.72504,250,536.4172
408.22632,250,536.69995
480.9184,250,537.023135
336.4917,250,537.062608
536.2181,250,538.706425
332.23975,250,538.948095
525.98486,250,540.126998
333.8445,250,540.306673
488.00864,250,541.444502
503.9994,250,542.151705
485.23776,250,542.353532
497.20776,250,542.910806
444.01205,250,543.1016
384.4106,250,543.394769
552.9808,250,543.515562
483.3813,250,543.699207
460.60376,250,543.699207
539.9001,250,543.938578
523.23566,250,544.251187
365.26102,250,544.292574
496.24298,250,545.73103
363.08478,250,545.983078
586.47974,250,547.183328
370.95395,250,547.365128
448.75467,250,548.705047
565.8753,250,549.532441
462.04486,250,549.755347
522.82446,250,550.399083
551.9858,250,550.621128
513.8284,250,550.925162
368.13876,250,551.034599
492.38336,250,551.226438
505.6749,250,551.226438
454.30493,250,551.48915
513.7933,250,551.800533
514.25305,250,551.831506
565.389,250,553.362309
473.33585,250,553.62502
495.4203,250,554.833978
488.97256,250,554.995433
340.24295,250,556.125105
491.48404,250,556.841272
360.38885,250,557.09465
489.47766,250,557.667928
513.9414,250,557.870485
543.98004,250,558.182929
438.36575,250,558.321679
423.01187,250,558.545716
594.422,250,558.545716
465.411,250,558.818513
371.65204,250,559.212938
536.5535,250,559.242095
545.458,250,561.158056
560.2625,250,561.423386
520.18176,250,562.803854
472.93854,250,562.972001
536.34076,250,564.307132
486.2672,250,565.074567
352.33926,250,565.291464
476.10037,250,565.944384
387.31128,250,566.163793
367.7942,250,566.440336
454.92578,250,566.58025
547.9355,250,566.782723
471.64856,250,566.782723
522.49506,250,567.045336
519.1203,250,567.374286
544.5901,250,567.409528
354.46817,250,568.958939
508.56305,250,569.262575
445.45154,250,570.461734
365.97235,250,570.631047
497.63907,250,571.822431
421.8758,250,572.549476
387.41476,250,572.732786
374.7313,250,573.267851
484.22653,250,573.496048
455.21182,250,573.768917
463.41986,250,573.885792
375.16092,250,574.087035
479.8534,250,574.087035
523.6053,250,574.351612
507.07346,250,574.652863
508.75925,250,574.683151
474.36752,250,576.137369
494.41116,250,576.404473
399.77026,250,577.828639
355.75974,250,578.039037
574.1129,250,579.245619
392.17532,250,580.066268
482.92746,250,580.329478
517.7019,250,580.90589
455.68936,250,581.128047
551.11664,250,581.491474
456.64978,250,581.62929
540.17114,250,581.86735
441.2668,250,581.86735
502.93787,250,582.156777
546.5437,250,582.521346
486.58456,250,582.551036
-21.507397,80,582.883361
476.8895,250,584.072129
414.16068,250,584.326612
394.07336,250,585.547508
427.2264,250,585.738572
424.52078,250,586.926293
354.26663,250,587.612543
464.73212,250,588.347343
513.9359,250,588.558887
521.92773,250,588.83948
529.5549,250,588.95553
529.89813,250,589.165677
553.8717,250,589.165677
402.4687,250,589.415454
512.4195,250,589.73168
356.39505,250,589.748364
464.3249,250,590.104195
371.2251,250,591.454683
367.8541,250,591.747406
413.61545,250,593.208807
383.2636,250,593.461553
361.6769,250,594.762651
497.19714,250,595.656515
474.52307,250,596.55624
541.99927,250,596.799355
364.43222,250,597.129917
459.37112,250,597.277986
495.798,250,597.581109
405.47574,250,597.581109
500.12985,250,597.915826
510.57703,250,598.388371
467.36465,250,598.427588
379.15543,250,598.850272
466.63638,250,600.145187
534.7629,250,600.40861
397.739,250,601.670979
354.7054,250,601.846365
469.89728,250,603.060027
464.7873,250,603.788741
571.2965,250,604.519368
441.31308,250,604.712683
482.80643,250,604.989219
508.23074,250,605.111857
534.20874,250,605.323575
554.38477,250,605.323575
558.1395,250,605.560573
560.80786,250,605.872695
504.92682,250,605.906083
487.06882,250,606.23315
461.08862,250,607.373888
503.10477,250,607.617212
485.61612,250,608.807929
489.77875,250,608.986749
491.01312,250,610.150597
406.73746,250,610.8713
575.5762,250,611.768897
533.3252,250,612.034492
349.36493,250,612.387797
540.762,250,612.546214
364.37347,250,612.796202
314.6945,250,612.796202
575.09753,250,613.099113
583.01843,250,613.475082
551.9987,250,613.514146
459.61014,250,613.945632
578.5952,250,615.230195
583.8545,250,615.524724
574.8641,250,616.919646
379.55206,250,617.109286
555.30597,250,618.292887
370.67505,250,619.02707
535.33246,250,619.96895
529.0181,250,620.177408
493.13632,250,620.480365
502.07687,250,620.613882
503.75357,250,620.817811
483.06635,250,620.817811
454.62503,250,621.105137
502.19812,250,621.428744
563.64,250,621.472581
468.67975,250,621.821199
-36.794655,49,622.830267
512.11694,250,622.964169
459.07648,250,623.215886
368.26907,250,624.44052
456.62097,250,624.635372
387.4381,250,625.793609
350.29333,250,626.503991
414.18558,250,627.350378
543.47,250,627.620613
509.9406,250,627.949033
478.07043,250,628.097311
468.0897,250,628.33641
558.50793,250,628.33641
571.5804,250,628.613197
416.16766,250,629.002262
473.54675,250,629.433084
414.58673,250,630.754418
587.05676,250,630.897563
384.31458,250,631.173819
503.24652,250,632.362711
574.62836,250,632.542823
26.062006,82,633.138746
563.051,250,633.721866
511.61093,250,634.428137
371.65387,250,635.173826
507.2935,250,635.395402
387.0763,250,635.698131
620.4374,250,635.815197
506.2261,250,636.000467
550.8739,250,636.000467
619.3307,250,636.263541
581.4614,250,636.595958
502.93927,250,636.939765
438.49927,250,638.205272
562.27905,250,638.48323
361.28415,250,639.699663
530.0007,250,639.888627
326.50122,250,640.537121
464.58105,250,641.151925
493.49396,250,641.866816
530.84344,250,642.628325
500.82504,250,642.806848
483.38293,250,643.102438
427.97455,250,643.222072
428.0877,250,643.417593
377.5274,250,643.417593
424.7539,250,643.700481
465.75424,250,644.104038
529.3464,250,644.510361
356.94553,250,645.778584
394.2286,250,646.082721
416.6084,250,647.322337
516.2233,250,647.495165
534.05023,250,648.088431
475.5485,250,648.691805
523.33014,250,649.492443
434.03537,250,650.252585
344.47495,250,650.458395
515.09515,250,650.788156
496.99564,250,650.92753
506.9434,250,651.156926
531.008,250,651.156926
454.80658,250,651.488933
507.17456,250,651.913633
520.77655,250,652.348661
563.5255,250,653.728382
558.32404,250,654.022362
492.36435,250,655.378817
529.3187,250,655.554654
475.82144,250,656.184994
475.534,250,656.772635
489.07028,250,657.522102
464.96045,250,658.305616
492.74432,250,658.534116
522.44257,250,658.875488
517.5946,250,659.002804
375.19406,250,659.233324
474.10428,250,659.233324
535.183,250,659.55266
505.0622,250,659.956178
448.66907,250,660.376511
466.8752,250,661.686801
524.44037,250,662.02176
419.7864,250,663.256223
591.95996,250,663.421633
497.26202,250,664.005116
546.46326,250,664.626372
517.3359,250,665.30696
484.5794,250,666.082982
553.462,250,666.288139
532.37445,250,666.57143
415.92975,250,666.694058
494.45554,250,666.919346
472.68372,250,666.919346
523.67706,250,667.180225
501.42188,250,667.524306
499.64618,250,667.859583
491.24838,250,669.025324
378.59982,250,669.294103
476.5226,250,670.47018
533.13434,250,670.645605
327.01355,250,671.251603
535.58325,250,671.845542
533.583,250,672.662702
365.3221,250,673.481291
539.21014,250,673.698236
551.2545,250,673.965031
465.5334,250,674.082485
582.09454,250,674.283345
545.6674,250,674.283345
462.64655,250,674.516409
423.94644,250,674.833471
509.85797,250,675.173073
560.7082,250,676.372074
468.49704,250,676.669964
486.08435,250,677.960606
438.64194,250,678.170546
359.15048,250,678.819474
530.8095,250,679.414649
432.30765,250,680.112397
589.6612,250,680.869432
465.09525,250,681.063056
481.6743,250,681.344967
504.02377,250,681.456486
560.86096,250,681.6604
510.49173,250,681.6604
510.88034,250,681.931385
395.24142,250,682.265097
510.10855,250,682.628227
466.18192,250,683.840147
549.3455,250,684.089711
475.08423,250,685.317168
494.6797,250,685.488414
494.3835,250,686.13576
436.57874,250,686.710566
-60.799606,43,686.780855
502.99603,250,687.446845
581.8563,250,688.181444
477.11337,250,688.397294
526.88617,250,688.681713
439.2365,250,688.785059
457.94833,250,689.015515
519.6308,250,689.015515
443.898,250,689.283692
564.8952,250,689.616941
562.5485,250,690.012801
480.17407,250,691.264224
466.11874,250,691.620348
484.88623,250,692.951035
492.78082,250,693.787683
585.6239,250,694.384967
524.83057,250,694.441874
528.6444,250,695.103515
320.07565,250,695.842035
383.37073,250,696.054707
516.8185,250,696.336171
392.72156,250,696.454312
577.3917,250,696.650393
538.14276,250,696.650393
528.79865,250,696.917826
513.7958,250,697.265411
485.98026,250,697.628052
440.79092,250,698.804731
431.40085,250,699.060607
365.02023,250,700.252218
364.23834,250,700.998901
334.8222,250,701.563577
487.78012,250,701.61504
491.8316,250,702.270114
548.5585,250,703.015267
497.83774,250,703.227058
519.92084,250,703.515652
549.9584,250,703.628655
533.8451,250,703.815743
473.68234,250,703.815743
553.56134,250,704.094902
486.73434,250,704.409785
476.60068,250,704.737075
413.1892,250,705.850674
583.5106,250,706.101418
357.68112,250,707.286041
482.60294,250,708.103944
342.25565,250,708.772447
388.6856,250,708.839371
595.1508,250,709.550026
433.13043,250,710.423241
533.51416,250,710.684006
439.27032,250,711.028917
613.4666,250,711.170309
444.28806,250,711.402154
414.60416,250,711.402154
591.06775,250,711.725531
357.8794,250,712.136148
439.70566,250,712.561937
482.65854,250,713.921789
569.1404,250,714.257513
453.51752,250,715.468889
566.3175,250,716.246373
502.29395,250,716.860676
538.2669,250,716.923485
588.7407,250,717.589115
538.7252,250,718.323069
481.95047,250,718.528107
514.1647,250,718.825668
483.19586,250,718.94965
568.538,250,719.152164
521.89935,250,719.154183
369.41763,250,719.407187
366.8809,250,719.730129
391.05133,250,720.062312
470.14636,250,721.191994
508.3362,250,721.463178
459.65927,250,722.634082
532.6947,250,723.420573
495.82272,250,724.098063
549.34515,250,724.166658
433.23956,250,724.866112
475.59518,250,725.701754
526.4302,250,725.930688
446.52133,250,726.225143
380.92953,250,726.32802
594.7368,250,726.533402
636.4828,250,726.533402
632.2215,250,726.819994
488.61868,250,727.185694
550.21387,250,727.543753
544.49274,250,728.684159
484.97586,250,728.962691
569.5952,250,730.18792
522.7523,250,730.953477
537.3404,250,731.51069
576.9814,250,731.554009
523.20807,250,732.213279
575.45044,250,732.920847
615.75934,250,733.105977
546.2878,250,733.393719
643.4312,250,733.512108
525.1217,250,733.712709
547.301,250,733.712709
445.59845,250,733.962137
535.06775,250,734.297768
540.71936,250,734.649554
464.93848,250,735.730572
532.07025,250,735.992881
489.51645,250,737.183135
516.2626,250,737.950277
561.73645,250,738.495404
521.02844,250,738.554544
477.7062,250,739.207757
333.4537,250,740.037499
518.72156,250,740.280137
501.3534,250,740.591025
543.82513,250,740.713202
567.28357,250,740.944757
546.5236,250,740.944757
549.82623,250,741.231787
561.98474,250,741.639303
531.3772,250,742.023991
557.9321,250,743.203578
526.14166,250,743.458021
631.4568,250,744.656992
605.57355,250,745.443096
529.6747,250,746.019421
346.96176,250,746.068202
542.5731,250,746.723544
557.6533,250,747.511638
513.02454,250,747.712918
605.4339,250,748.004986
517.1768,250,748.11763
486.86133,250,748.323701
535.1872,250,748.323701
487.7697,250,748.57019
466.5247,250,748.932747
523.6925,250,749.266211
558.5422,250,750.38713
428.98746,250,750.640618
610.9256,250,751.819983
510.26212,250,752.579449
578.7494,250,753.145318
371.90237,250,753.206644
606.4898,250,753.842408
529.05304,250,754.585217
521.44617,250,754.789849
601.00714,250,755.07779
492.1047,250,755.232786
440.10254,250,755.446316
541.5393,250,755.446316
405.14774,250,755.750563
465.20926,250,756.156546
-54.375465,54,756.317554
286.98688,250,756.530606
-68.939804,36,756.903389
568.2835,250,757.849643
512.14844,250,758.14452
520.9339,250,759.35514
553.75586,250,760.202968
358.67413,250,760.807122
598.2961,250,760.865878
534.67163,250,761.567515
258.1647,250,762.576464
536.6311,250,762.852041
373.96338,250,762.969928
548.2142,250,763.170973
549.1185,250,763.170973
539.7269,250,763.799563
365.24417,250,763.935922
338.43005,250,764.132766
501.49588,250,764.470894
556.789,250,765.257254
538.8093,250,765.500466
539.1311,250,766.666151
563.2824,250,767.456161
459.31628,250,768.018554
377.6358,250,768.078442
614.1533,250,768.72301
547.2441,250,769.670856
358.18423,250,770.021513
531.2629,250,770.144052
519.249,250,770.390892
491.26126,250,770.390892
501.8951,250,771.194452
587.1696,250,771.45518
548.3785,250,771.814753
506.57538,250,772.443713
525.9952,250,773.79846
527.5327,250,774.205675
538.25165,250,775.925133
569.68176,250,776.902391
549.1902,250,777.700494
444.83105,250,777.781841
345.55093,250,778.577301
492.41934,250,779.656459
522.0894,250,779.938791
383.76114,250,780.0506
519.29535,250,780.269814
437.2504,250,780.269814
593.08105,250,780.854638
657.19653,250,780.998434
488.2768,250,781.199266
493.25903,250,781.531413
610.8299,250,782.339027
438.76855,250,782.589108
531.6141,250,783.726263
525.43726,250,784.4441
529.7207,250,785.007928
530.60205,250,785.074735
107.79522,152,785.391897
357.42062,250,785.691953
561.7456,250,786.591802
327.87576,250,786.858662
591.7716,250,787.002386
460.7611,250,787.216513
512.7252,250,787.216513
565.9179,250,787.911246
570.53674,250,788.061901
484.4391,250,788.700159
555.3083,250,789.599187
571.1922,250,789.875618
367.4597,250,791.097986
468.41205,250,791.864539
498.8225,250,792.437606
508.56366,250,792.500344
338.62683,250,792.864185
533.7851,250,793.181746
549.8768,250,794.136799
588.92267,250,794.439752
573.26495,250,794.577156
591.56866,250,794.772284
539.0371,250,794.772284
546.2511,250,795.365508
500.36353,250,795.503306
591.81433,250,796.026747
407.829,250,796.834431
379.7242,250,797.094114
470.54047,250,798.323529
616.1782,250,799.072285
353.66278,250,799.627884
556.9534,250,799.68615
359.0314,250,800.038736
502.77887,250,800.343097
534.0135,250,801.308929
456.94586,250,801.599063
566.1136,250,801.722015
462.28748,250,801.933975
545.44196,250,801.933975
545.654,250,802.519859
567.0189,250,802.660676
545.23206,250,803.193347
335.5757,250,804.052546
439.08078,250,804.354209
568.8411,250,805.676384
566.2184,250,806.689053
572.1678,250,807.307433
375.24124,250,807.370113
496.49765,250,807.740578
567.68427,250,808.063786
592.9975,250,809.227266
531.40753,250,809.657024
546.5697,250,809.818245
479.70187,250,810.049052
495.15424,250,810.049052
367.18607,250,810.965147
536.7247,250,811.183214
533.3965,250,811.890009
579.4825,250,812.817568
498.21692,250,813.083282
598.75323,250,814.373694
553.5464,250,815.1893
488.16675,250,815.82134
407.96744,250,815.894962
629.0263,250,816.271722
581.10956,250,816.609041
512.8681,250,817.69425
356.40585,250,818.015774
571.68494,250,818.159601
543.418,250,818.386269
592.3184,250,818.386269
561.9746,250,819.008445
568.1594,250,819.172259
435.44202,250,819.893236
476.4634,250,820.913238
548.9462,250,821.275787
551.17194,250,822.909631
333.7922,250,823.954014
553.5914,250,824.754619
617.1444,250,824.838279
474.5868,250,825.25008
599.13367,250,825.637358
551.6036,250,826.806634
624.0633,250,827.16414
621.2481,250,827.298594
583.9871,250,827.515054
532.96985,250,827.515054
585.58466,250,828.169987
447.18637,250,828.35415
352.5382,250,828.966445
340.7578,250,829.833231
350.0968,250,830.109397
597.7148,250,831.627683
508.97925,250,832.807611
555.6512,250,833.697896
508.48965,250,833.791164
575.18005,250,834.265985
623.15204,250,834.716361
582.9875,250,836.017928
590.4277,250,836.435947
604.61554,250,836.625952
559.2471,250,836.909123
563.2443,250,836.909123
600.56134,250,837.754491
478.67514,250,837.959016
385.27484,250,838.784482
559.6798,250,839.806214
461.96042,250,840.10208
532.84717,250,841.55136
535.9306,250,842.488147
525.2551,250,843.167828
572.8828,250,843.238914
564.16547,250,843.623742
522.2796,250,843.979964
586.437,250,844.99819
555.86816,250,845.290615
479.6143,250,845.418838
538.6531,250,845.634296
395.23282,250,845.634296
550.8151,250,846.249916
618.0907,250,846.411737
560.18176,250,846.983975
574.22076,250,847.975953
603.4908,250,848.434218
482.9683,250,850.086989
607.37305,250,851.391169
538.36176,250,852.171961
590.7495,250,852.246349
511.09204,250,852.783434
616.5679,250,853.376694
520.3338,250,854.827292
617.82404,250,855.224503
550.2824,250,855.383868
586.62573,250,855.629994
524.0592,250,855.629994
616.6906,250,856.365437
543.61035,250,856.510032
532.32605,250,857.156285
550.1158,250,858.043617
377.32492,250,858.296598
474.8683,250,859.538276
376.85278,250,860.366091
552.7952,250,860.950121
599.8987,250,861.01072
536.2914,250,861.360774
359.3798,250,861.702833
632.91077,250,862.681865
353.45575,250,862.962799
322.62375,250,863.084658
556.2054,250,863.295713
627.18964,250,863.295713
591.7963,250,863.902068
399.42108,250,864.052545
622.4786,250,864.627852
475.96075,250,865.445441
458.3212,250,865.707025
520.03375,250,866.90818
354.76843,250,867.907237
604.31573,250,868.677458
608.50885,250,868.848401
603.9959,250,869.49343
575.0038,250,869.889387
312.2562,250,871.143569
605.68634,250,871.478561
541.422,250,871.597372
543.7531,250,871.791511
524.06,250,871.791511
562.09796,250,872.419403
567.399,250,872.592713
633.27576,250,873.14791
605.97656,250,874.052781
598.84094,250,874.300209
560.1641,250,875.694112
605.0123,250,876.478461
488.97192,250,877.069486
480.64017,250,877.138099
537.3228,250,877.582531
570.74414,250,877.958819
590.1814,250,879.144135
543.7975,250,879.552562
327.8752,250,879.688591
548.99084,250,879.918275
492.74756,250,879.918275
585.0977,250,880.656889
625.0327,250,880.833489
351.84952,250,881.396862
580.8175,250,882.234164
496.5665,250,882.538789
548.9297,250,884.057687
583.4814,250,885.030927
603.5211,250,885.737022
510.60028,250,885.821037
589.8877,250,886.273672
580.82635,250,886.639678
481.48984,250,887.726869
377.33536,250,888.089425
427.23203,250,888.21216
527.3576,250,888.472451
522.06244,250,888.472451
637.7364,250,889.134237
336.50024,250,889.292931
493.10666,250,889.877824
575.0864,250,890.822796
568.25006,250,891.201923
596.48846,250,892.826354
489.95987,250,893.903306
587.7166,250,894.708744
460.0106,250,894.782818
346.70108,250,895.224462
557.3454,250,895.603195
319.82504,250,896.58337
310.56433,250,896.882159
455.76468,250,897.031382
517.51276,250,897.255906
511.15393,250,897.255906
606.8037,250,897.971324
540.05695,250,898.161436
473.63754,250,898.86669
625.93866,250,899.976388
543.7569,250,900.321541
376.48355,250,901.904918
561.6757,250,902.893064
541.24554,250,903.520079
361.949,250,903.60082
355.48434,250,904.004304
601.2224,250,904.377287
586.6213,250,905.37665
556.2787,250,905.700916
480.79193,250,905.821431
552.5348,250,906.06269
527.84375,250,906.06269
451.55157,250,906.737953
477.8189,250,906.899305
613.116,250,907.505069
532.88446,250,908.383161
594.1688,250,908.716812
491.183,250,910.078941
592.4097,250,910.945546
401.0389,250,911.611325
532.497,250,911.673774
604.9443,250,912.049259
353.20874,250,912.442865
607.3895,250,913.522646
630.661,250,913.851391
523.86487,250,913.971229
554.80096,250,914.173875
586.6644,250,914.173875
573.3642,250,914.824044
513.2271,250,914.981542
565.24457,250,915.643083
543.18695,250,916.716673
524.9079,250,917.056227
452.60757,250,918.647257
603.4597,250,919.548354
572.7556,250,920.204854
549.3162,250,920.266974
569.88165,250,920.677076
527.1634,250,921.011827
362.42596,250,922.350163
557.49774,250,922.773129
492.65045,250,922.922259
450.5121,250,923.197827
533.4621,250,923.197827
520.40295,250,923.963695
380.63474,250,924.135379
591.725,250,924.780956
566.46277,250,925.67877
531.12085,250,925.978173
428.5914,250,927.229654
582.6396,250,928.050472
537.9808,250,928.665293
561.9618,250,928.736835
580.2704,250,929.099837
566.7842,250,929.451668
576.56586,250,930.510573
469.61157,250,930.823037
557.34296,250,930.961995
555.6528,250,931.206717
540.5363,250,931.206717
588.0244,250,931.9438
631.0384,250,932.143943
381.94446,250,932.83122
538.54895,250,933.810953
531.8767,250,934.145381
593.049,250,935.503133
608.9564,250,936.423285
575.2086,250,937.149101
561.86163,250,937.234026
448.69705,250,937.644348
444.01242,250,938.028072
614.0231,250,939.06664
558.30115,250,939.371264
592.07684,250,939.492386
558.4911,250,939.713663
569.81213,250,939.713663
541.8452,250,940.488733
527.1484,250,940.692533
524.2427,250,941.436309
626.2074,250,942.337519
530.76324,250,942.725591
414.9417,250,943.990239
412.21292,250,944.792555
380.06833,250,945.424299
497.86908,250,945.491885
637.425,250,945.85876
459.73032,250,946.172303
568.29297,250,947.173883
591.8669,250,947.575019
463.70016,250,947.743459
591.4414,250,948.032375
600.24994,250,948.032375
367.15176,250,948.894589
558.74365,250,949.088281
578.40607,250,949.764594
577.43,250,950.765373
599.8559,250,951.106993
555.42676,250,952.629323
588.3362,250,953.627448
420.32358,250,954.421659
477.33707,250,954.502161
466.54672,250,954.919384
595.4035,250,955.268756
456.3796,250,956.284109
560.23474,250,956.577855
562.4135,250,956.708317
535.2646,250,956.909983
568.5715,250,956.909983
585.39075,250,957.586841
503.58728,250,957.74753
566.229,250,958.33195
576.21173,250,959.177816
534.35,250,959.462217
509.17786,250,960.692263
462.654,250,961.478898
341.07874,250,962.08418
356.92722,250,962.15172
624.50665,250,962.487436
600.38934,250,962.808369
578.17126,250,963.90631
507.4561,250,964.269737
527.41254,250,964.410075
452.47723,250,964.631716
574.65356,250,964.631716
629.85925,250,965.306438
489.31683,250,965.467868
355.70532,250,966.133388
548.2742,250,966.990959
404.34396,250,967.29123
532.9904,250,968.595549
589.0269,250,969.428922
445.37717,250,970.046327
436.46063,250,970.115665
505.09207,250,970.458083
559.2775,250,970.780725
532.30707,250,971.758858
534.95245,250,972.049723
645.162,250,972.170637
544.30414,250,972.392378
482.398,250,972.392378
621.4689,250,973.024976
566.8296,250,973.178924
597.8213,250,973.802012
580.877,250,974.631755
524.57495,250,974.913031
555.5586,250,976.142879
357.1478,250,976.908675
536.6163,250,977.524071
508.60617,250,977.584545
598.2294,250,977.936222
635.22394,250,978.260392
508.44046,250,979.246999
629.19446,250,979.583099
365.00284,250,979.713304
498.78452,250,979.955179
610.7457,250,979.955179
641.4495,250,980.668445
501.63315,250,980.832675
421.83963,250,981.485338
591.6585,250,982.483558
551.7682,250,982.75627
574.78217,250,984.090937
536.74054,250,984.988741
574.1114,250,985.625136
517.90594,250,985.685549
537.8128,250,986.069321
552.6174,250,986.420304
613.0834,250,987.473994
620.12836,250,987.823808
440.94107,250,987.935461
534.8559,250,988.157312
366.25583,250,988.157312
466.48117,250,988.824916
526.1827,250,988.97644
602.37445,250,989.592377
654.6203,250,990.421887
526.8136,250,990.702153
417.8354,250,992.014529
557.74365,250,992.872349
582.2559,250,993.484739
574.35016,250,993.547228
348.00385,250,993.889559
503.28146,250,994.253153
495.90417,250,995.342861
579.30975,250,995.684939
591.7725,250,995.824177
