#{"t_start": 1685785767.1745842, "env_id": null}
r,l,t
-68.36097,32,0.673077
-67.90257,44,1.078102
-49.3449,47,1.17825
-65.84285,50,1.263024
-51.9768,55,1.429031
-55.343937,58,1.541627
-40.91839,64,1.736255
-71.507286,69,1.894452
-49.241043,70,1.935585
-45.38005,73,2.041842
-14.635078,78,2.210722
-27.523508,84,2.39286
-15.687723,86,2.451816
-57.91241,88,2.506327
-64.49716,46,2.574313
-46.177097,96,2.77169
29.217745,103,2.991598
-76.29814,39,2.991598
-50.036957,51,3.082182
-27.975897,67,3.394753
-82.7769,36,3.536952
-42.06707,91,3.56787
-58.9366,53,3.56787
-51.259453,58,3.668847
-26.110422,87,3.877788
-51.27459,56,4.049714
-50.75973,54,4.096254
-65.7498,51,4.238596
-46.24347,59,4.299611
-38.763115,53,4.504056
-41.6735,55,4.631426
-16.521486,89,4.797885
-68.44579,42,4.854678
-78.6408,29,4.854678
-11.968756,97,4.885895
-60.282913,50,4.951131
-29.370937,75,5.138353
8.795896,123,5.223699
-51.951202,60,5.284298
-59.71522,55,5.439413
-77.67716,35,5.490557
-80.19142,26,5.619587
-59.604,47,5.619587
-83.02981,36,5.652845
-32.038204,83,5.750147
-73.30252,31,5.750147
-44.179993,65,5.952895
-13.766644,101,6.414276
-57.252007,47,6.555151
-63.427044,45,6.7074
-22.17993,90,6.736588
-47.317883,64,6.880999
-41.60301,70,6.880999
-64.241554,44,6.93837
-71.59937,49,7.017136
-48.057384,58,7.057306
-47.691105,55,7.29141
-67.27976,42,7.626388
-70.559006,38,7.896167
-65.21271,34,8.118503
1.2671334,103,8.238325
-7.175871,88,8.581884
-45.268036,65,8.771519
9.709502,112,8.99297
-69.41581,40,9.20805
2.139569,122,9.287829
-31.431078,78,9.348612
49.775257,153,9.408422
-27.530674,81,9.478939
-48.33266,77,9.660477
-85.97044,19,9.831526
0.776176,114,9.972361
-82.99892,31,10.237357
65.067696,186,10.237357
-12.768693,110,10.350109
-28.25471,94,10.437573
-63.3307,59,10.437573
-76.658714,30,10.684136
-59.4546,54,10.770526
-83.26012,26,10.949263
32.762608,148,11.248373
-13.101127,79,11.35561
-56.839645,46,11.503864
-13.375825,114,11.814539
-52.48647,55,11.901118
-26.570162,94,12.102339
-7.744224,112,12.132419
-65.39615,53,12.274915
-30.747677,66,12.31548
-55.24006,78,12.870456
-70.20689,32,12.990949
-22.353794,72,12.990949
-48.0377,63,13.046578
26.424467,177,13.242886
16.254366,130,13.273023
-43.675137,72,13.373689
-72.16539,33,13.828956
-59.493267,35,13.928521
-35.17546,81,13.979725
-54.345592,92,14.008054
-45.355873,50,14.157164
-36.119816,73,14.179358
-52.26635,49,14.229878
-28.249779,81,14.258013
-73.355804,30,14.582607
92.51392,235,14.6128
29.113562,174,14.683133
2.3118281,117,14.962657
-58.102913,72,15.085425
-70.84891,34,15.10552
-2.1917746,109,15.10552
-70.13728,44,15.74013
-43.430775,78,16.054683
-53.60189,58,16.174505
-4.7128286,116,16.290107
-41.024036,81,16.321276
-73.27245,95,16.527082
-53.626766,58,16.735738
-90.8149,35,16.762073
-80.7913,64,16.925421
-33.83087,77,17.114999
-13.830305,142,17.167858
-60.16837,111,17.191793
193.44792,250,17.217723
-54.18639,38,17.237352
-9.186734,117,17.393581
-51.89688,51,17.694006
-83.51283,24,17.810853
-96.51151,45,17.874499
-69.890076,44,17.874499
-78.945244,28,17.946239
6.462558,160,18.183476
-68.99094,44,18.240067
-90.44353,66,18.269353
-68.01902,36,18.309715
-60.63356,122,18.421341
10.271423,85,18.541228
-89.98898,26,18.573927
-33.25523,96,18.632883
-82.972336,24,18.884498
-5.397575,158,18.911956
-41.058346,83,19.064512
-29.185461,78,19.185709
-59.48462,44,19.367166
-77.08275,66,19.395355
-60.47196,51,19.488092
-43.620445,60,19.839967
-60.34639,53,19.962208
-74.10595,37,19.983753
-45.883602,50,20.122395
-42.82964,69,20.284768
-62.281155,47,20.353404
-26.588444,81,20.568119
-81.4907,50,20.587213
-15.441879,109,20.637427
8.103656,140,20.697819
6.4659925,116,20.748066
-96.5125,55,20.848473
-68.68102,98,20.869077
-43.158672,82,20.960428
-67.923134,41,21.000642
-70.766304,41,21.141734
-20.939793,128,21.182069
-65.02861,42,21.347697
-55.087006,62,21.505055
-45.408913,68,21.532798
-69.35779,47,21.868121
-49.759666,44,21.939474
-71.044586,38,22.089535
-38.148594,79,22.311171
-73.505394,42,22.381468
28.224346,124,22.471967
-44.733044,68,22.563781
-53.954674,65,23.136345
-58.741867,62,23.560309
-81.221825,60,23.933474
1.1153363,138,24.159069
-84.31898,21,24.159069
-24.466902,101,24.195507
-14.396623,122,24.195507
-45.71628,67,24.235676
-7.3874083,80,24.255817
-16.72718,96,24.467906
-7.7945704,149,24.529641
-26.769772,146,24.628602
10.1412735,139,24.658763
22.32903,152,24.688771
25.300003,133,24.770621
-77.180954,31,25.113792
-3.5184202,95,25.164356
-44.053543,67,25.987177
-15.000007,130,26.109995
-30.003979,116,26.321304
-28.811506,92,26.431928
-71.905914,53,26.483269
-13.146735,92,26.644106
-27.949118,70,26.835331
-40.020718,93,26.885594
-8.476167,101,26.916353
-12.002338,106,27.006511
-3.7349625,94,27.038756
18.228569,128,27.510417
-15.737551,116,27.578806
-13.087406,116,27.649643
-52.735214,69,27.671841
-6.750763,121,27.723177
-87.19996,55,27.746537
-49.711487,60,27.770669
-45.81373,69,27.792773
13.305985,130,27.822907
-70.242226,50,28.104961
-78.605644,56,28.204989
-43.954155,76,28.317644
-46.596676,69,28.58032
-61.573357,55,28.91205
-20.481853,95,28.940214
-41.09767,82,28.990357
-65.381966,51,29.052734
-30.951693,88,29.184462
-29.22695,85,29.727358
-26.403923,92,30.027969
-0.38427007,108,30.152159
17.869305,103,30.252705
-14.607015,106,30.34236
24.306364,106,30.41328
-14.221934,112,30.958452
-35.72728,137,31.049321
-32.414238,91,31.180183
-28.465553,103,31.560683
-25.521431,100,31.663755
12.633009,146,31.712097
-66.88831,68,31.965549
0.19005065,125,32.06642
49.75935,159,32.265724
14.667077,136,32.446871
-3.9256706,168,32.759537
-47.69872,74,32.812892
-20.88332,124,32.844257
-52.880608,59,33.204949
-50.97568,66,33.325639
3.690186,136,33.446293
-58.567554,132,33.476454
8.046172,98,33.516676
-40.06442,72,33.778974
-43.72106,80,34.260672
-22.633131,88,34.26269
-8.508346,165,34.482037
-38.569595,81,34.83455
-75.59915,62,34.83455
-16.288647,133,34.857258
-39.339615,70,34.906852
-13.440824,181,34.927041
-10.550238,156,35.047726
-47.673836,108,35.098012
-69.06531,39,35.19382
0.37680778,97,35.19382
-41.24151,110,35.470931
-14.874178,85,35.521295
-23.940956,86,35.621962
-57.92444,49,35.680222
-76.84771,31,35.703296
-26.074196,95,36.103195
-42.99513,78,36.175735
-7.4156384,126,36.559705
-0.99483883,75,36.762456
-62.9088,80,36.832026
-62.236916,69,36.903459
-25.981348,92,37.104325
-68.22183,79,37.144536
-38.49888,62,37.195771
-54.1862,64,37.195771
-54.716393,70,37.195771
-42.42187,96,37.195771
-38.736343,93,37.345867
-54.066177,49,37.376251
-48.265026,58,37.527006
-12.26357,102,37.627609
-40.00735,86,37.658887
-63.582455,45,37.688155
-79.37826,29,37.828763
-94.98646,40,37.909252
-73.02817,36,38.29248
-13.622194,107,38.372956
-46.897926,78,38.674711
-25.766647,95,39.239386
-83.93146,75,39.501743
-2.878467,99,39.836283
-37.917755,71,39.836283
-9.036223,102,39.862946
-0.8690113,112,40.228209
-19.113811,100,40.437159
-57.415726,60,40.467842
-16.342844,127,40.6989
80.95819,132,40.849324
35.933453,154,41.87833
55.04615,197,42.722172
-29.88066,92,42.752327
73.68196,181,43.236073
88.9686,202,43.30644
-24.49666,110,43.557831
-37.06838,73,43.749115
93.23809,202,43.850641
29.637154,126,44.101489
23.601519,140,44.151773
-58.9377,57,44.181921
36.90097,142,44.181921
268.74765,250,44.343185
75.500496,214,45.040079
77.46338,200,45.160214
77.04597,205,45.311185
-33.302544,62,45.341282
-60.739475,47,45.391702
106.181465,214,45.522541
-84.20867,22,45.601383
-3.9887826,123,45.834942
-24.156649,99,45.834942
95.613396,241,45.906495
1.7563725,98,46.346751
-39.109234,89,46.419818
26.820854,125,46.419818
-44.406315,74,47.152282
6.986258,119,47.335551
6.7498193,128,47.395862
-28.465523,96,47.76719
-45.865887,66,47.958341
46.89676,186,48.211873
-35.266956,80,48.373956
-57.877346,55,48.498109
-13.012736,125,48.676434
43.32143,184,48.705603
13.345767,128,48.99766
8.566949,131,49.068104
-56.717728,58,49.188744
62.03526,184,49.702385
-60.155014,39,49.954504
115.05456,213,50.760441
237.82704,250,51.506483
59.25758,183,51.866966
266.27893,250,52.100636
14.777974,119,52.148999
82.10354,166,52.504587
284.70377,250,52.605838
48.76781,179,52.683767
146.51581,192,52.726981
99.437706,168,52.856921
33.265713,144,53.299509
98.68503,195,53.561098
-38.8698,59,53.589241
231.20956,250,53.61259
-38.86436,76,53.782889
-35.209816,59,54.31003
-39.41779,72,54.508065
80.541214,186,54.589084
83.0598,226,54.698846
243.70738,250,54.727013
-67.20083,41,54.799408
75.48973,163,54.859877
-81.04697,34,55.230105
-40.863434,103,56.078576
116.363434,203,56.945516
55.707806,159,57.016222
49.21791,165,57.107279
-35.963234,101,57.458656
90.16684,166,58.114728
3.2791307,117,58.48771
257.98767,250,58.789291
-32.003906,78,58.981048
236.64899,250,59.150168
52.006203,175,59.568868
126.1051,239,60.100043
83.41135,197,60.33681
245.2309,250,60.49329
116.51454,245,61.755965
218.30109,250,61.796168
10.609086,126,61.831289
242.14647,250,62.08876
-44.77822,65,62.39932
257.3896,250,63.277222
283.57394,250,63.9821
296.9123,250,64.12298
65.61612,182,64.294653
262.14648,250,64.456721
-11.245113,98,64.485915
72.07396,182,64.808695
28.87678,118,64.949819
173.22296,235,65.161922
-70.630264,36,65.405978
42.879696,130,65.534544
342.3157,250,65.857
155.52815,212,66.056214
229.5828,250,66.229509
295.30392,250,67.347791
309.75488,250,68.33656
239.23018,250,68.820518
249.19412,250,69.595024
314.7263,250,70.331676
298.4164,250,70.463652
345.8167,250,70.6439
279.81842,250,70.785351
320.36255,250,71.179133
134.85626,198,71.239431
282.87323,250,71.361619
325.4533,250,71.611684
114.064926,217,71.647961
95.2944,171,71.792806
250.57732,250,71.934025
170.84673,249,72.036835
268.17706,250,72.46651
58.30181,153,72.488777
-67.26095,49,72.922431
-46.90751,56,73.071511
78.726105,160,73.365377
264.9645,250,76.391698
314.47513,250,77.118759
270.75473,250,77.237753
309.66104,250,77.418733
276.12808,250,77.568045
301.3352,250,77.912746
303.52838,250,78.226524
291.74323,250,78.255735
282.44995,250,78.392893
349.87457,250,78.496454
311.8998,250,78.609538
347.315,250,78.92315
307.37097,250,78.952459
277.22772,250,79.282673
309.79474,250,79.385241
300.77945,250,79.638375
299.0423,250,82.652876
250.75891,250,83.378225
320.50665,250,83.499027
311.29205,250,83.671421
301.45355,250,83.81957
298.25504,250,84.174105
308.62695,250,84.486487
321.5781,250,84.521163
274.71436,250,84.637995
307.63052,250,84.738845
295.78415,250,84.839469
309.88815,250,85.170051
319.52148,250,85.192168
268.20563,250,85.514555
-20.776812,83,85.564795
339.43298,250,85.624112
250.53014,250,85.866777
-80.03993,29,86.329897
294.15427,250,89.221264
299.68027,250,89.934802
335.39697,250,90.247757
301.70425,250,90.399347
300.3193,250,90.731797
302.56845,250,91.041434
332.12515,250,91.063545
316.34213,250,91.194704
234.38521,250,91.306256
309.1868,250,91.404481
308.45895,250,91.728662
344.24243,250,91.756777
281.17004,250,92.100777
269.61807,250,92.162942
328.94684,250,92.466355
293.6952,250,92.947314
322.93015,250,95.502396
28.464647,137,95.887115
355.3484,250,96.228188
281.8445,250,96.503481
308.5534,250,96.661485
313.57874,250,97.006913
299.48892,250,97.318331
356.86096,250,97.348496
329.36505,250,97.490072
337.6351,250,97.591347
317.12198,250,97.682012
326.3794,250,97.994113
347.88718,250,98.023277
281.7087,250,98.356131
282.0304,250,98.4053
320.40225,250,99.190962
289.16595,250,101.726618
337.7649,250,102.122081
265.2568,250,102.455302
316.96487,250,102.74721
248.11058,250,102.90802
303.6949,250,103.369926
282.81955,250,103.794112
310.98752,250,103.823428
321.06793,250,103.984708
322.7856,250,104.103512
334.365,250,104.219666
316.81287,250,104.609421
351.62668,250,104.639595
288.40674,250,105.032332
310.20044,250,105.082785
319.68008,250,105.876732
326.64346,250,108.437495
234.23291,250,108.853521
317.38477,250,109.195526
296.07867,250,109.507387
303.5274,250,109.65825
345.2084,250,110.019001
325.26904,250,110.364124
228.14622,250,110.39426
299.23135,250,110.522918
307.0844,250,110.625511
276.50906,250,110.726703
288.65576,250,111.038987
248.62221,250,111.067099
254.81958,250,111.391261
272.67438,250,111.450463
249.16663,250,112.198997
301.47345,250,114.806875
218.91228,250,115.200542
347.75168,250,115.513838
304.30374,250,115.845098
309.11298,250,115.997477
337.96902,250,116.328829
347.76593,250,116.631254
322.1983,250,116.660918
290.14243,250,116.793825
300.10382,250,116.882281
346.35233,250,116.980788
255.04738,250,117.326428
349.33075,250,117.356604
353.0556,250,117.677881
311.69736,250,117.727516
346.09067,250,118.484501
324.87793,250,121.669694
305.2631,250,122.155582
323.9773,250,122.538641
216.33577,250,122.901857
319.78162,250,123.084924
340.54718,250,123.498599
294.59537,250,123.809284
326.4946,250,123.840024
328.28107,250,123.982548
340.5123,250,124.10049
273.7497,250,124.221251
293.195,250,124.551667
264.5227,250,124.574814
308.1659,250,124.9167
322.88492,250,124.967299
265.61047,250,125.783446
244.84917,250,128.374951
327.73444,250,128.768966
283.7985,250,129.102228
294.59042,250,129.414758
382.5337,250,129.576502
325.92377,250,129.916357
312.56512,250,130.240875
312.0704,250,130.271008
336.9661,250,130.382926
380.96756,250,130.472466
334.73544,250,130.571265
349.28415,250,130.885595
297.28146,250,130.91575
248.22849,250,131.25623
289.05423,250,131.298757
-50.795567,45,131.377434
342.34113,250,132.065005
336.74503,250,134.603997
304.8194,250,135.008477
304.94705,250,135.411198
279.36554,250,135.764119
278.52307,250,135.966289
287.99704,250,136.399511
335.8521,250,136.812415
326.2309,250,136.994121
309.95654,250,137.115937
320.11447,250,137.234027
340.71503,250,137.570954
322.16785,250,137.598068
360.81125,250,137.940643
309.0368,250,138.001116
338.7131,250,138.071348
321.034,250,138.777814
267.23413,250,141.301536
316.61243,250,141.713737
304.8586,250,142.033909
280.19843,250,142.337696
336.17563,250,142.479589
369.3577,250,142.821969
322.3095,250,143.142505
346.12042,250,143.309846
355.15125,250,143.41629
332.08798,250,143.516166
288.2337,250,143.84052
295.10416,250,143.871698
287.92932,250,144.183055
338.02844,250,144.243465
251.1786,250,144.314411
361.3087,250,144.997033
345.8958,250,147.471688
353.0211,250,147.886158
365.68536,250,148.21827
330.24164,250,148.515575
363.171,250,148.68437
367.12314,250,149.025994
306.96295,250,149.336664
365.6351,250,149.479553
357.42307,250,149.580655
314.59613,250,149.681395
372.51907,250,150.002403
386.5811,250,150.025533
367.9791,250,150.336614
354.16205,250,150.389503
350.3854,250,150.457695
366.91153,250,151.182498
326.24316,250,154.024038
310.4048,250,154.434529
352.05905,250,154.750318
348.73474,250,155.041629
349.61758,250,155.193399
343.1986,250,155.525647
346.7691,250,155.856907
296.87634,250,156.019255
360.72647,250,156.119178
332.61023,250,156.230004
298.7862,250,156.554459
326.83087,250,156.593971
306.5799,250,156.936329
340.73282,250,156.986622
340.8869,250,157.075531
340.6094,250,157.780933
344.5803,250,160.282204
336.53882,250,160.675163
337.86978,250,160.998272
296.89624,250,161.279636
337.05328,250,161.420609
332.51544,250,161.784044
302.34268,250,162.095076
344.21207,250,162.256904
301.5005,250,162.374945
350.4418,250,162.485646
362.38895,250,162.80985
316.2208,250,162.838121
319.47345,250,163.160312
344.55457,250,163.21263
329.31763,250,163.293134
389.2867,250,163.988803
371.90582,250,166.466479
358.06735,250,166.871259
365.55356,250,167.232413
331.05402,250,167.587554
339.25266,250,167.776688
371.36142,250,168.16411
361.19824,250,168.563514
351.295,250,168.752867
343.4487,250,168.875929
381.28836,250,168.987952
342.33005,250,169.339438
388.9992,250,169.367756
353.97305,250,169.692014
356.80988,250,169.742839
328.95923,250,169.823307
308.03766,250,170.51825
338.40613,250,173.02583
293.37015,250,173.418763
328.59875,250,173.771492
340.1649,250,174.063489
304.31647,250,174.224465
308.52182,250,174.586127
274.30756,250,174.901312
287.6233,250,175.052076
338.7491,250,175.142238
330.94055,250,175.243743
340.98395,250,175.555192
322.35394,250,175.58585
314.77618,250,175.906779
331.66348,250,175.958332
338.5533,250,176.028898
343.58017,250,176.744977
345.22137,250,179.338274
367.65833,250,179.769226
349.75336,250,180.149157
356.27133,250,180.500861
376.16623,250,180.702167
364.47025,250,181.157582
379.63153,250,181.551119
415.88214,250,181.74229
355.62857,250,181.873561
306.55963,250,182.005465
374.1002,250,182.408751
364.26752,250,182.448206
308.72156,250,182.841137
352.08405,250,182.902494
335.76428,250,182.996525
354.4183,250,183.880183
349.95065,250,186.832262
357.03784,250,187.25683
354.47305,250,187.579631
332.93787,250,187.901615
306.43878,250,188.062859
358.90588,250,188.425442
329.4886,250,188.758811
343.47476,250,188.929981
366.45248,250,189.050692
334.25772,250,189.169355
326.18823,250,189.511113
341.9054,250,189.543222
362.4343,250,189.875423
354.16583,250,189.935614
387.75253,250,190.01602
302.29547,250,190.732601
316.1847,250,193.46382
374.25034,250,193.867541
316.55334,250,194.238834
282.50357,250,194.561989
354.35706,250,194.713455
331.98843,250,195.076243
333.69678,250,195.418967
325.57547,250,195.560114
327.01013,250,195.6588
318.13022,250,195.752669
329.2581,250,196.094852
308.9323,250,196.126121
285.47363,250,196.455536
336.32904,250,196.517831
269.1348,250,196.60631
370.3641,250,197.333461
313.71793,250,200.154889
357.53433,250,200.620738
302.01642,250,201.015326
300.38467,250,201.376641
306.36578,250,201.539069
331.9112,250,201.931587
345.71158,250,202.282178
355.68097,250,202.435439
324.3783,250,202.547341
308.5091,250,202.646995
330.84018,250,202.980891
345.39215,250,203.011148
283.70587,250,203.362265
283.4303,250,203.412589
234.31317,250,203.491488
307.5283,250,204.231618
372.03717,250,206.970351
303.48456,250,207.392909
314.07193,250,207.734344
305.18033,250,208.020477
284.26138,250,208.179808
322.75668,250,208.551629
344.8032,250,208.893966
297.4794,250,209.055507
278.23264,250,209.155749
297.9251,250,209.256047
300.88043,250,209.598168
348.65936,250,209.628508
317.3692,250,209.980629
321.35406,250,210.041883
344.19705,250,210.121859
351.43265,250,210.837069
344.24292,250,213.443865
344.94916,250,213.876721
339.2404,250,214.227292
375.029,250,214.521866
334.12448,250,214.681526
309.58035,250,215.075671
313.06052,250,215.479839
310.38977,250,215.681666
343.53537,250,215.813607
402.8453,250,215.948036
277.616,250,216.345353
350.96338,250,216.377641
374.60532,250,216.789248
374.7002,250,216.851687
330.8738,250,216.972559
364.23425,250,217.768147
288.01636,250,220.430999
390.95676,250,220.86246
383.0024,250,221.187205
314.50217,250,221.508857
368.542,250,221.669314
361.77414,250,222.032671
374.71237,250,222.385515
319.11435,250,222.539859
365.31345,250,222.638093
346.9528,250,222.770755
378.76276,250,223.162034
383.534,250,223.193163
356.99506,250,223.514678
333.61053,250,223.575007
392.4767,250,223.655395
381.01077,250,224.37056
299.64594,250,227.01998
329.15677,250,227.455456
332.79596,250,227.806428
291.67307,250,228.111625
340.16812,250,228.273069
370.0086,250,228.657264
314.4291,250,228.99989
360.65692,250,229.151149
348.27948,250,229.25985
348.56857,250,229.360698
347.1519,250,229.685585
359.2882,250,229.725767
332.63608,250,230.066226
329.45084,250,230.118703
330.33826,250,230.1993
322.09546,250,230.975692
10.804712,121,232.777989
365.35757,250,234.00937
342.64676,250,234.412354
347.80914,250,234.746907
350.66245,250,235.037739
277.52173,250,235.206848
274.5213,250,235.590725
352.11215,250,235.905144
366.34103,250,236.065833
275.0305,250,236.27763
270.20273,250,236.638433
263.28986,250,236.67106
335.20395,250,237.031465
299.17038,250,237.083754
254.2658,250,237.162189
283.78128,250,237.919611
339.46567,250,239.419138
344.44666,250,240.828979
350.93402,250,241.313046
358.0207,250,241.725875
366.91638,250,242.11992
346.07877,250,242.318694
411.92282,250,242.774456
357.69785,250,243.196891
385.39886,250,243.370249
357.99677,250,243.581525
395.878,250,243.933624
365.97687,250,243.963874
341.10373,250,244.295092
290.65677,250,244.355531
302.22552,250,244.43444
356.28244,250,245.161966
382.42282,250,246.704682
334.3464,250,248.095965
376.36694,250,248.608381
366.2256,250,249.030519
368.89386,250,249.367054
374.55554,250,249.528192
363.3802,250,249.910589
354.56104,250,250.233226
368.08725,250,250.405122
331.43066,250,250.616715
337.8285,250,250.957314
370.95416,250,250.979454
375.09125,250,251.350148
390.09747,250,251.412601
375.51288,250,251.480999
357.639,250,252.228362
364.67004,250,253.767721
397.02466,250,254.919765
288.39053,250,255.321459
415.78357,250,255.673599
346.2306,250,255.978312
382.53683,250,256.152164
358.4432,250,256.630783
353.83676,250,257.0468
307.70944,250,257.255117
381.38684,250,257.503081
230.66127,250,257.928779
370.47333,250,257.966987
377.39185,250,258.362224
403.74277,250,258.422806
354.26453,250,258.504622
421.79684,250,259.319222
409.0655,250,261.153923
311.99146,250,262.630605
333.01804,250,263.143767
380.38065,250,263.617048
323.83258,250,264.037915
358.4336,250,264.256828
329.31082,250,264.727167
353.70035,250,265.170056
368.15723,250,265.409149
287.74963,250,265.695029
313.9339,250,266.163052
332.86743,250,266.202876
381.85077,250,266.643569
354.998,250,266.723625
350.98538,250,266.824819
349.0103,250,267.560147
351.99097,250,269.052085
333.0048,250,270.230663
380.7126,250,270.646712
391.70203,250,270.993515
342.60318,250,271.306696
362.87674,250,271.468196
308.09146,250,271.831668
393.63168,250,272.173058
333.76093,250,272.334116
366.79922,250,272.535571
368.28024,250,272.898643
381.7863,250,272.928814
352.8365,250,273.291261
383.39304,250,273.351496
393.38333,250,273.43047
345.36874,250,274.155763
-55.304134,49,274.642312
377.4072,250,275.637913
-65.095795,39,276.615753
386.86383,250,276.777142
357.9181,250,277.201128
308.49448,250,277.533835
337.96246,250,277.846002
376.68088,250,278.007473
297.682,250,278.369893
326.21677,250,278.732892
315.7581,250,278.904211
247.1353,250,279.143991
375.65024,250,279.559443
310.40878,250,279.597768
373.53348,250,280.01045
343.43625,250,280.163405
338.92563,250,281.060587
341.65823,250,281.563423
400.75558,250,283.666924
399.26575,250,283.839044
335.72098,250,284.281271
346.9199,250,284.61789
381.90375,250,284.934167
380.6476,250,285.107664
390.00247,250,285.489311
403.65598,250,285.821402
375.6361,250,285.982287
395.7852,250,286.204069
352.41864,250,286.556116
403.36935,250,286.576232
349.80823,250,286.929426
393.95834,250,287.068474
405.91733,250,287.775711
286.20056,250,288.249038
390.09024,250,290.262624
414.77042,250,290.423903
340.0881,250,290.841532
398.64337,250,291.169241
409.70523,250,291.510743
431.57034,250,291.661058
365.22235,250,292.026143
281.77542,250,292.368716
387.91925,250,292.522591
400.91595,250,292.731471
363.31326,250,293.074517
399.57584,250,293.094701
411.12122,250,293.448549
385.24228,250,293.598517
362.8612,250,294.325239
295.96426,250,294.777533
381.3134,250,297.092625
402.14792,250,297.274432
372.66858,250,297.727558
352.37878,250,298.082444
383.39227,250,298.395736
369.2543,250,298.564907
365.16858,250,298.93758
399.52023,250,299.293359
385.41168,250,299.492806
397.11823,250,299.765656
395.26688,250,300.171207
379.902,250,300.211447
375.55542,250,300.655562
388.7739,250,300.816822
338.58884,250,301.732756
281.72928,250,302.299151
385.102,250,304.464269
364.3829,250,304.637032
400.34955,250,305.069028
397.68253,250,305.432197
330.273,250,305.74405
380.05197,250,305.905374
349.21124,250,306.266907
372.2032,250,306.622086
391.5894,250,306.772421
406.4432,250,306.995
374.6523,250,307.338451
378.83768,250,307.376607
380.54044,250,307.720191
311.2411,250,307.841267
437.8374,250,308.56834
394.01138,250,309.052155
378.44083,250,311.047972
395.22726,250,311.218446
425.4098,250,311.734731
262.4421,250,312.138214
384.02487,250,312.510555
373.52344,250,312.709891
399.3874,250,313.155864
409.67853,250,313.583066
401.8123,250,313.771644
368.4021,250,313.98309
327.52518,250,314.324497
391.23978,250,314.354772
475.2728,250,314.689539
362.99744,250,314.816103
344.68793,250,315.56382
335.8999,250,316.056948
419.95615,250,318.142475
382.91962,250,318.304796
371.255,250,318.736737
392.52713,250,319.06998
410.67468,250,319.38144
435.47873,250,319.552843
400.31607,250,319.917856
303.02902,250,320.253874
318.3646,250,320.400793
406.6874,250,320.612012
318.9448,250,320.954712
331.58743,250,320.98487
401.8527,250,321.345159
345.4786,250,321.47049
269.64966,250,322.187493
383.19968,250,322.659861
460.85687,250,324.677247
395.03055,250,324.836369
399.3276,250,325.25017
380.67096,250,325.574911
419.1628,250,325.895879
414.45276,250,326.046922
389.3743,250,326.419314
374.17847,250,326.771843
449.47147,250,326.934253
406.25116,250,327.183971
433.343,250,327.589754
412.03897,250,327.619457
402.66586,250,328.012613
372.119,250,328.182318
397.54462,250,329.031169
391.07843,250,329.532428
407.99353,250,331.578457
465.33673,250,331.763033
389.01013,250,332.176312
415.26382,250,332.533156
376.96307,250,332.861546
408.43683,250,333.015123
399.3612,250,333.377641
409.99826,250,333.730334
457.1395,250,333.87144
393.67847,250,334.093938
394.97318,250,334.455949
391.38654,250,334.476077
392.6952,250,334.828749
369.41055,250,334.960234
388.78833,250,335.668088
418.83118,250,336.128952
441.86957,250,338.215778
412.5313,250,338.375097
438.79456,250,338.789758
426.77298,250,339.15231
389.6908,250,339.46553
400.94928,250,339.636779
368.0082,250,339.999113
389.8042,250,340.332139
366.27563,250,340.49132
381.95416,250,340.695696
388.1055,250,341.059051
359.69736,250,341.089254
415.67654,250,341.442501
366.38602,250,341.563249
377.7438,250,342.278427
363.07916,250,342.762152
401.1706,250,345.129615
385.76016,250,345.311453
407.11746,250,345.733917
410.60583,250,346.087421
341.99265,250,346.40915
434.66568,250,346.568206
406.59808,250,346.942961
446.10254,250,347.285016
404.4463,250,347.474349
459.6805,250,347.675953
434.53506,250,348.031512
374.11594,250,348.061153
443.27914,250,348.402878
444.5224,250,348.541875
428.17517,250,349.309828
381.24408,250,349.784788
401.50894,250,351.839898
420.34775,250,351.992049
416.48608,250,352.42208
432.53024,250,352.756578
377.1111,250,353.079096
417.09738,250,353.24508
384.9781,250,353.603729
414.81635,250,353.934341
417.21292,250,354.07542
400.1785,250,354.307358
420.55386,250,354.631488
443.2797,250,354.659622
402.00018,250,354.994291
417.1959,250,355.1391
394.73193,250,355.870668
420.94705,250,356.35498
448.894,250,358.379225
456.88016,250,358.532133
443.61957,250,358.945184
426.13367,250,359.318294
437.84073,250,359.723394
455.11005,250,359.963326
436.21533,250,360.488146
453.8077,250,361.0044
442.9356,250,361.205542
467.2544,250,361.488225
422.30078,250,361.905039
371.9638,250,361.941258
443.82764,250,362.35456
431.5721,250,362.516094
408.14224,250,363.400815
426.15427,250,363.875413
412.25775,250,365.958887
393.2213,250,366.111684
450.67932,250,366.542702
477.05585,250,366.915159
445.82852,250,367.245269
384.97684,250,367.4294
488.86917,250,367.80209
449.05487,250,368.146146
410.9301,250,368.305999
479.13602,250,368.527813
442.05914,250,368.870005
441.8306,250,368.900231
390.6211,250,369.232264
407.91656,250,369.353412
382.7928,250,370.068989
490.34955,250,370.552477
423.8002,250,372.598759
424.08292,250,372.741627
423.77155,250,373.172429
420.68195,250,373.506663
397.38565,250,373.820285
359.76065,250,373.99018
429.4389,250,374.372663
-64.88628,45,374.735356
414.0344,250,374.735356
459.7036,250,374.894979
460.44025,250,375.131146
471.15326,250,375.5124
464.8874,250,375.551635
461.28702,250,375.994639
445.25952,250,376.155471
423.37253,250,377.034365
-65.07851,45,377.395819
416.98685,250,377.555275
501.21005,250,379.58635
417.2166,250,379.751133
487.22195,250,380.18493
525.73706,250,380.861475
463.2656,250,381.033642
448.7044,250,381.435552
432.87277,250,381.756911
400.19492,250,381.756911
482.11432,250,381.907744
438.168,250,382.117407
435.16687,250,382.481915
434.36346,250,382.511212
412.80862,250,382.966314
413.79074,250,383.690948
456.7027,250,383.992979
431.62695,250,384.154705
463.18942,250,386.158885
423.3967,250,386.328121
478.05515,250,386.743807
419.74863,250,387.387355
429.51443,250,387.556438
413.938,250,387.911714
428.48636,250,388.254689
491.36398,250,388.262727
488.62753,250,388.406373
430.48395,250,388.638038
456.27216,250,388.9715
431.8081,250,389.000169
439.99258,250,389.474242
428.82642,250,390.158332
424.1118,250,390.469159
418.34506,250,390.623676
503.37772,250,393.002367
509.1315,250,393.183751
473.7186,250,393.63729
498.8552,250,394.283057
479.75815,250,394.434136
462.95337,250,394.79487
474.3664,250,395.129731
479.50632,250,395.129731
471.91507,250,395.28059
455.38922,250,395.492264
493.12256,250,395.824461
475.12994,250,395.862761
460.56662,250,396.318269
474.53006,250,397.093479
487.5217,250,397.395952
488.59906,250,397.565175
449.7432,250,399.603871
500.05066,250,399.763612
503.71283,250,400.186641
461.84216,250,400.81163
462.46088,250,400.98261
471.96362,250,401.355422
537.9236,250,401.690684
497.35596,250,401.690684
497.5894,250,401.839945
403.84006,250,402.04232
496.75128,250,402.406108
499.61053,250,402.442465
503.8404,250,402.947831
494.83112,250,403.705657
549.95416,250,404.018209
509.47836,250,404.168998
542.18115,250,406.173366
484.97488,250,406.32451
493.90454,250,406.735019
527.1599,250,407.472142
474.1968,250,407.655874
548.6987,250,408.058588
522.42706,250,408.452817
521.0012,250,408.452817
527.7157,250,408.664696
501.07068,250,408.886206
454.325,250,409.27922
423.40262,250,409.310575
528.81305,250,409.803114
404.8823,250,410.548714
539.5038,250,410.87038
474.54913,250,411.039425
520.6296,250,413.166405
478.1805,250,413.363234
476.39896,250,413.853759
389.27344,250,414.508104
466.494,250,414.680581
418.67792,250,415.052634
502.4548,250,415.386351
489.0338,250,415.386351
481.75647,250,415.556978
418.40045,250,415.759655
506.2633,250,416.1127
496.86493,250,416.147127
486.551,250,416.595908
544.3842,250,417.351955
474.034,250,417.66352
458.1862,250,417.835813
434.5665,250,420.031181
506.48004,250,420.242934
507.87036,250,420.759958
459.13507,250,421.569271
495.06216,250,421.752354
446.8678,250,422.153624
445.8952,250,422.558882
504.06903,250,422.558882
434.61478,250,422.738266
463.7202,250,422.982874
469.62134,250,423.378709
526.86615,250,423.418114
437.48947,250,423.993054
458.25568,250,424.857363
504.0643,250,425.230732
535.656,250,425.412823
495.06876,250,427.52712
498.7663,250,427.677937
458.90265,250,428.104514
501.53107,250,428.776111
519.96466,250,428.927441
504.28305,250,429.270412
518.67163,250,429.651536
451.73624,250,429.651536
509.64047,250,429.831407
504.46896,250,430.03252
489.56622,250,430.377731
474.46848,250,430.405841
453.14554,250,430.861718
495.59378,250,431.576917
513.8356,250,431.899684
522.2447,250,432.048497
484.22116,250,434.138101
566.96655,250,434.310773
533.6364,250,434.743025
564.9624,250,435.440859
440.44028,250,435.590828
483.65027,250,435.955177
506.7063,250,436.307335
466.30075,250,436.307335
464.96973,250,436.468288
450.9232,250,436.668768
493.6505,250,436.999671
505.81104,250,437.021916
524.63776,250,437.533738
529.698,250,438.262549
436.4368,250,438.574063
528.4544,250,438.737169
558.82983,250,441.112521
497.85266,250,441.304117
488.47018,250,441.74726
460.44553,250,442.393809
552.2497,250,442.554727
507.22754,250,442.916259
550.5565,250,443.289127
450.4193,250,443.289127
492.40903,250,443.471817
455.11026,250,443.704394
524.7958,250,444.046017
489.56488,250,444.074146
450.93076,250,444.561238
503.2756,250,445.295869
501.15967,250,445.627112
511.63922,250,445.780012
538.6392,250,447.81514
529.88837,250,447.96779
503.36893,250,448.430513
451.8814,250,449.096124
476.49344,250,449.257328
517.705,250,449.619551
469.46463,250,449.982901
464.39966,250,449.982901
491.89767,250,450.123724
480.2179,250,450.335172
493.89893,250,450.678107
500.3229,250,450.708261
481.1015,250,451.192655
492.91428,250,451.961914
572.0342,250,452.293467
488.7658,250,452.436491
539.1841,250,454.430664
517.47534,250,454.600589
453.07114,250,455.023087
552.1134,250,455.792623
539.2219,250,455.99157
534.0382,250,456.476413
557.4308,250,456.874258
534.052,250,456.874258
464.4477,250,457.071584
558.48865,250,457.314504
497.5226,250,457.665992
558.77,250,457.696622
522.3362,250,458.19988
586.2358,250,458.92366
508.0085,250,459.235626
569.3206,250,459.417187
558.0402,250,461.535763
562.5869,250,461.715953
571.46027,250,462.129086
542.66437,250,462.80434
478.04318,250,462.974916
523.58954,250,463.388673
550.494,250,463.732742
462.74197,250,463.732742
589.2809,250,463.913209
539.93805,250,464.124641
530.44037,250,464.47701
530.19574,250,464.507295
480.56894,250,465.000637
474.2367,250,465.715639
434.5802,250,466.027936
515.0249,250,466.19729
520.5673,250,468.233648
551.73785,250,468.385414
484.38373,250,468.818287
460.4019,250,469.442952
562.6592,250,469.621711
519.0204,250,470.013068
469.9652,250,470.342711
558.7053,250,470.342711
496.923,250,470.51647
466.07095,250,470.727947
503.02277,250,471.093203
538.26044,250,471.130501
543.94324,250,471.677986
537.52094,250,472.544343
528.0385,250,472.935827
573.10675,250,473.129713
493.5878,250,475.268851
548.88544,250,475.419094
555.29565,250,475.872487
521.89996,250,476.529172
528.36316,250,476.688647
537.6842,250,477.099206
532.35284,250,477.454531
591.8166,250,477.454531
588.5574,250,477.615543
574.29443,250,477.837055
574.52155,250,478.187917
598.0499,250,478.210042
453.25305,250,478.71411
535.2439,250,479.460251
530.7761,250,479.822692
460.40076,250,480.000754
538.5509,250,482.40225
480.29623,250,482.591151
543.7896,250,483.100518
546.36285,250,483.801507
531.07477,250,483.962737
496.82993,250,484.315363
574.14014,250,484.668508
550.10565,250,484.668508
547.83624,250,484.829916
582.5085,250,485.051022
527.21936,250,485.405592
519.663,250,485.442914
529.97266,250,485.918167
561.9949,250,486.671495
581.3873,250,487.016175
555.0747,250,487.216399
447.59485,250,489.630042
584.36066,250,489.799903
531.6324,250,490.232749
479.43527,250,490.887304
508.96262,250,491.049243
455.76553,250,491.433841
522.5694,250,491.796042
575.3598,250,491.796042
435.4861,250,491.946717
594.415,250,492.158366
546.34924,250,492.530879
522.6957,250,492.561049
577.27747,250,493.03498
512.55444,250,493.851652
555.9305,250,494.161733
539.81116,250,494.325159
559.14996,250,496.299871
407.2663,250,496.461268
568.4675,250,496.8861
593.2054,250,497.560574
476.3017,250,497.721728
529.8516,250,498.092921
572.72675,250,498.447376
592.0748,250,498.447376
550.40594,250,498.598374
461.2805,250,498.819906
535.6262,250,499.15225
486.27893,250,499.19249
508.59003,250,499.656438
467.2064,250,500.392955
554.6008,250,500.705014
532.185,250,500.885851
515.1918,250,502.903559
489.77112,250,503.095342
487.2455,250,503.592619
427.34415,250,504.398155
562.0227,250,504.596235
548.3764,250,505.020547
566.11475,250,505.424443
553.6667,250,505.424443
598.39325,250,505.584915
605.7227,250,505.79733
581.0155,250,506.129078
584.60345,250,506.159353
523.86725,250,506.623065
592.9341,250,507.388346
541.90515,250,507.689801
567.71515,250,507.875603
527.3363,250,509.917799
562.48944,250,510.083826
600.4973,250,510.492147
512.49994,250,511.147398
558.411,250,511.305489
574.38965,250,511.649955
606.2908,250,512.002557
563.68646,250,512.002557
605.72266,250,512.153552
608.53485,250,512.376216
537.3427,250,512.730312
540.13885,250,512.760329
504.84705,250,513.25062
430.94748,250,514.008497
492.88193,250,514.320772
566.6541,250,514.49184
547.25757,250,516.536265
568.3528,250,516.696916
569.15674,250,517.090062
541.2354,250,517.756412
535.83344,250,517.926379
589.1954,250,518.280931
495.61746,250,518.612201
570.8161,250,518.612201
527.88947,250,518.771466
464.1123,250,518.993032
566.10706,250,519.367922
531.0804,250,519.407804
601.0126,250,519.949451
582.1131,250,520.788963
470.08035,250,521.192873
513.4023,250,521.383734
630.6372,250,523.410281
576.5571,250,523.58804
583.6685,250,524.001064
555.56476,250,524.668951
550.9082,250,524.829917
514.88855,250,525.220155
588.91125,250,525.555209
487.03638,250,525.555209
531.45276,250,525.736497
615.02997,250,525.937965
529.4169,250,526.280611
614.04456,250,526.311807
583.9934,250,526.77484
442.27936,250,527.496768
586.7158,250,527.821798
537.4996,250,527.983534
616.3094,250,530.007677
617.5354,250,530.189386
546.52673,250,530.615609
580.46106,250,531.249985
543.33856,250,531.411453
581.4496,250,531.795039
506.07916,250,532.137619
523.21747,250,532.137619
587.116,250,532.301823
532.18036,250,532.48933
517.4554,250,532.850103
599.84314,250,532.882342
521.9222,250,533.356226
598.5849,250,534.079387
588.74023,250,534.403604
500.6311,250,534.564846
554.5862,250,536.898824
567.4463,250,537.082269
586.94055,250,537.556667
574.1981,250,538.219637
577.5637,250,538.369384
596.23004,250,538.75318
596.28094,250,539.078139
515.0672,250,539.078139
593.12317,250,539.240086
504.37363,250,539.471978
561.11707,250,539.914539
556.59076,250,539.955524
530.96954,250,540.549527
551.5979,250,541.484303
609.02856,250,541.876848
542.91376,250,542.071134
519.96387,250,544.274553
586.4095,250,544.443289
597.69037,250,544.896434
584.3637,250,545.562962
490.28702,250,545.724123
593.20483,250,546.119083
587.70416,250,546.459693
603.1483,250,546.459693
578.31384,250,546.601392
580.74304,250,546.831879
566.1537,250,547.194309
607.38947,250,547.224506
622.75525,250,547.678991
589.68744,250,548.415059
590.7459,250,548.737682
611.251,250,548.8887
531.7576,250,550.915295
505.40875,250,551.087963
577.80597,250,551.56954
514.7265,250,552.34256
516.0857,250,552.565722
510.45746,250,553.050846
537.6122,250,553.47396
576.25604,250,553.47396
547.69196,250,553.645364
599.4942,250,553.857258
565.89233,250,554.209586
573.53406,250,554.250762
569.89624,250,554.724396
530.7352,250,555.428427
529.78094,250,555.740463
541.84564,250,555.901426
530.9327,250,557.988174
577.6756,250,558.168545
578.65045,250,558.56987
601.29034,250,559.217138
595.85297,250,559.378152
571.51074,250,559.739849
539.7195,250,560.091861
527.77136,250,560.091861
598.22046,250,560.251247
540.50006,250,560.46469
588.80554,250,560.797076
605.7925,250,560.827399
530.4082,250,561.3011
575.6283,250,562.0381
464.37933,250,562.350321
611.41656,250,562.515285
403.60052,250,564.607408
606.4466,250,564.787893
501.0291,250,565.221357
580.20447,250,565.9169
561.83887,250,566.067505
509.93314,250,566.430418
571.9981,250,566.782778
547.53406,250,566.782778
479.21912,250,566.954301
565.45135,250,567.182941
581.6851,250,567.588282
536.91205,250,567.626522
524.7058,250,568.212558
576.0125,250,569.110811
566.1264,250,569.483896
577.0985,250,569.665734
465.99686,250,571.748906
595.39954,250,571.900022
606.0303,250,572.353116
566.89026,250,573.068527
559.1187,250,573.26965
636.08435,250,573.652842
544.2339,250,573.996645
582.9786,250,573.996645
552.53595,250,574.176566
488.79443,250,574.378432
584.21783,250,574.741241
605.40717,250,574.770903
612.79364,250,575.254361
512.7531,250,576.01042
596.93005,250,576.342781
641.9707,250,576.503914
518.2136,250,578.597929
615.1353,250,578.759475
612.6038,250,579.173012
460.80255,250,579.807409
643.7475,250,579.958765
576.8124,250,580.339106
610.27954,250,580.674068
579.1146,250,580.674068
558.2926,250,580.845982
575.2889,250,581.076379
539.9394,250,581.41843
549.5386,250,581.458806
538.72046,250,581.94623
642.5819,250,582.720099
490.10056,250,583.100856
472.8947,250,583.302051
558.8009,250,585.75946
581.7227,250,585.927245
574.7893,250,586.353058
456.15903,250,587.027903
579.3628,250,587.190095
540.77814,250,587.581797
468.59897,250,587.93442
583.86633,250,587.93442
447.57825,250,588.117128
530.5819,250,588.337758
495.88956,250,588.679619
495.14545,250,588.719878
530.7803,250,589.212055
525.25494,250,589.989352
459.15015,250,590.312602
622.0389,250,590.491041
538.66315,250,592.569086
596.3308,250,592.740562
524.26733,250,593.183404
581.6052,250,593.838206
604.23413,250,593.999369
566.8713,250,594.382164
539.55225,250,594.74591
610.156,250,594.74591
508.458,250,594.896735
523.6959,250,595.098596
523.18066,250,595.471832
467.77176,250,595.501291
589.65765,250,595.984823
474.78812,250,596.739907
562.6556,250,597.085153
602.02673,250,597.246154
531.34235,250,599.402176
456.916,250,599.603602
539.15845,250,600.195654
597.4988,250,601.156034
576.4306,250,601.408351
500.91516,250,601.932472
582.95215,250,602.348762
576.00256,250,602.348762
624.53357,250,602.549994
628.678,250,602.811494
587.5671,250,603.211766
480.80762,250,603.256432
557.6409,250,603.766744
527.3681,250,604.55271
583.00244,250,604.915324
539.1279,250,605.074616
563.02094,250,607.253239
532.2799,250,607.434889
529.62634,250,607.87881
491.37912,250,608.553702
560.6475,250,608.714761
576.52466,250,609.087221
574.0064,250,609.440083
504.21463,250,609.440083
540.56165,250,609.611078
549.6594,250,609.832345
629.69653,250,610.186939
577.9549,250,610.227362
529.177,250,610.733039
570.00745,250,611.486843
493.78424,250,611.810062
469.39972,250,611.981878
615.1649,250,614.188037
518.5818,250,614.360291
576.6824,250,614.784118
590.00616,250,615.516266
495.53647,250,615.707914
548.6615,250,616.138312
565.36847,250,616.842542
578.33813,250,616.84305
511.14774,250,617.09035
604.7249,250,617.539485
600.2146,250,618.225162
524.899,250,618.286125
618.7514,250,618.896226
490.15155,250,619.725906
572.94037,250,620.04842
504.44003,250,620.209611
533.8391,250,622.335189
511.95132,250,622.496373
584.7334,250,622.950243
493.2945,250,623.617013
626.4364,250,623.787178
560.4364,250,624.148024
569.3078,250,624.490482
582.82935,250,624.490482
494.98654,250,624.663612
577.03284,250,624.865793
585.1056,250,625.20744
601.4947,250,625.23856
597.3076,250,625.700301
602.702,250,626.458862
579.8694,250,626.790993
603.15295,250,626.962772
539.6167,250,629.076566
513.44666,250,629.247916
554.2931,250,629.691079
598.77386,250,630.336458
550.9961,250,630.496425
494.17206,250,630.888495
518.99945,250,631.279795
590.01196,250,631.279795
580.41724,250,631.463205
576.56805,250,631.725599
532.87286,250,632.128853
580.6311,250,632.158995
564.01843,250,632.751451
550.62445,250,633.626533
580.1877,250,633.931514
522.72064,250,634.101808
599.118,250,636.25895
605.6995,250,636.43026
512.776,250,636.903937
618.63965,250,637.589231
615.9958,250,637.752034
613.6075,250,638.131824
546.6594,250,638.477775
502.9301,250,638.477775
615.9769,250,638.638379
587.54565,250,638.859272
588.7886,250,639.191462
562.501,250,639.222697
629.75714,250,639.736257
571.2337,250,640.471265
640.72046,250,640.804553
634.01337,250,640.974392
567.7592,250,643.083028
568.90826,250,643.288775
622.28015,250,643.733532
550.7806,250,644.387775
577.8325,250,644.560344
566.5621,250,644.932428
619.5334,250,645.274606
569.919,250,645.274606
535.5299,250,645.443992
513.9876,250,645.648303
520.39954,250,646.009152
627.3847,250,646.041176
559.8157,250,646.517026
574.5162,250,647.30667
606.4011,250,647.702141
546.55115,250,647.90359
581.9594,250,650.166815
610.0088,250,650.330334
546.13464,250,650.761336
568.6708,250,651.4492
550.0877,250,651.610233
633.0109,250,652.001034
578.5144,250,652.365918
539.4356,250,652.365918
578.2126,250,652.538276
552.96497,250,652.748877
592.40436,250,653.090834
546.9766,250,653.12103
526.9245,250,653.635364
499.06165,250,654.392469
555.1881,250,654.744514
568.5834,250,654.905589
613.29425,250,656.981917
600.9169,250,657.161616
512.4231,250,657.587138
601.52716,250,658.261457
584.97925,250,658.422607
575.3385,250,658.784861
498.4787,250,659.158475
635.3079,250,659.158475
584.0265,250,659.331181
571.35614,250,659.554722
579.064,250,659.966369
625.1442,250,660.004612
550.1376,250,660.571402
625.98474,250,661.518223
585.117,250,661.893472
560.08527,250,662.073599
577.83777,250,664.620317
569.42883,250,664.822697
516.11884,250,665.3054
462.5397,250,666.039983
573.7538,250,666.190958
554.5394,250,666.6023
575.20776,250,666.947464
576.3034,250,666.947464
578.1165,250,667.108511
605.3724,250,667.330518
536.0243,250,667.712933
557.74725,250,667.742096
553.33856,250,668.237089
598.9686,250,669.00264
572.04926,250,669.314662
613.3645,250,669.486896
545.0716,250,671.559988
515.1522,250,671.720066
555.49146,250,672.154544
556.71606,250,672.798698
537.2789,250,672.989969
557.2927,250,673.395374
600.5178,250,673.797158
544.7349,250,673.797158
537.1248,250,673.958391
588.17126,250,674.180864
565.86694,250,674.51655
578.4713,250,674.543676
564.61536,250,675.027516
556.44226,250,675.753261
589.2713,250,676.075778
532.0446,250,676.236939
559.9885,250,678.281978
571.0601,250,678.449944
553.8335,250,678.875321
562.4024,250,679.61263
607.5112,250,679.792641
599.8874,250,680.237545
509.41534,250,680.649533
618.2447,250,680.649533
574.24603,250,680.841035
636.79236,250,681.093236
569.22754,250,681.516778
567.7938,250,681.554957
534.4003,250,682.040661
528.9156,250,682.793969
618.2022,250,683.108546
628.4329,250,683.279235
619.39087,250,685.362328
564.7719,250,685.533498
598.56793,250,685.988403
603.5295,250,686.663882
588.924,250,686.835499
576.99097,250,687.206403
603.59686,250,687.549074
539.7916,250,687.549074
570.20544,250,687.710147
599.8284,250,687.921688
520.18976,250,688.284205
574.6492,250,688.312348
535.7942,250,688.798485
572.80994,250,689.51323
589.82935,250,689.845801
625.50555,250,690.014913
612.60333,250,692.103029
601.00885,250,692.253237
537.2562,250,692.685824
630.1692,250,693.36194
557.2393,250,693.523321
574.9399,250,693.915927
604.11163,250,694.297598
642.4915,250,694.297598
621.8589,250,694.448329
611.9844,250,694.651983
589.64685,250,694.994539
546.0249,250,695.024703
609.1798,250,695.608268
520.23517,250,696.515084
620.9232,250,696.900793
548.3106,250,697.099891
612.27045,250,699.277987
583.8184,250,699.459166
516.9065,250,699.881691
561.85046,250,700.57743
507.47888,250,700.757436
597.91644,250,701.140723
510.62488,250,701.483695
611.2873,250,701.483695
593.5823,250,701.654098
580.62115,250,701.905922
563.07043,250,702.266079
605.21606,250,702.296395
596.1032,250,702.793101
610.9224,250,703.546788
586.2072,250,703.848904
550.5002,250,704.012198
552.74274,250,706.104578
548.7167,250,706.265596
591.3195,250,706.690643
627.8692,250,707.374036
594.45905,250,707.55734
608.0407,250,707.950979
491.2158,250,708.312724
563.88165,250,708.312724
607.6954,250,708.483727
556.2674,250,708.695704
601.089,250,709.038694
580.959,250,709.069001
561.0108,250,709.55238
622.9898,250,710.31794
600.4457,250,710.620121
633.9848,250,710.812486
617.1374,250,713.224265
615.3412,250,713.439333
577.29144,250,713.913785
598.6212,250,714.637393
644.42847,250,714.796477
587.36523,250,715.172678
617.7743,250,715.552442
542.5103,250,715.552442
590.10944,250,715.705592
574.07025,250,715.945657
528.9745,250,716.300444
590.3576,250,716.331627
607.00684,250,716.808302
631.62933,250,717.598455
539.72296,250,717.922671
525.58405,250,718.103977
583.8712,250,720.363038
597.97394,250,720.571875
616.0153,250,721.083511
584.5466,250,721.890903
576.2921,250,722.083616
569.6909,250,722.546638
627.9165,250,722.989837
594.77576,250,722.989837
581.6262,250,723.20048
557.9697,250,723.453994
633.27747,250,723.796321
610.26245,250,723.82751
590.8603,250,724.319591
625.2139,250,725.125683
572.3931,250,725.47812
604.3816,250,725.649
583.98267,250,727.915361
625.3064,250,728.117778
596.16296,250,728.620593
573.6326,250,729.415164
549.8997,250,729.588278
568.181,250,729.958468
627.1161,250,730.300694
545.0702,250,730.300694
593.2792,250,730.474051
575.4941,250,730.685517
620.4902,250,731.028045
477.70068,250,731.05931
573.8578,250,731.521295
574.9848,250,732.286774
619.5705,250,732.637147
609.5979,250,732.821268
547.1869,250,734.916792
554.6937,250,735.075939
552.49554,250,735.509894
583.2499,250,736.188316
573.3964,250,736.349269
544.4864,250,736.732079
573.1039,250,737.104445
560.1037,250,737.104445
602.1269,250,737.265525
565.0242,250,737.489008
567.3202,250,737.828982
593.32227,250,737.861237
625.0727,250,738.34558
573.97986,250,739.091962
606.82086,250,739.402354
601.1374,250,739.555398
586.48376,250,741.622067
539.85474,250,741.792002
595.565,250,742.235857
569.9678,250,742.897681
614.33984,250,743.0719
578.2403,250,743.524343
589.9023,250,743.958152
570.1158,250,743.958152
593.57294,250,744.150073
599.129,250,744.398751
575.9775,250,744.803612
591.42487,250,744.833915
574.43555,250,745.40813
557.05176,250,746.15217
605.6224,250,746.47635
573.1253,250,746.628076
631.41077,250,748.743846
604.0753,250,748.913894
513.2882,250,749.367879
613.8907,250,750.09145
573.5413,250,750.253375
590.6415,250,750.636258
574.1265,250,750.985915
599.9435,250,750.985915
590.17456,250,751.157187
573.3543,250,751.371066
594.93744,250,751.723868
569.35504,250,751.755144
595.8418,250,752.227445
612.4301,250,752.984476
566.235,250,753.315762
586.1623,250,753.476989
598.10254,250,755.551853
557.07623,250,755.723212
532.9113,250,756.166845
609.2443,250,756.872844
599.69525,250,757.03311
561.44434,250,757.396135
590.6411,250,757.749688
542.0865,250,757.749688
598.14343,250,757.910886
589.2327,250,758.132769
560.12085,250,758.475442
593.7875,250,758.515792
552.31,250,759.002159
604.9218,250,759.858309
579.9413,250,760.261205
478.35077,250,760.459835
594.6475,250,762.768468
590.22736,250,762.942878
614.4955,250,763.416128
577.5525,250,764.112597
603.6187,250,764.273746
542.3306,250,764.673305
589.9362,250,765.046141
568.5268,250,765.046141
611.50085,250,765.226685
556.2366,250,765.440098
587.2123,250,765.812312
516.1477,250,765.842562
413.30048,250,766.323819
548.5402,250,767.061027
575.8442,250,767.374546
515.09515,250,767.53431
561.91315,250,769.622201
539.385,250,769.79355
562.68774,250,770.206666
545.5835,250,770.851158
595.0926,250,771.032008
596.1581,250,771.422222
606.6515,250,771.767065
588.5949,250,771.767065
574.4376,250,771.928551
589.57996,250,772.140062
605.12115,250,772.492734
607.23364,250,772.5171
602.3991,250,773.0464
614.9123,250,773.802886
578.1514,250,774.122988
602.31647,250,774.296807
617.1911,250,776.58113
474.97083,250,776.774427
618.1582,250,777.298697
602.3841,250,778.02395
620.0575,250,778.185063
582.3588,250,778.547302
441.80115,250,778.889771
565.5642,250,778.889771
583.40204,250,779.070957
627.2898,250,779.313791
618.23047,250,779.733701
608.16547,250,779.784018
579.7782,250,780.362776
588.306,250,781.319494
581.2968,250,781.720945
611.2605,250,781.932327
512.4651,250,784.18708
587.87024,250,784.349961
575.70764,250,784.772246
639.5933,250,785.49632
623.89624,250,785.657485
557.00024,250,786.050714
542.856,250,786.413926
598.3291,250,786.413926
576.32245,250,786.58422
514.1879,250,786.806238
569.514,250,787.168736
604.9195,250,787.198899
603.54315,250,787.692606
584.5541,250,788.417409
513.1607,250,788.740087
606.92444,250,788.911008
617.3911,250,790.965878
611.1785,250,791.129036
557.0443,250,791.631002
602.9706,250,792.444531
576.2979,250,792.647442
619.4857,250,793.160544
611.433,250,793.59323
630.5269,250,793.59323
591.823,250,793.754678
600.62524,250,793.966234
604.9933,250,794.326674
585.1069,250,794.348883
569.0434,250,794.864524
489.6308,250,795.650665
582.4002,250,795.972785
614.0184,250,796.133863
592.7451,250,798.268822
599.4997,250,798.460345
501.0695,250,798.881299
591.8937,250,799.559599
635.9277,250,799.71962
630.521,250,800.072078
631.9285,250,800.42475
496.05704,250,800.42475
560.3152,250,800.594233
573.78064,250,800.818153
566.1056,250,801.161409
574.30786,250,801.19155
605.4605,250,801.69683
655.1815,250,802.451707
524.8481,250,802.784279
613.4978,250,802.95549
622.3539,250,805.094334
625.3274,250,805.275914
620.34216,250,805.706016
603.4754,250,806.382584
560.7533,250,806.553561
604.6385,250,806.936526
613.5709,250,807.339652
634.3846,250,807.339652
576.3096,250,807.531644
586.2908,250,807.784387
608.6858,250,808.1965
616.40515,250,808.236678
626.9769,250,808.851219
499.0234,250,809.72773
581.10065,250,810.079747
556.1154,250,810.243194
605.97906,250,812.337233
595.9812,250,812.510203
590.8839,250,812.964426
498.0168,250,813.639621
602.5431,250,813.810224
611.9418,250,814.211641
532.49744,250,814.558172
593.8898,250,814.558172
593.58795,250,814.708123
533.4748,250,814.940988
602.87933,250,815.292071
585.00696,250,815.332488
623.1784,250,815.795702
640.69,250,816.571744
598.8578,250,816.883095
575.30695,250,817.055075
604.13824,250,819.128945
586.9159,250,819.299197
588.3941,250,819.721575
562.4728,250,820.437439
608.0593,250,820.639708
623.86646,250,821.021307
620.34155,250,821.363839
590.9108,250,821.363839
613.218,250,821.534837
550.7539,250,821.776855
595.6941,250,822.119415
579.96814,250,822.159711
608.52924,250,822.643917
620.15497,250,823.52012
603.07306,250,823.913019
549.2029,250,824.113976
619.8467,250,826.439645
602.4013,250,826.610639
624.68536,250,827.023552
602.47626,250,827.698757
624.46643,250,827.871101
624.1011,250,828.252574
612.1333,250,828.605664
605.48224,250,828.605664
603.2577,250,828.766663
605.7915,250,829.008659
593.5096,250,829.370904
530.6276,250,829.401069
591.7967,250,829.882769
633.40375,250,830.640857
588.4607,250,830.994757
547.64856,250,831.15512
588.31445,250,833.250741
614.7105,250,833.411654
613.6637,250,833.835598
541.92505,250,834.529976
587.0934,250,834.699055
596.1677,250,835.063492
632.55383,250,835.416756
605.7673,250,835.416756
580.9175,250,835.577712
583.44684,250,835.809178
564.7227,250,836.151834
630.4108,250,836.182087
566.36566,250,836.655328
619.1006,250,837.390596
623.86566,250,837.723033
538.41095,250,837.904688
603.14435,250,840.211687
586.61884,250,840.424009
595.05054,250,841.058755
547.63727,250,841.974792
601.07996,250,842.196265
536.3504,250,842.630625
586.84766,250,843.062894
555.90765,250,843.062894
587.1616,250,843.254152
574.05096,250,843.536441
602.79816,250,843.906663
622.2235,250,843.92877
580.28845,250,844.432363
610.656,250,845.232028
581.2525,250,845.572661
597.66077,250,845.723683
576.8568,250,847.878407
504.59174,250,848.049635
595.3988,250,848.479919
629.20215,250,849.15771
611.71466,250,849.308732
611.0498,250,849.682157
617.4958,250,850.052498
539.2226,250,850.052498
619.4649,250,850.215895
611.8337,250,850.447549
564.97504,250,850.807773
548.4679,250,850.840092
626.5409,250,851.303959
623.9659,250,852.088498
641.47845,250,852.423172
629.3938,250,852.58449
591.22406,250,854.700656
646.91223,250,854.860835
542.8278,250,855.335311
581.91364,250,856.159124
607.9868,250,856.353207
620.89636,250,856.818283
589.77167,250,857.23782
614.42236,250,857.23782
616.3753,250,857.422061
601.7682,250,857.642689
593.15985,250,858.003637
603.7003,250,858.026596
