#{"t_start": 1685792545.5121112, "env_id": null}
r,l,t
-77.9754,30,0.509485
-73.72909,31,0.542214
-76.33424,32,0.552122
-55.379276,34,0.62208
-70.54761,40,0.786012
-68.00515,43,0.868036
-59.997353,44,0.897877
-64.368935,48,1.02574
-38.641426,49,1.074748
-91.329605,49,1.075745
-51.663193,54,1.277583
-57.154495,55,1.333675
-44.872288,67,1.852411
-74.65248,36,1.892065
-35.377808,77,2.175879
-52.853306,93,2.702291
-24.443377,93,2.702291
-58.010284,53,2.788236
-44.204487,71,2.978303
-85.555405,57,3.327826
-65.69098,39,3.515229
-28.717281,68,3.552641
-49.03658,89,3.622688
-52.25215,75,3.622688
-30.205635,75,3.756153
-44.147823,76,3.831059
-47.510674,65,4.073311
-12.982715,96,4.22531
-9.522584,69,4.256001
-49.202297,83,4.291053
0.7253062,108,4.427269
-64.81367,42,4.499025
-85.76849,52,4.540997
-76.99198,31,4.605475
-7.111759,55,4.7278
-41.05642,65,4.966151
-78.82156,30,5.282779
-62.045006,50,5.359644
-73.196396,25,5.359644
-50.82923,58,5.553971
-20.665152,58,5.614473
-73.96972,33,5.639396
-47.08293,56,5.724454
-63.942497,71,5.757384
-56.564396,46,5.757384
-71.57865,37,5.824421
-66.56636,56,5.933334
-54.96698,40,6.019648
-47.96504,60,6.208412
-44.048653,69,6.580228
-76.70727,30,6.611924
-31.76455,89,6.611924
-67.089806,46,6.693683
-38.572155,61,6.818109
-96.73193,57,6.97247
-64.82546,47,7.181983
-58.25746,55,7.208124
-40.148743,66,7.285642
-64.75883,53,7.443419
-49.575455,63,7.837752
-37.161404,78,7.913939
-64.663795,47,8.137512
-74.52569,30,8.137512
-64.17957,50,8.137512
-91.116196,41,8.248767
-29.251518,84,8.280237
-91.11769,32,8.472719
-33.43304,79,8.916295
-30.870808,75,9.041183
-18.917248,85,9.131121
-68.05813,44,9.15401
28.936281,119,9.221026
-14.374094,98,10.143686
-35.11877,67,10.143686
-52.84953,63,10.330687
-67.532326,44,10.482865
-13.559383,87,10.675547
28.267487,151,10.675547
-78.135826,30,11.208697
-22.77118,110,11.208697
90.42102,199,11.508966
4.790225,113,11.541879
-6.9485755,111,11.579014
20.311377,147,11.746146
11.548021,118,11.794106
4.0518203,96,11.968789
-77.969185,50,12.03075
-87.338646,27,12.062657
-24.58715,94,12.087591
26.965935,126,12.679313
-80.24971,27,12.743354
-29.864754,99,12.981968
-68.50885,42,13.085759
-64.68619,50,13.085759
-57.07441,59,13.142858
42.087788,139,13.193346
-42.03741,75,13.321687
51.195602,122,13.575472
-35.66495,75,13.575472
-64.61731,30,13.993999
-49.712185,58,14.217238
-3.6602166,101,14.249586
-31.95752,83,14.276741
-5.4128094,97,14.4127
-46.204746,64,14.478253
-24.560675,90,14.515543
52.057587,137,14.580829
-51.804615,59,14.613546
2.4773128,155,15.178323
-69.937805,39,15.846114
-28.263935,80,16.149957
-50.272423,60,16.330477
-11.109102,108,16.488855
-69.20997,41,16.677508
1.7233003,84,16.838235
10.452917,123,17.112619
2.3268487,115,17.390608
-50.98531,85,17.390608
21.6414,136,17.458226
58.199146,131,17.592114
-23.77577,86,17.592114
-21.538544,85,17.592114
-71.78754,37,17.620918
-66.054726,53,17.686208
-72.84294,36,17.725627
-25.282782,104,17.820747
-32.552273,61,18.212575
-60.305344,50,18.326087
-66.55771,44,18.85607
-57.93334,56,19.37081
35.77771,155,19.397811
-53.129158,80,19.440244
-56.90122,79,19.885106
-45.3049,71,19.947739
-12.945817,88,20.335006
-73.81878,33,20.366922
-86.1086,33,20.422454
-13.904339,95,20.422454
-12.968578,90,20.422454
5.186864,112,20.594574
23.736164,95,20.624326
74.06959,192,20.778912
-25.411266,85,20.883144
-36.415672,73,20.961933
-10.403819,113,21.020393
-74.23078,23,21.055228
39.476036,111,21.174885
-25.026505,98,21.174885
-73.438194,35,21.344285
-71.070335,40,21.443227
-46.358185,64,21.674772
-68.35427,28,21.826363
-53.805832,47,21.880384
-60.121174,54,21.913295
-63.784565,44,21.985325
-33.051014,76,22.072359
-23.76528,94,22.072359
-67.98063,31,22.517453
-35.83914,82,22.849686
-69.88518,41,23.236067
-71.34807,52,23.284973
-36.11584,109,23.432355
-56.485863,50,23.464723
-40.70123,90,23.522706
-35.446224,86,23.717026
-18.571735,109,23.911253
-99.38999,95,24.05918
-70.55657,44,24.099713
-59.866226,57,24.119745
-102.41854,22,24.479041
32.29906,123,24.538261
-82.32293,23,24.65636
-57.987274,56,24.713671
-9.784245,107,24.782015
-66.20372,42,24.81436
-9.261879,109,24.945243
12.543725,140,24.958257
-50.229774,66,25.222329
6.775146,129,25.406513
6.696999,71,25.406513
-26.300392,81,25.438323
70.64065,175,25.732895
-76.72392,49,26.282899
-57.521343,55,26.282899
-47.294823,72,26.47494
-7.3257055,117,26.587023
-24.19067,100,26.830477
-65.89563,57,27.044873
-33.538937,91,27.204682
-71.639755,35,27.322136
-77.629684,29,27.456681
-76.12316,30,27.692339
-33.677,93,28.142738
-6.171501,126,28.309672
30.745983,127,28.444941
9.526813,113,28.471672
-9.369882,110,28.605019
-23.23191,101,28.701426
16.027239,149,28.754702
-64.427635,48,28.788548
-14.524317,131,28.788548
-54.82044,52,28.788548
-78.54474,43,28.788548
45.381756,165,28.819798
-26.98247,80,28.91017
-46.595524,68,29.094479
-24.806564,94,29.130897
-72.28281,35,29.232093
-82.508766,32,29.699353
-53.31799,48,30.254082
-63.398273,46,30.353144
-47.832287,70,30.492848
-33.91885,65,30.670433
-49.24739,74,30.802278
-38.67865,80,31.119069
-52.47592,82,31.150984
-4.252334,91,31.220068
-57.53094,99,31.29061
-32.98538,76,31.38857
-44.449425,96,31.687644
-35.582825,88,31.893179
-18.62887,103,31.955633
-59.23544,73,31.987134
20.808897,113,32.264112
-75.25837,31,32.410959
-58.528152,50,32.444177
-79.93506,42,32.501614
25.652033,161,32.66503
-66.210846,70,32.66503
-61.673355,48,32.794079
-32.09843,79,32.826399
-49.356678,47,32.826399
-25.942272,71,32.956973
-92.7918,39,33.137812
-52.318634,84,33.160001
-46.267105,67,33.240646
-69.16184,40,33.54364
-56.314922,44,33.957063
-39.3231,79,33.957063
-48.344593,65,34.168444
-62.930637,36,34.168444
-51.538605,74,34.269377
-72.90835,28,34.269377
-69.28415,45,34.289531
-84.20629,65,34.359664
-42.106205,71,34.389818
-20.407465,85,35.042254
-62.813198,43,35.373401
-38.618057,124,35.374397
-26.004211,94,35.701325
30.673506,136,35.787988
-50.05562,65,35.98909
-57.64396,61,35.98909
-23.958254,74,36.016881
-19.460537,119,36.047715
-48.185005,67,36.183728
14.073414,130,36.213891
-48.97251,67,36.274791
-29.846432,72,36.303556
-27.035858,70,36.385263
-161.55077,47,36.385263
-78.24746,22,36.415366
10.538711,127,36.415366
-71.37165,37,36.415366
4.9482665,91,36.498876
-73.54378,43,36.577629
-73.58616,31,36.840498
-80.52257,34,36.938914
-68.80525,48,37.062876
-47.780098,48,37.743641
-55.39796,44,37.743641
-36.497635,72,38.333242
3.1641595,136,40.243651
75.06868,191,42.259293
60.80033,204,42.350297
34.28055,165,42.406786
78.15678,215,42.506011
100.09482,230,42.5726
122.83464,226,42.602009
48.47876,200,42.633968
30.15511,151,42.633968
67.630936,200,42.745063
93.72079,229,42.779864
140.51892,227,42.853956
116.04752,241,42.853956
62.384567,182,42.923316
109.005066,240,43.030315
137.15657,246,43.33349
-69.2326,37,43.45481
-49.10409,61,44.038135
14.865061,135,44.038135
-51.082485,57,44.134127
-45.593292,66,44.32304
-50.21295,62,44.515182
-44.183422,74,44.755565
-23.60016,96,44.887043
19.871855,134,46.410875
62.395515,171,47.331995
9.867975,105,47.768198
46.21947,182,47.834877
24.968338,142,48.111837
45.89042,169,48.150996
67.99836,186,48.186901
38.69517,156,48.709111
108.683266,223,49.06154
81.11343,211,49.109896
42.66143,173,49.400348
67.49709,195,49.744938
231.69064,250,49.830264
60.860317,182,49.875555
102.79629,231,50.096723
13.12088,136,50.510288
-27.821228,92,50.702636
81.28718,211,50.931483
-24.848019,100,50.953471
-20.798866,105,51.054147
-19.029915,91,51.102585
14.212073,135,51.189513
-39.09438,72,51.247278
23.014175,127,51.35634
-16.529305,86,51.35634
-21.05052,89,51.390579
14.05739,128,51.439529
-37.420998,70,51.519994
-49.04192,68,51.550386
-65.509285,44,51.651292
-88.40539,53,52.327476
-54.61281,58,52.429248
-22.192518,96,52.531222
-41.196705,58,52.711291
-16.673412,80,52.804005
227.13055,250,56.566431
244.81294,250,57.833033
238.82802,250,57.882107
238.82034,250,58.023397
262.41162,250,58.141878
291.4314,250,58.141878
243.8747,250,58.162533
285.9087,250,58.222571
281.0817,250,58.294246
235.00371,250,58.344686
218.20786,250,58.445457
254.34433,250,59.182942
282.29276,250,59.295822
271.97067,250,59.399733
324.60992,250,59.570471
276.46875,250,59.654303
213.99255,250,63.774017
40.107033,175,65.077772
292.9928,250,65.491013
265.33774,250,65.568356
322.6377,250,65.734185
286.63916,250,65.843942
268.99994,250,65.843942
267.4421,250,65.883998
278.11993,250,65.935239
295.98206,250,66.031989
302.04022,250,66.056046
274.13333,250,66.165615
296.45773,250,66.887358
251.72783,250,67.012021
301.2504,250,67.121921
243.26848,250,67.372861
275.69064,250,71.158238
186.27177,250,72.159506
163.4349,250,72.475942
332.82114,250,72.538675
243.96017,250,72.663111
229.06136,250,72.793723
283.5789,250,72.793723
269.65506,250,72.825834
285.87488,250,72.897085
281.45724,250,72.994819
198.76218,250,73.027856
323.798,250,73.168918
282.08594,250,73.863939
165.10025,250,74.023086
310.57266,250,74.139335
205.52188,250,74.417251
-28.368593,79,74.974663
-11.905191,125,76.295125
-34.307873,90,76.572551
-24.288338,83,76.622772
280.2165,250,77.992956
122.504425,220,78.791048
268.26663,250,79.052467
247.70296,250,79.520484
259.09143,250,79.609103
296.37918,250,79.982723
270.79388,250,80.06363
222.69246,250,80.16187
253.43533,250,80.2004
269.51956,250,80.341269
20.314201,142,80.880978
60.9924,143,80.969627
231.23784,250,81.153987
230.7331,250,81.266649
-55.108727,76,81.962985
280.28406,250,82.238491
281.8832,250,83.510269
20.878931,135,83.540307
19.588453,137,84.015462
-71.55601,27,84.808541
272.43594,250,85.341661
-30.64141,75,85.572961
217.44371,250,86.079005
286.9726,250,86.24928
58.769424,153,86.278499
221.11754,250,86.851705
273.1329,250,86.904997
-75.0841,29,86.98472
256.53485,250,86.98472
266.54108,250,87.114496
106.96438,234,87.20819
232.67769,250,87.530069
-71.6606,28,87.558183
221.9791,250,87.781984
260.06332,250,87.892967
253.08745,250,88.468415
-49.66901,61,88.51866
-22.565989,98,89.805326
-23.135435,112,89.874652
308.60876,250,90.185886
-18.375439,92,90.295593
97.329544,217,91.256665
290.62674,250,91.366935
255.39774,250,91.922276
222.35216,250,92.706376
233.19594,250,92.938203
245.17633,250,93.700535
220.59431,250,93.84556
301.36353,250,94.296998
293.0609,250,94.333349
266.75107,250,94.725464
298.1235,250,95.450143
257.67493,250,95.516964
232.84773,250,96.957747
229.65598,250,97.010132
298.22247,250,97.292608
291.13004,250,97.383551
276.0302,250,98.425219
297.52457,250,98.553785
306.4299,250,99.078969
110.75048,201,99.602375
5.4886622,99,99.65382
281.06046,250,99.803692
287.0484,250,100.033396
268.72852,250,100.772224
257.66885,250,101.382028
226.84128,250,101.412235
223.47287,250,101.759953
210.23569,250,102.373714
227.61696,250,102.434066
246.28123,250,103.734453
273.23108,250,104.122672
241.52214,250,104.258339
276.7586,250,105.424483
254.54448,250,105.547174
125.42634,233,105.631946
94.92375,212,105.860448
258.31165,250,106.670843
291.36414,250,106.715064
270.20453,250,107.120041
269.55447,250,107.903585
243.64732,250,108.587615
279.0798,250,108.641121
275.41525,250,109.002363
211.1941,250,109.621418
283.01266,250,109.672603
260.524,250,110.933732
317.03137,250,111.387676
308.29767,250,111.521796
319.52808,250,112.700061
255.66751,250,112.829101
275.44727,250,112.924438
272.99597,250,113.152797
250.33842,250,113.950377
239.6834,250,114.003582
297.90552,250,114.377282
273.779,250,115.123399
294.33163,250,115.783736
292.78732,250,115.826992
279.65976,250,116.246754
230.38712,250,116.87508
282.4016,250,116.926928
9.721406,138,117.785547
250.87178,250,118.158873
-12.445321,119,118.477908
259.63516,250,118.510922
233.25598,250,118.62641
240.4852,250,119.608568
277.59024,250,119.70954
289.87277,250,119.807976
35.78336,140,120.035771
281.06128,250,120.035771
241.69728,250,120.879711
278.19046,250,121.274757
56.85847,182,121.862574
227.15753,250,122.857215
244.09613,250,122.897776
248.10812,250,124.079291
252.49269,250,125.16099
282.6599,250,125.555705
281.2274,250,125.896333
226.8217,250,125.928715
249.84581,250,126.040306
61.512726,182,126.508889
195.02953,250,127.187871
298.2817,250,127.347397
309.30933,250,127.45025
256.8885,250,127.769996
265.01926,250,127.769996
220.83655,250,129.316848
285.24023,250,129.886429
213.87076,250,130.704085
262.68237,250,130.743979
275.1861,250,131.78828
225.61693,250,132.718626
31.46367,174,132.87621
196.39236,250,133.0762
227.19981,250,133.403416
307.33124,250,133.424048
258.9409,250,133.540505
44.77694,152,133.540505
246.21019,250,133.979949
262.82074,250,134.567717
216.87477,250,134.691184
253.31264,250,134.781446
303.2006,250,134.981723
271.76605,250,136.911421
269.55692,250,137.760429
296.93973,250,137.791378
300.5867,250,138.814579
323.168,250,139.689511
269.3777,250,139.839714
323.57962,250,140.044755
273.1046,250,140.355917
296.17178,250,140.380927
258.8436,250,140.490819
300.0169,250,140.490819
286.02872,250,140.905786
261.25327,250,141.433062
304.51245,250,141.542439
274.81265,250,141.627926
231.4194,250,141.838694
-6.560946,101,143.286867
290.95312,250,143.785352
280.6257,250,144.786202
279.82797,250,144.819907
245.30138,250,145.824324
44.36111,162,146.243794
46.56877,160,146.487916
232.85612,250,146.691096
252.04688,250,146.871603
292.38977,250,147.055148
229.78928,250,147.382196
289.77228,250,147.402752
278.72903,250,147.500048
267.40573,250,147.949633
215.19241,250,148.637819
259.25082,250,148.838387
251.70222,250,150.339672
232.52194,250,150.758037
283.22482,250,151.545068
252.52011,250,151.582332
297.1641,250,152.565822
278.9688,250,152.983448
285.964,250,153.229257
273.39603,250,153.43837
263.50504,250,153.614816
303.0588,250,153.787855
253.08752,250,154.11258
212.81873,250,154.146474
282.19833,250,154.267521
253.43399,250,154.744675
197.61421,250,155.447464
237.6502,250,155.715155
338.51376,250,157.793205
281.29694,250,158.398129
276.79102,250,159.804749
273.2335,250,159.853325
279.10498,250,161.235602
282.93536,250,161.736576
297.5479,250,162.046305
344.50958,250,162.340289
212.1201,250,162.638672
324.4216,250,162.949882
319.587,250,163.357675
285.12448,250,163.403311
234.5176,250,163.534724
265.3364,250,164.073914
319.85077,250,164.738073
324.1314,250,164.936813
277.236,250,166.476477
266.39407,250,166.910658
319.39008,250,167.684325
295.20102,250,167.719767
278.5827,250,168.829562
287.81558,250,169.280754
321.75293,250,169.531668
276.40717,250,169.763104
287.43814,250,169.912755
278.8537,250,170.136071
303.51355,250,170.484761
270.1845,250,170.510691
305.24872,250,170.6115
259.98932,250,171.03003
276.6314,250,171.614993
291.38382,250,171.810181
294.56668,250,173.402541
302.08188,250,173.829364
258.8763,250,174.746906
310.55276,250,174.781195
275.6139,250,175.967055
308.5384,250,176.601806
335.11594,250,176.935531
347.87326,250,177.155331
329.75113,250,177.350496
318.8228,250,177.522744
342.60767,250,177.841685
242.2077,250,177.8736
319.67203,250,178.003888
267.33243,250,178.427389
327.77124,250,179.143308
332.54724,250,179.35914
335.72104,250,181.038622
217.7483,250,181.544419
261.20486,250,182.741194
276.59796,250,182.788929
272.75848,250,184.087863
342.22974,250,184.611012
301.39835,250,184.927125
341.8747,250,185.197958
360.97482,250,185.418681
321.825,250,185.663766
355.47638,250,185.990262
301.76608,250,186.02157
330.22772,250,186.130399
332.69357,250,186.568844
370.29465,250,187.138396
316.53082,250,187.32512
274.102,250,189.036776
360.591,250,189.482971
289.05807,250,190.270811
336.0395,250,190.301865
325.30255,250,191.421862
313.83612,250,191.928171
240.09015,250,192.240897
268.31433,250,192.52094
271.73672,250,192.71152
304.1163,250,192.93674
264.9615,250,193.269309
240.38959,250,193.302944
284.69846,250,193.409874
271.4375,250,193.854998
291.95218,250,194.393541
247.85301,250,194.579467
264.47208,250,196.086009
326.41147,250,196.538018
276.28714,250,197.50523
374.26898,250,197.548613
227.90868,250,198.579968
359.59454,250,199.013889
267.3757,250,199.25665
304.2917,250,199.498616
338.54175,250,199.675893
305.49054,250,199.8621
329.6466,250,200.207845
265.3114,250,200.240218
317.42932,250,200.362015
326.17477,250,200.790614
311.50653,250,201.324713
315.27502,250,201.547446
266.99448,250,203.148721
307.1853,250,203.558081
298.93323,250,204.373106
288.84177,250,204.399703
332.01306,250,205.409991
312.37674,250,205.822783
304.62827,250,206.04556
340.8523,250,206.262676
290.1749,250,206.427582
345.55228,250,206.659214
343.75122,250,206.989943
354.51196,250,207.021195
318.7392,250,207.143394
274.73245,250,207.644617
320.7894,250,208.285835
338.02686,250,208.501894
331.85645,250,210.142425
297.19345,250,210.57746
369.72665,250,211.449534
339.0481,250,211.475466
295.57928,250,212.50511
343.93585,250,212.960501
310.04306,250,213.190267
321.76828,250,213.384697
259.66684,250,213.546338
319.35248,250,213.742021
351.9614,250,214.128924
375.85635,250,214.171948
331.48163,250,214.294473
340.4336,250,214.717964
324.83646,250,215.241187
345.12897,250,215.413863
316.20667,250,216.885229
324.71252,250,217.297816
143.6981,224,217.476179
30.517,140,217.825157
274.2963,250,218.13624
278.80194,250,219.104967
238.44441,250,219.502426
337.44818,250,219.742555
257.60193,250,219.964952
316.4874,250,220.124892
326.8595,250,220.319876
331.72067,250,220.641866
360.29288,250,220.768112
317.83347,250,221.208893
343.70728,250,221.753785
291.71106,250,221.943779
335.99756,250,223.60699
346.20358,250,224.223278
321.2969,250,224.429582
332.3106,250,224.867375
359.7668,250,225.190066
329.95013,250,226.22255
341.55893,250,226.642225
338.3918,250,226.955931
301.0858,250,227.198321
294.75665,250,227.350279
275.3502,250,227.538322
313.3104,250,227.939324
283.48242,250,228.121705
311.4935,250,228.658938
282.8184,250,229.35675
310.52567,250,229.581773
346.68744,250,231.103385
275.52652,250,231.530227
295.6642,250,231.671007
302.1833,250,231.981328
281.7272,250,232.301658
330.49136,250,233.37391
354.38806,250,233.848485
277.97778,250,234.104724
376.64752,250,234.343199
309.6792,250,234.497787
356.82422,250,234.66344
278.6364,250,234.959737
299.85907,250,235.168366
329.4846,250,235.676389
353.9084,250,236.289855
326.11,250,236.497225
343.2989,250,238.001497
310.36816,250,238.409755
320.21146,250,238.582618
338.70316,250,238.995861
341.1531,250,239.375584
308.13565,250,240.67084
331.32526,250,241.157036
320.70206,250,241.455649
322.41537,250,241.714494
356.3705,250,241.928941
326.20883,250,242.159374
349.57178,250,242.562261
336.46066,250,242.711861
341.45233,250,243.249379
-54.409237,43,243.354365
322.66052,250,243.937097
351.2295,250,244.186938
323.01974,250,245.951696
344.70224,250,246.386954
296.1454,250,246.548451
345.35645,250,246.877517
321.73816,250,247.229763
110.12586,181,247.999343
315.358,250,248.33065
313.03076,250,248.803941
369.20245,250,249.054103
327.47943,250,249.263074
278.0384,250,249.633363
203.30211,250,250.086551
294.4633,250,250.551233
319.56067,250,250.628514
334.31598,250,251.089235
326.0103,250,251.273571
334.94168,250,252.822753
259.15125,250,253.253129
307.48123,250,253.417141
322.72116,250,253.75345
277.15353,250,254.055843
331.92224,250,254.947234
288.45145,250,255.390765
294.26547,250,255.967946
351.03677,250,256.297182
353.6443,250,256.559518
289.90848,250,257.010216
335.79852,250,257.509643
366.94873,250,257.93286
334.5181,250,258.025065
356.26968,250,258.532773
297.39172,250,258.723732
370.15045,250,260.258478
302.35904,250,260.681819
345.4328,250,260.852296
328.41412,250,261.189876
338.06882,250,261.505583
289.07922,250,262.269736
327.48123,250,262.574292
308.93613,250,262.962352
315.3864,250,263.204363
353.13086,250,263.422413
309.91022,250,263.778701
378.0175,250,264.219617
372.95703,250,264.633692
350.19702,250,264.710791
347.02676,250,265.194353
369.05746,250,265.383292
356.12024,250,266.838629
343.66208,250,267.231943
373.37256,250,267.408569
339.51266,250,267.788279
354.30402,250,268.119341
346.7991,250,268.875546
341.61902,250,269.168011
293.02637,250,269.613012
301.6488,250,269.85105
345.25638,250,270.056216
328.35016,250,270.369357
305.24155,250,270.879441
324.21924,250,271.36224
351.53598,250,271.469698
290.19382,250,272.096857
299.5361,250,272.311465
318.44757,250,273.885073
312.40558,250,274.299155
302.22147,250,274.519413
360.35208,250,274.983138
314.27805,250,275.3422
267.48602,250,276.114822
339.7469,250,276.436856
321.01953,250,277.022813
361.1355,250,277.283253
261.58392,250,277.492102
341.18222,250,277.828985
331.9435,250,278.247543
372.25076,250,278.689359
326.84427,250,278.769829
363.24457,250,279.275561
324.9646,250,279.520224
236.02377,250,281.268085
-40.38697,60,281.350865
281.40417,250,281.706692
389.04666,250,281.870021
380.24335,250,282.264556
347.46613,250,282.63175
350.94293,250,283.434047
371.72684,250,283.802694
372.4887,250,284.463945
326.56482,250,284.815593
358.45087,250,285.071398
358.24576,250,285.462281
324.27527,250,285.944094
326.3827,250,286.42696
308.57092,250,286.504784
307.9029,250,287.097968
332.01135,250,289.064787
380.8989,250,289.155984
347.07782,250,289.499263
345.40872,250,289.660591
336.41092,250,290.012354
358.97647,250,290.31958
332.3494,250,291.084143
332.49573,250,291.380703
329.41812,250,291.822552
347.1695,250,292.066837
293.1644,250,292.290112
354.9445,250,292.619358
341.7964,250,293.122027
328.0618,250,293.649533
323.14017,250,293.725675
332.54678,250,294.216905
353.42026,250,295.872142
361.54507,250,295.956246
298.71823,250,296.286131
356.84067,250,296.449246
345.4546,250,296.782118
332.55722,250,297.093012
334.3921,250,297.790879
380.10184,250,298.113841
298.84146,250,298.552308
364.18723,250,298.787318
385.88263,250,299.024216
360.6687,250,299.356319
338.15698,250,299.757042
317.90662,250,300.159651
353.16495,250,300.248195
350.97922,250,300.693958
322.33105,250,302.487723
368.17786,250,302.617187
347.98514,250,303.13645
342.37268,250,303.379917
351.08066,250,304.036613
306.86682,250,304.562263
334.80756,250,305.712346
363.13522,250,306.093324
334.215,250,306.588236
359.0035,250,306.864275
368.94492,250,307.100775
339.2486,250,307.454929
355.9423,250,307.978796
377.31595,250,308.415545
346.7095,250,308.514146
358.43753,250,309.081606
353.53635,250,311.398128
371.90353,250,311.490165
332.41714,250,311.886742
355.1946,250,312.080591
366.56537,250,312.515507
356.79254,250,312.888641
369.7318,250,313.837783
330.79892,250,314.181068
350.02792,250,314.723077
348.05762,250,314.994072
352.04666,250,315.243454
314.3009,250,315.616848
362.50662,250,316.096091
372.85336,250,316.52818
348.34247,250,316.625234
331.80905,250,317.097095
353.4768,250,318.691075
330.58432,250,318.78289
358.56165,250,319.166436
344.8252,250,319.357169
377.19977,250,319.750231
364.72128,250,320.125438
352.0766,250,320.909142
336.1956,250,321.210273
327.76038,250,321.633307
323.8574,250,321.894875
358.22528,250,322.104062
309.9223,250,322.462721
375.75195,250,322.925983
357.24014,250,323.300453
351.8626,250,323.394525
371.74512,250,323.849036
323.7548,250,325.582037
317.61612,250,325.672605
320.86078,250,326.039208
329.02066,250,326.194707
378.7242,250,326.522278
300.34833,250,326.881785
-50.115166,37,327.052124
342.07404,250,327.598344
329.5735,250,327.871629
322.88602,250,328.29852
336.46143,250,328.559032
334.9332,250,328.789635
319.75345,250,329.105015
345.2556,250,329.52681
347.2079,250,329.91081
369.00867,250,329.998795
350.8555,250,330.434493
335.4088,250,332.077234
371.0402,250,332.162363
350.2976,250,332.711103
367.9637,250,333.062366
401.06348,250,333.371161
326.14462,250,333.523289
383.72986,250,334.072867
313.38077,250,334.334735
325.26712,250,334.816036
363.442,250,335.087934
350.1676,250,335.334089
361.2372,250,335.734051
391.40198,250,336.266607
356.04556,250,336.732698
369.25983,250,336.834939
386.08157,250,337.339287
336.2101,250,339.066037
327.7755,250,339.149319
354.15762,250,339.637206
343.84436,250,339.991678
323.93716,250,340.32865
351.84268,250,340.474396
322.92603,250,341.032024
302.9886,250,341.314249
290.94995,250,341.716755
303.4041,250,341.938955
346.94604,250,342.140184
335.53244,250,342.503803
354.5605,250,342.918026
321.44678,250,343.322423
307.48083,250,343.406832
331.62585,250,343.898155
362.00055,250,345.61808
364.1106,250,345.711569
326.74988,250,346.207635
323.92584,250,346.579269
329.26947,250,346.923741
348.2912,250,347.128611
365.15527,250,347.763829
391.60425,250,348.064337
355.89435,250,348.49443
378.78696,250,348.715976
312.55188,250,348.90858
337.0403,250,349.222214
366.72943,250,349.664241
348.48688,250,350.057086
330.1812,250,350.120002
343.91492,250,350.593154
349.35275,250,352.578673
349.7934,250,352.692877
338.9533,250,353.223608
346.6422,250,353.551038
331.54544,250,353.880666
304.95898,250,354.061542
340.95654,250,354.694883
370.86707,250,355.012355
395.36874,250,355.440544
389.8325,250,355.689565
362.13373,250,355.891142
340.33862,250,356.237332
348.31445,250,356.699144
383.37012,250,357.103436
338.40536,250,357.175996
359.35107,250,357.681047
304.69336,250,359.310317
379.1119,250,359.385038
378.6863,250,359.898775
384.38672,250,360.246964
390.58197,250,360.571366
343.84204,250,360.740194
381.93723,250,361.344782
371.31897,250,361.689376
349.85278,250,362.171202
377.08386,250,362.4503
336.47394,250,362.710954
380.18243,250,363.094407
330.78625,250,363.640881
337.69614,250,364.135625
328.59375,250,364.234214
312.82016,250,364.800619
372.56265,250,366.522177
376.501,250,366.62995
387.0533,250,367.199633
360.0394,250,367.63365
330.83688,250,368.001373
352.13705,250,368.200642
340.30377,250,368.921176
350.54514,250,369.223997
335.2698,250,369.646274
352.60193,250,369.878456
399.84387,250,370.088532
368.62546,250,370.429973
364.2223,250,370.894572
341.3569,250,371.335817
359.92163,250,371.432452
366.28635,250,372.164501
330.50888,250,374.250104
373.4797,250,374.331575
378.58774,250,374.868021
334.34396,250,375.235922
310.79333,250,375.567508
387.0672,250,375.752167
374.2534,250,376.510509
341.8397,250,376.834653
342.191,250,377.279096
353.0561,250,377.523803
354.038,250,377.763372
366.72873,250,378.119982
361.93268,250,378.552263
387.27878,250,378.937123
338.69638,250,379.036944
379.9973,250,379.518863
368.6076,250,381.209768
378.81717,250,381.310872
366.5276,250,381.907031
370.00754,250,382.253852
373.94342,250,382.568516
367.40927,250,382.752598
343.81396,250,383.38426
349.097,250,383.738512
362.84113,250,384.232412
370.0412,250,384.525617
358.40668,250,384.775343
392.83414,250,385.119126
317.2241,250,385.605629
348.18304,250,386.018553
377.53186,250,386.1068
349.3958,250,386.63765
377.70123,250,388.406686
363.80316,250,388.51659
376.70032,250,389.200605
361.15848,250,389.619974
319.08047,250,389.963879
372.59952,250,390.130143
380.8113,250,390.700939
392.09824,250,391.067871
350.79648,250,391.55128
358.8509,250,391.793953
333.54062,250,392.092622
390.78195,250,392.48947
357.62585,250,392.994659
388.13425,250,393.4834
363.19034,250,393.568015
354.6704,250,394.038018
344.2627,250,395.70169
349.19205,250,395.764647
379.7913,250,396.248378
381.8287,250,396.560993
370.622,250,396.855071
333.7156,250,397.005501
374.02386,250,397.570207
362.90024,250,397.84421
352.31125,250,398.256095
376.0951,250,398.485579
367.0043,250,398.699003
364.3832,250,399.08296
363.14502,250,399.596086
379.4012,250,400.070947
385.72113,250,400.20636
369.47745,250,400.873865
389.36368,250,402.697085
397.70752,250,402.79405
319.47,250,403.36375
385.50412,250,403.731524
335.83963,250,404.126946
347.61826,250,404.312616
382.34064,250,405.058369
363.3321,250,405.39372
334.61288,250,405.859717
353.91367,250,406.124542
379.5436,250,406.37986
418.47247,250,406.740111
379.13983,250,407.196385
365.33005,250,407.630685
373.2944,250,407.715036
378.85706,250,408.330086
383.01334,250,410.134629
365.35614,250,410.223357
364.95187,250,410.75418
384.08627,250,411.101082
364.02335,250,411.431797
396.13696,250,411.603926
348.84512,250,412.200185
332.7719,250,412.499814
386.52023,250,412.950542
360.15665,250,413.200176
373.833,250,413.455266
349.8913,250,413.851459
372.4839,250,414.389335
326.42206,250,414.947649
339.08215,250,415.065719
353.43054,250,415.756492
340.73203,250,417.819909
310.28595,250,417.898114
330.7272,250,418.431377
317.14813,250,418.792233
375.31445,250,419.149056
346.54318,250,419.343773
365.63654,250,420.189618
384.4837,250,420.604216
372.60727,250,421.176505
380.04462,250,421.503818
379.21515,250,421.864387
377.54022,250,422.343585
372.8921,250,422.976488
363.93304,250,423.592023
354.89148,250,423.698012
352.21082,250,424.260056
383.23505,250,426.220491
381.94467,250,426.305199
392.20096,250,426.856496
365.00873,250,427.231892
382.2519,250,427.590811
396.52853,250,427.760982
375.71506,250,428.358635
394.9758,250,428.677131
376.3585,250,429.130855
360.45145,250,429.384109
390.78357,250,429.622049
379.80798,250,429.978143
348.25565,250,430.413833
368.2707,250,430.888859
352.96353,250,430.986912
360.80984,250,431.560886
418.93643,250,433.578414
395.9013,250,433.669169
376.69778,250,434.249384
391.62442,250,434.623251
393.30194,250,434.954585
362.8331,250,435.127892
383.0194,250,435.724966
376.8051,250,436.013226
420.94302,250,436.449857
372.6267,250,436.72968
389.18246,250,436.936418
398.049,250,437.275172
372.29694,250,437.727052
383.86148,250,438.168339
371.73947,250,438.248428
385.03796,250,438.728997
385.60083,250,440.422492
391.99298,250,440.493569
345.6774,250,440.98414
394.40723,250,441.342839
342.01645,250,441.643137
361.75006,250,441.813178
381.90604,250,442.410951
389.7732,250,442.691625
368.513,250,443.108391
378.9906,250,443.341128
378.32272,250,443.561981
358.40158,250,443.89168
399.6915,250,444.340405
380.4765,250,444.740092
408.33115,250,444.836269
354.05005,250,445.306083
358.12857,250,447.083652
405.821,250,447.197243
375.80884,250,447.805617
411.76987,250,448.243786
379.90402,250,448.636424
351.22318,250,448.833333
395.42072,250,449.470809
418.44888,250,449.75555
346.98343,250,450.199178
406.77408,250,450.438027
379.36877,250,450.676812
412.76346,250,451.038789
371.84354,250,451.470661
390.4372,250,451.901481
411.57816,250,451.97872
364.1744,250,452.45654
388.87292,250,454.185934
371.05182,250,454.262841
401.15134,250,454.786008
354.2096,250,455.134114
352.35754,250,455.450324
384.5346,250,455.637315
382.40457,250,456.264501
400.14795,250,456.568996
394.15256,250,457.002379
372.71445,250,457.24281
397.96405,250,457.455215
374.11496,250,457.782059
392.01648,250,458.196751
381.15747,250,458.58896
367.24298,250,458.667452
398.20987,250,459.113764
387.9365,250,460.758146
362.6238,250,460.846798
379.31506,250,461.31218
365.6398,250,461.632793
366.26813,250,461.926409
379.22348,250,462.096726
391.8294,250,462.669097
365.3497,250,462.985771
410.95798,250,463.479535
368.8336,250,463.745155
414.89703,250,464.007659
380.95584,250,464.382616
390.98087,250,464.935007
405.52838,250,465.399302
387.55298,250,465.487321
376.7347,250,466.001513
436.55338,250,467.750637
398.27133,250,467.823101
364.78104,250,468.306683
407.78995,250,468.711035
393.0876,250,469.09408
404.31943,250,469.273306
369.64856,250,469.867218
362.20303,250,470.149154
374.4029,250,470.553385
428.98865,250,470.811791
388.63873,250,471.045352
408.19266,250,471.432711
405.55066,250,471.88282
394.32162,250,472.303361
311.3081,250,472.386513
390.90607,250,472.845496
372.34348,250,474.699053
424.60403,250,474.775605
455.335,250,475.279977
389.47824,250,475.637176
411.88513,250,475.949815
391.5669,250,476.112547
368.419,250,476.707031
405.23413,250,476.998877
379.66803,250,477.471758
379.60687,250,477.71182
371.42023,250,477.942447
370.67975,250,478.306214
370.39172,250,478.773862
411.64166,250,479.342094
374.40436,250,479.456976
418.98285,250,480.041371
390.8813,250,481.932076
387.99133,250,482.024055
384.96158,250,482.614515
402.0305,250,483.029052
447.26218,250,483.448015
364.17664,250,483.645532
384.95648,250,484.398345
381.08243,250,484.775229
405.9277,250,485.300635
374.1081,250,485.548417
397.2387,250,485.776501
370.14795,250,486.125002
377.36832,250,486.593181
351.26947,250,487.071469
418.74573,250,487.160008
363.48978,250,487.633246
392.37997,250,489.518432
399.73297,250,489.602843
373.52737,250,490.103779
349.8503,250,490.44149
430.7997,250,490.755588
352.6084,250,490.924508
367.1023,250,491.519678
303.86444,250,491.820267
426.51532,250,492.231789
376.40897,250,492.495378
386.99387,250,492.700524
386.67197,250,493.113417
391.80664,250,493.546419
364.63364,250,493.951791
384.2331,250,494.02218
389.44693,250,494.486296
347.95352,250,496.547712
413.08926,250,496.638027
396.93414,250,497.193397
425.61273,250,497.52561
392.59506,250,497.84831
425.64084,250,498.00044
416.44836,250,498.566082
383.3195,250,498.890137
427.69968,250,499.317683
409.33167,250,499.545474
418.48865,250,499.77503
402.14328,250,500.206591
382.83667,250,500.674679
375.63437,250,501.123854
389.92905,250,501.201401
406.5517,250,501.730534
387.1633,250,503.797901
460.6925,250,503.893167
459.56445,250,504.487797
320.2684,250,504.905624
366.4619,250,505.302706
451.8279,250,505.520374
398.38644,250,506.308044
422.74442,250,506.666429
435.71466,250,507.130503
341.4032,250,507.393458
392.95853,250,507.634488
377.0538,250,508.046749
362.66888,250,508.587405
378.74997,250,509.13726
355.9268,250,509.235656
367.81494,250,509.851192
472.15994,250,512.361705
354.99655,250,512.499046
356.84256,250,513.334925
415.10492,250,513.814875
391.91776,250,514.198201
477.47067,250,514.413465
379.5413,250,515.172721
392.45966,250,515.524061
499.94058,250,516.031754
454.04285,250,516.336358
388.9348,250,516.604947
419.4341,250,517.042156
404.0722,250,517.617413
394.95206,250,518.199571
471.02057,250,518.315028
414.427,250,518.910222
408.5371,250,521.016677
370.8722,250,521.112997
428.857,250,521.70714
385.9849,250,522.14323
478.9926,250,522.56407
446.94485,250,522.772237
440.13104,250,523.523108
391.46408,250,523.952094
405.04483,250,524.49779
382.1367,250,524.812665
363.53854,250,525.087312
380.1149,250,525.551677
391.82602,250,526.21955
445.1717,250,526.88608
458.70245,250,527.020413
381.64746,250,527.766644
419.13052,250,530.224423
400.81885,250,530.331889
381.5093,250,530.98974
417.3799,250,531.415413
343.9626,250,531.825806
379.73422,250,532.032789
390.3255,250,532.789543
408.2516,250,533.185585
396.90817,250,533.739823
401.09695,250,534.027293
400.98584,250,534.257009
472.66168,250,534.623148
401.21658,250,535.141314
433.4972,250,535.65639
471.8839,250,535.755175
423.47604,250,536.23606
396.1182,250,538.014001
445.56586,250,538.10522
376.7825,250,538.647285
404.97363,250,539.009714
417.86014,250,539.334666
386.339,250,539.495985
464.78256,250,540.093889
468.97397,250,540.396227
431.18225,250,540.840515
363.01624,250,541.070769
439.64194,250,541.284148
397.76498,250,541.637759
423.42184,250,542.240994
429.23706,250,542.853026
432.18787,250,542.974365
436.26657,250,543.671145
474.27234,250,545.929493
401.96442,250,546.011916
525.5076,250,546.524657
500.1595,250,546.908192
412.23575,250,547.218242
377.11508,250,547.390811
435.4879,250,548.01727
452.6592,250,548.309031
411.9456,250,548.796928
465.49243,250,549.068991
345.21152,250,549.302523
380.03827,250,549.674185
444.86685,250,550.141383
392.2657,250,550.59304
381.2396,250,550.681444
501.23416,250,551.177456
429.21326,250,552.943045
471.4026,250,553.021067
437.019,250,553.517165
359.89334,250,553.889543
332.18076,250,554.226654
453.2929,250,554.387963
477.42365,250,555.002172
496.46057,250,555.286505
319.4899,250,555.708832
367.00195,250,555.97221
443.74316,250,556.214322
370.9011,250,556.578231
376.94638,250,557.044852
370.92548,250,557.487953
372.03638,250,557.568391
398.4289,250,558.091804
468.51263,250,560.104856
439.61792,250,560.217827
442.02765,250,560.851428
438.88095,250,561.21624
371.282,250,561.547423
373.94247,250,561.712656
447.30014,250,562.296255
469.4595,250,562.579755
462.1329,250,563.033749
444.37402,250,563.285867
458.2695,250,563.509055
399.78714,250,563.881254
466.81213,250,564.333964
476.84448,250,564.820836
435.56274,250,564.901332
449.6476,250,565.428249
358.0965,250,567.379995
361.79346,250,567.455737
384.90704,250,568.000772
499.0271,250,568.350389
433.73547,250,568.743786
493.00244,250,568.960962
478.9293,250,569.578951
490.18863,250,569.889772
437.46906,250,570.323067
374.3997,250,570.582985
479.81894,250,570.808485
324.8735,250,571.169434
430.97565,250,571.671231
521.3178,250,572.217043
384.4605,250,572.302358
398.12375,250,572.78728
378.73434,250,574.527452
518.96954,250,574.627378
379.92404,250,575.246736
379.2912,250,575.719666
517.4853,250,576.115574
442.001,250,576.311885
377.10052,250,577.131827
438.07117,250,577.447078
425.78754,250,577.878546
371.9689,250,578.118576
446.94427,250,578.343864
385.57565,250,578.757987
397.0726,250,579.232003
466.33963,250,579.661015
431.98233,250,579.745543
560.9596,250,580.244031
524.91956,250,582.010856
392.60455,250,582.098634
486.7161,250,582.597642
470.37643,250,582.95074
510.9947,250,583.29341
560.3214,250,583.465233
504.4165,250,584.063896
411.448,250,584.381677
24.137108,83,584.381677
196.81015,202,584.788822
374.7411,250,584.831897
548.1036,250,585.096515
508.1409,250,585.321705
561.7109,250,585.680811
460.95615,250,586.702564
517.9901,250,586.783131
498.66586,250,587.301993
444.1861,250,589.032874
453.7629,250,589.659922
555.0949,250,590.001673
384.49338,250,590.320106
508.30945,250,590.509215
453.2579,250,591.220624
382.36966,250,591.577389
493.86002,250,591.577389
426.57605,250,592.079027
499.05032,250,592.117069
505.93875,250,592.409703
453.3574,250,592.679524
525.2893,250,593.10332
500.44653,250,594.014773
427.00745,250,594.093761
435.90082,250,594.588017
532.8229,250,596.372427
460.02255,250,597.027289
506.2771,250,597.381021
526.0271,250,597.694519
400.16956,250,597.873913
444.9757,250,598.480523
501.05856,250,598.774246
519.9971,250,598.774246
520.79254,250,599.197443
505.3708,250,599.226479
537.7387,250,599.48071
521.57794,250,599.70357
528.3159,250,600.055957
517.57135,250,600.971823
450.12952,250,601.046495
505.8637,250,601.632076
538.7845,250,603.854588
498.5013,250,604.637131
466.09796,250,605.079831
555.9044,250,605.422803
497.4618,250,605.604858
550.4295,250,606.278611
394.42538,250,606.605982
446.95563,250,606.605982
540.33734,250,607.148341
539.86884,250,607.188573
502.1172,250,607.489295
427.01913,250,607.780528
475.3236,250,608.247054
526.1049,250,609.36215
531.3856,250,609.444223
424.32352,250,609.966847
487.5832,250,611.728884
454.46982,250,612.374036
421.99182,250,612.757587
511.84073,250,613.121235
484.9626,250,613.293955
559.0317,250,613.908754
548.49115,250,614.231254
557.36957,250,614.231254
488.9707,250,614.643327
476.01706,250,614.675279
410.24884,250,614.975852
478.49814,250,615.204085
425.5062,250,615.561528
494.68936,250,616.545662
501.1027,250,616.644184
531.59894,250,617.179941
546.84454,250,619.130024
522.3241,250,619.742912
446.89615,250,620.082626
459.78848,250,620.404252
459.763,250,620.590206
510.70865,250,621.189722
518.41156,250,621.49045
485.51187,250,621.49045
509.4947,250,621.90794
511.44992,250,621.947068
519.701,250,622.203849
547.7958,250,622.435147
494.88968,250,622.840343
508.5333,250,623.973456
490.1178,250,624.084332
519.7347,250,624.704698
508.34012,250,626.554108
486.24765,250,627.244191
458.68793,250,627.621434
568.1845,250,627.939151
462.5207,250,628.119936
504.71085,250,628.77436
547.1003,250,629.076212
498.7068,250,629.076212
524.71173,250,629.515848
530.0986,250,629.548869
468.59396,250,629.799997
558.891,250,630.017464
490.62662,250,630.386085
558.0569,250,631.300344
489.2117,250,631.390307
511.50754,250,631.89987
475.68478,250,633.848557
510.08493,250,634.56229
464.24326,250,634.918285
404.94678,250,635.283075
491.03915,250,635.470172
501.87418,250,636.111605
491.14246,250,636.428303
508.8886,250,636.428303
457.58875,250,636.895212
461.0452,250,636.945125
463.1794,250,637.19684
465.60663,250,637.461401
505.096,250,637.84631
505.2809,250,638.808205
505.25494,250,638.917123
469.76978,250,639.518604
510.10968,250,641.773482
537.6874,250,642.42957
516.30774,250,642.837305
508.40918,250,643.170355
487.4233,250,643.335691
512.9635,250,643.950271
437.3354,250,644.268605
513.03644,250,644.268605
541.2897,250,644.701766
478.09848,250,644.730861
511.08167,250,644.976234
544.3591,250,645.22772
493.88416,250,645.612098
496.6644,250,646.51874
580.80914,250,646.601683
540.2413,250,647.085899
572.5769,250,648.770342
444.32062,250,649.379099
523.64453,250,649.748037
509.4452,250,650.069778
480.88223,250,650.241159
445.98724,250,650.849196
491.8823,250,651.151286
533.4507,250,651.151286
470.06116,250,651.536817
571.9564,250,651.567539
502.59976,250,651.807785
532.0811,250,652.040656
480.4633,250,652.38472
472.55508,250,653.263036
524.38354,250,653.343866
548.72864,250,653.861851
549.53345,250,655.728993
512.81647,250,656.518146
543.7245,250,656.930809
540.8043,250,657.291674
409.33264,250,657.464883
497.21915,250,658.050309
538.9553,250,658.351864
545.5196,250,658.351864
497.54288,250,658.755217
529.3106,250,658.786438
449.4962,250,659.038191
463.67984,250,659.260108
560.34973,250,659.605439
544.72534,250,660.51269
488.91412,250,660.603965
531.6095,250,661.126475
542.7988,250,663.175896
474.3629,250,663.956411
438.5895,250,664.473937
495.87973,250,664.895473
511.32352,250,665.10552
568.8202,250,665.833561
540.17786,250,666.158354
540.21466,250,666.158354
464.47784,250,666.647323
519.7499,250,666.690411
547.10986,250,666.963507
556.9355,250,667.195954
438.98856,250,667.557067
529.8854,250,668.489572
570.9571,250,668.592515
564.6614,250,669.109071
492.52298,250,671.071046
457.73016,250,671.789714
565.9109,250,672.231994
516.39856,250,672.619062
485.2397,250,672.828917
509.52548,250,673.455704
509.5845,250,673.770431
499.64566,250,673.770431
533.7873,250,674.246773
545.2254,250,674.28528
566.50385,250,674.609745
559.15393,250,674.827496
439.04306,250,675.163829
331.98465,250,676.08349
522.9832,250,676.174143
537.1371,250,676.660784
515.76776,250,678.376194
573.78656,250,678.984286
465.07,250,679.326404
505.47372,250,679.65784
459.5418,250,679.822385
529.51715,250,680.406524
525.32874,250,680.680934
502.25912,250,680.680934
498.47278,250,681.086204
538.50073,250,681.13429
555.51086,250,681.368463
526.28217,250,681.579076
501.8165,250,681.934195
542.001,250,682.85241
515.0761,250,682.966069
523.27924,250,683.518574
504.9464,250,685.243912
516.4597,250,685.849957
552.9176,250,686.183501
463.86124,250,686.506224
510.511,250,686.699103
525.24994,250,687.41594
512.42804,250,687.76887
514.2588,250,687.76887
541.6288,250,688.283765
530.7064,250,688.315025
568.0025,250,688.609537
435.6136,250,688.879659
505.18137,250,689.273589
460.0312,250,690.171805
502.469,250,690.252494
415.42355,250,690.746298
508.08273,250,692.514815
516.1824,250,693.141505
554.52484,250,693.48552
455.43234,250,693.798508
481.8913,250,693.959883
442.05322,250,694.628106
525.8381,250,694.970052
527.44336,250,694.970052
485.10492,250,695.427476
525.0338,250,695.462741
553.49146,250,695.761706
508.84058,250,696.011204
477.44318,250,696.37725
521.2213,250,697.312213
424.8555,250,697.393791
456.64154,250,697.902325
429.73416,250,699.677913
428.61096,250,700.377827
472.55142,250,700.773016
473.34665,250,701.106324
519.0501,250,701.286898
518.6669,250,701.896048
525.6752,250,702.183837
548.42365,250,702.183837
496.5727,250,702.600456
552.9864,250,702.631362
518.7202,250,702.945212
470.4606,250,703.197982
547.02136,250,703.597224
517.08514,250,704.730664
550.1769,250,704.840675
535.1764,250,705.418221
560.472,250,707.289181
512.9057,250,707.921129
526.03546,250,708.290882
480.90982,250,708.638536
547.5218,250,708.8263
501.76532,250,709.44728
531.7243,250,709.775624
456.28262,250,709.775624
562.3905,250,710.180296
495.05615,250,710.214255
502.31552,250,710.474028
513.818,250,710.697811
563.5931,250,711.045144
553.2952,250,711.985763
530.97296,250,712.075689
516.5994,250,712.573146
553.16327,250,714.385782
480.47617,250,714.981448
512.21844,250,715.368999
526.0138,250,715.694691
583.43,250,715.865256
544.54285,250,716.442929
405.57227,250,716.783783
541.3956,250,716.783783
509.5889,250,717.214494
557.6497,250,717.243417
590.2295,250,717.489965
526.8744,250,717.707117
523.39734,250,718.059421
514.2298,250,719.056592
469.14014,250,719.157443
547.16833,250,719.75104
548.5369,250,722.131633
452.76782,250,722.892485
434.33997,250,723.354147
542.53894,250,723.749183
578.58923,250,723.968519
543.13025,250,724.686003
463.87988,250,725.10275
502.82608,250,725.10275
543.1471,250,725.606676
466.90356,250,725.643705
593.3729,250,725.922512
531.12585,250,726.16584
505.422,250,726.534944
553.67004,250,727.463603
518.9415,250,727.5529
533.4529,250,728.082182
531.252,250,729.943025
529.47845,250,730.524124
507.71506,250,730.867834
497.90384,250,731.197002
546.42175,250,731.372046
521.66766,250,731.982029
526.7365,250,732.276807
459.05936,250,732.276807
538.9376,250,732.689852
511.96283,250,732.719381
538.31287,250,732.96607
522.7755,250,733.193934
529.7972,250,733.596003
541.08044,250,734.534893
494.22675,250,734.62383
540.2245,250,735.229299
538.70685,250,737.414548
535.2642,250,738.001544
525.62244,250,738.354455
494.84848,250,738.707722
531.92084,250,738.874943
501.99918,250,739.482503
564.43726,250,739.781237
526.8121,250,739.781237
543.4799,250,740.204848
526.0119,250,740.251689
522.1132,250,740.520708
543.80316,250,740.755383
534.2882,250,741.148077
517.8365,250,742.044233
402.85745,250,742.138624
570.6809,250,742.655715
555.733,250,744.467491
574.1697,250,745.050777
536.67346,250,745.43649
452.91275,250,745.773315
556.1334,250,745.951497
530.6942,250,746.566701
534.71216,250,746.867445
530.8766,250,746.868445
538.1867,250,747.300003
491.49664,250,747.328038
583.046,250,747.57683
518.63855,250,747.792636
464.84103,250,748.156654
542.459,250,749.127097
598.2509,250,749.200901
442.17593,250,749.724802
407.95065,250,751.71382
471.29254,250,752.498043
528.95355,250,752.962788
540.58606,250,753.362062
539.22876,250,753.538595
554.3936,250,754.21587
561.22626,250,754.58831
513.40234,250,754.58831
563.0233,250,755.084031
489.25195,250,755.114423
492.35822,250,755.396313
432.6827,250,755.668846
542.78534,250,756.053901
559.5208,250,757.003429
576.04236,250,757.102744
396.3631,250,757.587767
579.3001,250,759.245809
549.9983,250,759.821538
559.0731,250,760.162864
376.8549,250,760.496521
549.8442,250,760.686454
585.29846,250,761.371239
564.6118,250,761.678168
467.44415,250,761.678168
579.34485,250,762.046293
560.2205,250,762.094441
408.42798,250,762.328861
556.82947,250,762.583197
434.9221,250,763.003483
433.2512,250,763.89956
569.2939,250,763.979469
570.02606,250,764.483804
487.6974,250,766.617548
553.77576,250,767.442791
557.87933,250,767.967676
530.1773,250,768.436799
420.39948,250,768.674718
420.02832,250,769.4235
570.2559,250,769.796067
536.2826,250,769.796067
425.62247,250,770.312282
550.69885,250,770.36897
593.9534,250,770.72645
568.5393,250,770.998303
504.68884,250,771.4132
565.36456,250,772.518829
530.709,250,772.632513
528.50146,250,773.272614
393.94104,250,775.036213
563.8068,250,775.650431
436.00735,250,775.998066
564.9573,250,776.336204
566.53595,250,776.497961
551.2622,250,777.105173
561.6487,250,777.406542
542.2738,250,777.406542
482.07407,250,777.799635
478.8087,250,777.822077
481.6532,250,778.054612
494.84796,250,778.286283
441.55768,250,778.675514
552.0218,250,779.564934
517.75464,250,779.658433
521.01855,250,780.225473
475.28836,250,782.04744
392.1349,250,782.743577
563.49097,250,783.234327
570.63025,250,783.675036
529.06226,250,783.896046
552.6776,250,784.702569
564.29095,250,785.114345
557.22815,250,785.114345
557.2537,250,785.621462
504.60184,250,785.651398
529.86505,250,785.913327
566.5887,250,786.136083
482.15543,250,786.513784
544.56165,250,787.437565
571.62384,250,787.521336
571.4647,250,787.992397
-5.70304,64,789.262051
577.77826,250,789.785817
431.5231,250,790.418101
493.61996,250,790.7635
517.96234,250,791.083402
544.15295,250,791.248013
521.9041,250,791.834682
530.3138,250,792.138679
555.5028,250,792.138679
558.6258,250,792.531897
558.9324,250,792.562409
542.77185,250,792.803688
528.44104,250,793.027461
546.6963,250,793.379912
451.1931,250,794.270772
567.43164,250,794.815796
579.74713,250,796.089918
535.45734,250,796.565042
580.93365,250,797.164408
597.7108,250,797.592908
421.03265,250,797.937689
571.8761,250,798.093383
591.8815,250,798.686021
587.81757,250,799.010862
576.7364,250,799.010862
522.6947,250,799.481479
545.3193,250,799.513227
583.74097,250,799.805537
560.77167,250,800.057942
564.9693,250,800.511302
537.3769,250,801.489955
540.91003,250,802.057456
459.5297,250,803.306013
597.22156,250,803.828988
520.6891,250,804.446873
552.03546,250,804.790496
546.0866,250,805.091301
573.5746,250,805.245001
526.7998,250,805.870757
523.0658,250,806.173751
500.73608,250,806.173751
575.4478,250,806.607264
464.91605,250,806.627365
557.4421,250,806.870156
581.20374,250,807.109432
609.02454,250,807.477859
444.62335,250,808.356039
557.7566,250,808.940527
553.326,250,810.178587
497.53223,250,810.677695
565.1602,250,811.246181
583.6224,250,811.595063
539.0319,250,811.909669
579.1267,250,812.070443
552.5245,250,812.645838
482.69214,250,812.939412
537.0271,250,812.939412
555.471,250,813.355787
546.2984,250,813.376926
487.0415,250,813.626327
605.7594,250,813.837806
579.4123,250,814.177315
479.60495,250,815.084817
573.57855,250,815.732068
530.4682,250,817.19462
578.6443,250,817.679802
555.55676,250,818.253889
530.563,250,818.604315
589.6326,250,818.927717
532.14703,250,819.078305
560.09985,250,819.695553
592.78253,250,819.998858
554.9038,250,819.998858
587.6704,250,820.392919
543.40125,250,820.433614
573.084,250,820.685765
534.1902,250,820.880403
526.35394,250,821.262746
506.05856,250,822.15015
548.1341,250,822.695024
561.7147,250,823.944666
589.3962,250,824.415418
502.55246,250,825.071728
566.43854,250,825.41262
518.55273,250,825.73277
571.76575,250,825.895807
566.7373,250,826.490083
435.2746,250,826.793316
552.7756,250,826.793316
567.26514,250,827.174822
546.31934,250,827.206064
596.6487,250,827.431576
573.8156,250,827.64536
548.51404,250,828.015796
521.6819,250,828.871535
480.5261,250,829.424466
561.30023,250,830.65754
544.46277,250,831.222781
589.72314,250,831.950323
535.73804,250,832.3535
482.0233,250,832.758285
550.10266,250,832.950494
521.15063,250,833.555506
590.7211,250,833.858723
312.22614,250,833.858723
598.97144,250,834.252817
570.5145,250,834.283518
602.2061,250,834.515926
594.44806,250,834.738015
599.38684,250,835.070559
590.7065,250,836.024501
578.45776,250,836.590998
548.70654,250,837.867716
542.3936,250,838.342755
600.3656,250,838.934141
583.4201,250,839.265286
579.4239,250,839.59314
564.19214,250,839.742417
567.55493,250,840.346729
515.5152,250,840.666034
530.3011,250,840.666034
574.8472,250,841.041982
596.87244,250,841.073223
517.38696,250,841.336767
564.43713,250,841.580651
473.04395,250,842.015218
519.00824,250,843.095452
529.3826,250,843.783671
569.55206,250,845.216822
464.93796,250,845.740949
488.3251,250,846.326679
559.94885,250,846.681019
600.9028,250,847.080659
544.6785,250,847.276096
538.6705,250,847.982838
573.78314,250,848.352842
580.6893,250,848.352842
575.4984,250,848.859556
510.0674,250,848.899699
459.8024,250,849.173116
584.0715,250,849.38481
591.89996,250,849.744803
592.1187,250,850.615587
550.52704,250,851.220241
545.0129,250,852.449248
569.8189,250,852.915809
571.39136,250,853.541882
571.43866,250,853.894504
550.4012,250,854.257165
598.18713,250,854.430828
562.66766,250,855.052551
584.075,250,855.350014
548.773,250,855.350014
476.93466,250,855.75336
569.2659,250,855.793786
546.39557,250,856.057475
561.93146,250,856.266878
529.15173,250,856.622585
588.10394,250,857.492199
456.1192,250,858.12085
544.4971,250,859.362862
582.89856,250,859.941907
568.45715,250,860.598679
546.2154,250,860.936806
568.1068,250,861.246583
553.88654,250,861.408071
547.7054,250,861.983197
582.0559,250,862.285975
577.31006,250,862.285975
454.25098,250,862.787513
572.06573,250,862.840808
596.0824,250,863.15722
516.8118,250,863.419549
571.17615,250,863.842637
545.585,250,864.985278
481.20377,250,865.580199
569.7979,250,866.831923
547.16095,250,867.296137
547.1106,250,868.026871
576.70844,250,868.396377
563.636,250,868.734498
560.40485,250,868.935916
566.46515,250,869.537808
579.89044,250,869.829693
544.94244,250,869.829693
387.29388,250,870.213022
517.0503,250,870.247486
577.6011,250,870.493649
551.4827,250,870.700159
572.1949,250,871.04205
569.9657,250,871.935317
511.83896,250,872.565507
538.34973,250,873.81633
557.6537,250,874.298944
594.05383,250,874.916564
598.9885,250,875.261153
546.535,250,875.606413
541.0059,250,875.776435
561.87537,250,876.358784
590.58655,250,876.728166
560.501,250,876.728166
556.4904,250,877.170872
554.9375,250,877.208269
527.2489,250,877.446112
427.04166,250,877.667212
578.6903,250,878.023644
558.0456,250,878.946152
595.72595,250,879.642417
566.49084,250,881.147798
564.59937,250,881.665293
503.4803,250,882.248461
584.78516,250,882.61305
438.54172,250,882.926498
484.9962,250,883.076493
512.8254,250,883.672197
527.4195,250,883.974869
507.8167,250,883.974869
541.4018,250,884.409316
523.9116,250,884.439509
425.50885,250,884.69223
571.98206,250,884.924629
546.47345,250,885.34148
578.9012,250,886.230985
520.3964,250,886.815445
586.64233,250,888.046236
579.7952,250,888.529584
551.8891,250,889.095778
607.77936,250,889.420474
549.1648,250,889.741718
490.33517,250,889.896319
546.4388,250,890.490181
580.4959,250,890.783375
544.60767,250,890.783375
445.4877,250,891.177454
552.34106,250,891.206658
524.1868,250,891.459321
528.2812,250,891.65137
564.6253,250,892.01228
529.4622,250,892.913377
532.47076,250,893.530803
594.87726,250,894.838098
539.7089,250,895.41173
566.2464,250,896.137016
473.57596,250,896.581006
560.9941,250,896.983396
485.73676,250,897.174258
513.5789,250,897.793272
558.2178,250,898.095722
570.5245,250,898.095722
538.5767,250,898.507578
507.9858,250,898.53251
506.93988,250,898.782348
543.5861,250,899.023404
513.53705,250,899.358001
559.8041,250,900.274311
548.80084,250,900.841457
523.99084,250,902.277579
540.16785,250,902.85088
543.8797,250,903.553997
585.91864,250,904.003252
502.89438,250,904.38924
552.5802,250,904.59179
535.6814,250,905.306936
461.02792,250,905.666449
536.32294,250,905.666449
558.7704,250,906.070431
489.25198,250,906.111177
548.3321,250,906.362091
540.20734,250,906.584215
556.22394,250,906.960891
-52.50168,41,907.281385
546.25287,250,907.87554
527.2842,250,908.438982
519.7358,250,909.69044
550.83777,250,910.193993
