#{"t_start": 1686608831.662397, "env_id": null}
r,l,t
-78.01913,30,3.090725
-56.51316,32,3.575777
-81.020004,38,4.960908
-67.82165,39,5.184298
-67.49492,44,6.387292
-57.53137,47,7.095259
-61.891586,50,7.782169
-52.287018,55,8.922635
-51.170853,55,8.922635
-51.64563,57,9.377126
-46.060204,59,9.832758
-53.101696,64,10.996075
-31.69617,70,12.352087
-74.00885,36,16.209694
-31.577244,89,17.024097
-70.14059,89,17.025094
-60.082832,35,17.908921
-55.401558,59,19.469522
-76.63578,32,20.478374
-80.37595,39,20.72192
-65.59769,45,20.962213
-59.631397,59,21.439234
-36.82722,75,21.691182
-29.271746,67,22.663499
-5.731501,75,23.13921
-34.134617,84,23.350211
-73.46033,31,24.03673
7.174597,121,24.990313
-36.862614,66,24.990313
-63.88992,50,29.067711
-67.483215,40,29.754725
-54.102947,51,29.987051
-62.98852,47,30.444844
-19.334255,92,30.86299
-71.350136,38,32.037753
-43.321316,66,32.702671
-55.70925,54,34.072843
-64.82701,55,34.072843
-66.777145,48,35.048255
-75.720474,30,35.93691
-36.977375,55,37.529595
-73.02369,38,38.396583
-48.98536,72,39.116864
-37.19266,81,39.622068
-27.985624,42,39.622068
-39.051346,86,42.786252
-40.188522,63,44.857876
-77.09713,56,45.585691
-50.091114,66,46.062898
-64.035255,53,46.306985
-60.355247,49,47.244128
-40.060444,67,47.489612
28.802605,119,48.257389
-59.5674,47,48.489231
-24.661472,105,49.219087
-66.01434,51,50.368891
-19.135206,71,50.613109
-32.19029,50,51.308778
-75.95921,37,51.52405
-69.11379,44,55.17132
-68.67338,91,56.055166
-76.34729,38,57.201416
-36.786037,80,57.630566
-25.934118,82,58.567857
-61.11496,48,59.243837
-62.384644,46,60.883565
-50.306313,64,62.388979
-37.94654,79,64.044037
-70.57044,35,64.290711
-59.06025,56,64.512868
-54.870056,62,65.001168
-38.435467,82,65.533842
-26.569502,82,68.222668
-76.1587,30,71.50881
-8.631003,104,71.50881
-46.28281,60,72.677588
-38.262413,78,73.367888
-54.312893,54,73.59831
-40.96592,63,74.022789
-64.77544,51,74.25083
40.720783,100,74.497227
39.216747,124,74.942481
-7.3583055,76,74.942481
-34.02916,61,78.77303
-13.762,62,79.33166
-69.31466,38,80.977498
-71.06956,35,82.172227
-38.698814,70,82.404164
-71.21231,35,83.352933
-13.860656,77,83.585235
54.86944,115,85.213839
-19.273687,64,86.994027
-3.8989654,78,86.994027
-56.17974,50,87.244535
-30.821383,68,89.1061
-82.074715,26,89.345351
-26.031507,53,91.581576
-10.385121,74,92.673423
6.604054,80,93.117273
5.7342076,70,94.962263
-4.188501,91,95.864065
-12.037772,97,96.549495
-74.61203,32,96.549495
-75.543846,29,98.209456
-32.720085,70,98.419354
-18.59629,61,99.087799
11.177247,82,100.952246
-60.32676,43,102.581482
-22.451181,70,103.046375
-25.78069,61,103.046375
44.60158,91,104.43205
63.4346,102,104.43205
-61.79533,41,105.979309
-42.014828,47,106.686081
-76.04704,27,109.278752
-74.95028,30,109.976268
8.370099,101,110.425802
-33.5975,69,110.834895
-71.86828,33,111.95598
51.162476,110,112.176368
1.2506584,65,113.058152
-25.145803,58,114.171431
-60.84119,46,114.881438
-77.508316,25,115.568655
-24.205828,74,116.055181
-45.48536,62,116.733522
57.580906,103,116.733522
-23.37062,48,116.955709
-69.85936,33,118.297975
-68.44585,31,121.254106
-79.25178,22,121.929184
-58.72848,32,122.156016
60.01861,113,122.390073
-39.615837,47,122.819296
-75.65105,29,123.271774
66.333916,114,149.53146
220.5732,238,154.158449
410.67065,250,165.157006
399.40375,250,167.655392
389.92462,250,168.862181
412.73392,250,170.447217
458.9099,250,171.561175
449.98862,250,174.048059
504.36755,250,174.503172
561.9822,250,175.234389
-90.41299,18,175.664514
468.52026,250,176.78722
473.25974,250,180.065825
501.5789,250,180.74479
482.65582,250,181.215589
381.4633,250,181.681463
519.073,250,182.134788
498.43658,250,208.103608
551.30365,250,212.708209
478.6329,250,223.906358
542.08563,250,226.472168
553.42566,250,227.657889
533.8257,250,229.246516
591.75964,250,232.983853
573.8601,250,233.450982
592.23737,250,234.13598
534.11945,250,234.591119
588.58575,250,235.744128
532.57983,250,238.770389
530.8923,250,239.403304
584.8928,250,239.871836
566.552,250,240.293676
576.9346,250,240.760441
601.9974,250,266.244568
601.8487,250,270.778611
576.70544,250,281.73446
622.27075,250,284.214148
614.083,250,285.364977
593.3286,250,287.057091
555.0439,250,291.077867
555.4969,250,291.574446
574.5827,250,292.313155
538.65826,250,292.870608
610.72064,250,294.224494
609.6312,250,297.284924
505.13205,250,297.971722
582.76306,250,298.44689
563.72565,250,298.965086
577.63654,250,299.407732
546.4071,250,325.049595
578.5236,250,329.554711
481.16437,250,340.586484
573.0555,250,343.184034
558.3903,250,344.415836
535.05096,250,345.951694
623.79803,250,349.783567
571.34863,250,350.208502
608.0845,250,350.91556
619.7848,250,351.361189
616.6009,250,352.501455
598.8474,250,355.395256
533.6425,250,356.073693
587.8774,250,356.540583
570.64496,250,357.0048
597.27686,250,357.469743
627.8478,250,383.431863
580.3966,250,387.916695
602.6336,250,398.851032
593.9221,250,401.342217
580.6872,250,402.575579
430.87537,250,404.481642
581.1906,250,408.956702
596.53296,250,409.5447
623.458,250,410.440634
579.83057,250,410.905481
493.07535,250,412.018978
634.5893,250,414.935113
463.13504,250,415.636533
579.0873,250,416.084453
602.6156,250,416.528291
619.12915,250,416.983793
592.9424,250,442.377759
608.149,250,447.015809
610.25903,250,458.05979
602.7138,250,460.662483
568.01434,250,462.007654
493.75143,250,463.592295
591.1936,250,467.463921
597.0278,250,467.949159
609.0126,250,468.657759
596.4759,250,469.140079
606.9484,250,470.33803
609.32947,250,473.723579
618.8991,250,474.497205
616.682,250,475.013734
618.8891,250,475.489178
592.6447,250,475.942538
609.5195,250,501.928431
611.2055,250,506.617927
583.66974,250,517.55242
577.16473,250,520.049453
624.65393,250,521.15814
587.353,250,522.789474
593.45465,250,526.389759
620.95447,250,526.8239
570.2141,250,527.527427
632.7714,250,528.006824
558.21967,250,529.13057
616.1465,250,532.090543
631.5864,250,532.79567
606.9211,250,533.258348
629.4775,250,533.718725
596.0758,250,534.183958
606.64966,250,559.863919
605.55896,250,564.44121
614.6239,250,575.62092
543.4857,250,578.192998
497.55206,250,579.367078
595.777,250,580.950362
573.59235,250,584.616572
615.06366,250,585.114572
604.8526,250,585.785619
554.5399,250,586.243093
619.6975,250,587.397135
580.0544,250,590.393811
615.6039,250,591.113082
633.7668,250,591.569444
635.5951,250,592.001443
585.50183,250,592.474982
622.3994,250,617.563514
610.069,250,622.437032
464.96982,250,633.413743
635.4772,250,635.868768
645.39276,250,636.995129
615.84186,250,638.518305
605.79047,250,642.150832
565.0439,250,642.613185
609.9192,250,643.280394
602.0251,250,643.724261
596.3485,250,644.877252
621.9413,250,647.801679
626.0304,250,648.508506
619.93774,250,648.966994
614.11743,250,649.420147
529.74066,250,649.863873
659.1852,250,674.25102
527.0661,250,679.606548
620.6648,250,690.602326
605.97797,250,693.020548
595.5386,250,694.101205
549.00397,250,695.690135
611.07947,250,699.365572
623.2556,250,699.779752
630.6654,250,700.445551
549.33246,250,700.889839
546.3205,250,702.001255
588.77155,250,704.895533
429.93857,250,705.592586
646.0355,250,706.077656
597.37946,250,706.530649
619.50183,250,706.998466
568.8965,250,732.097307
624.74695,250,736.904825
600.16693,250,748.186739
570.4812,250,750.674199
642.1483,250,751.78485
638.9297,250,753.343737
612.9959,250,756.9882
616.9618,250,757.432937
646.179,250,758.109682
603.71893,250,758.574527
611.3304,250,759.678519
594.09656,250,762.619332
639.0741,250,763.30422
615.8116,250,763.761861
630.56,250,764.222144
622.6075,250,764.632123
470.03632,250,789.321294
634.5283,250,793.820593
601.926,250,805.383395
598.31024,250,807.787171
634.159,250,808.857965
583.54486,250,810.428671
600.7472,250,814.04481
564.2671,250,814.598465
543.0562,250,815.287164
618.60114,250,815.776456
605.8805,250,816.941917
629.6683,250,819.801628
584.7741,250,820.487989
583.55597,250,820.934484
618.28345,250,821.390938
591.38513,250,821.796509
616.3806,250,846.363646
641.98285,250,850.95501
610.8658,250,862.690143
559.69226,250,865.249047
564.7592,250,866.405431
624.02997,250,867.956268
635.6415,250,871.567145
543.8584,250,871.990242
586.77155,250,872.697518
606.5451,250,873.141735
597.98505,250,874.307184
607.8376,250,877.253861
636.8036,250,877.950532
617.22394,250,878.429065
582.77576,250,878.902489
630.17413,250,879.353544
641.76624,250,903.974188
601.39746,250,908.453873
614.33636,250,920.040914
625.7594,250,922.568387
600.4399,250,923.710917
599.9854,250,925.339125
620.3703,250,928.892307
585.52496,250,929.359347
593.48773,250,930.060899
626.3233,250,930.502595
632.0495,250,931.645925
615.4116,250,934.727121
644.97534,250,935.428059
563.2696,250,935.882213
592.38684,250,936.325994
628.8128,250,936.774396
628.969,250,961.499943
616.4789,250,966.013872
612.69836,250,977.39981
606.2685,250,980.292441
586.2799,250,981.423021
622.4992,250,983.073803
613.9681,250,986.744482
639.3507,250,987.197349
605.49927,250,987.870493
633.7616,250,988.310181
641.7761,250,989.469694
635.41705,250,992.430853
647.33575,250,993.125838
628.54675,250,993.582225
617.877,250,994.01051
606.4485,250,994.486302
631.2489,250,1020.587788
605.7655,250,1025.181486
595.10175,250,1036.383941
631.811,250,1039.552218
621.38727,250,1040.765986
652.97015,250,1042.472235
633.56006,250,1046.370218
596.9085,250,1046.898278
592.62665,250,1047.729972
635.0964,250,1048.239535
620.9192,250,1049.449492
630.05524,250,1052.482219
641.94617,250,1053.209221
602.8324,250,1053.744198
608.00867,250,1054.210729
475.77786,250,1054.706567
568.0984,250,1080.909748
470.40225,250,1085.437681
637.05133,250,1096.804548
567.5368,250,1099.771744
650.81805,250,1100.965781
575.6459,250,1102.645253
649.1525,250,1106.437791
616.65106,250,1106.940865
545.0741,250,1107.647186
627.6676,250,1108.11488
620.49493,250,1109.300601
638.26953,250,1112.399022
603.21216,250,1113.095658
626.42224,250,1113.578656
631.79565,250,1114.034162
593.66016,250,1114.509926
632.1051,250,1140.167116
568.1756,250,1144.919327
647.64935,250,1156.713452
602.91125,250,1159.698321
563.7214,250,1160.886319
644.18024,250,1162.481246
632.79626,250,1166.178789
663.5697,250,1166.613439
645.2863,250,1167.291046
626.9272,250,1167.767097
608.46423,250,1168.920649
642.0169,250,1171.90184
581.415,250,1172.566732
628.2707,250,1173.015357
647.8446,250,1173.479385
653.3322,250,1173.913793
609.7408,250,1199.084083
606.03534,250,1203.649844
652.4858,250,1214.662342
628.2103,250,1217.692416
519.5014,250,1219.040909
611.68207,250,1220.647212
617.5914,250,1224.395998
602.287,250,1224.911123
642.03925,250,1225.624707
598.6223,250,1226.043672
657.9291,250,1227.236437
609.8232,250,1230.447162
608.1412,250,1231.199428
629.6833,250,1231.66473
619.49915,250,1232.169999
611.75183,250,1232.656525
615.7211,250,1257.514924
577.46313,250,1262.034023
643.3087,250,1272.931485
639.3138,250,1275.553507
606.8791,250,1276.925976
641.8146,250,1278.82236
595.5435,250,1282.595324
534.81274,250,1283.056878
652.16,250,1283.81491
585.4483,250,1284.290442
632.299,250,1285.439933
657.2311,250,1288.411893
607.13434,250,1289.120077
656.08844,250,1289.585311
645.55493,250,1290.041079
585.4701,250,1290.494346
562.69727,250,1315.529352
584.9162,250,1320.117443
639.917,250,1330.941878
644.7418,250,1333.471348
606.5828,250,1334.676701
583.63513,250,1336.65464
663.35065,250,1340.735011
618.7565,250,1341.211686
638.1208,250,1341.936069
660.05035,250,1342.373194
629.30865,250,1343.538539
562.29584,250,1346.561901
645.92004,250,1347.265567
621.4031,250,1347.734776
627.3058,250,1348.181265
603.9824,250,1348.630418
657.7596,250,1373.440999
651.8576,250,1378.109359
617.56757,250,1389.142304
654.5839,250,1391.713329
622.16235,250,1392.866587
630.91614,250,1394.48346
641.57513,250,1398.739774
660.1553,250,1399.343843
663.43097,250,1400.043637
625.8087,250,1400.506878
551.5193,250,1401.692181
655.14215,250,1404.685296
666.98627,250,1405.391556
634.6797,250,1405.834926
659.283,250,1406.29518
647.744,250,1406.756278
636.47284,250,1431.526614
647.01416,250,1436.122636
615.49054,250,1446.895027
651.2555,250,1449.387145
594.29846,250,1450.563955
579.9761,250,1452.170597
621.2741,250,1455.888521
578.38715,250,1456.463806
651.955,250,1457.281705
642.69574,250,1457.845604
621.5584,250,1459.180831
623.4341,250,1462.322462
616.565,250,1463.017669
614.4458,250,1463.505572
637.2588,250,1463.997839
654.2726,250,1464.457535
643.52466,250,1489.460511
650.5459,250,1493.900455
595.08514,250,1504.734606
602.6801,250,1507.282364
585.6072,250,1508.395867
598.30023,250,1509.934564
626.6081,250,1513.57689
616.3087,250,1514.011651
597.14,250,1514.68792
649.8597,250,1515.161934
643.82446,250,1516.558874
629.2202,250,1520.024151
652.4071,250,1520.719667
640.05536,250,1521.189636
644.89056,250,1521.652413
616.2686,250,1522.136348
632.09357,250,1547.073466
605.03357,250,1551.798007
569.8655,250,1562.663763
653.422,250,1565.171834
636.2046,250,1566.319753
642.98816,250,1568.000656
624.0565,250,1571.657322
631.74915,250,1572.088791
648.6806,250,1572.790534
631.84607,250,1573.23481
591.43567,250,1574.387583
633.0867,250,1577.905178
647.0861,250,1578.712891
625.1796,250,1579.197214
610.6783,250,1579.649315
647.5667,250,1580.113735
611.4152,250,1604.955526
560.29535,250,1609.621519
628.46387,250,1621.107436
660.00946,250,1624.178391
555.74176,250,1625.54873
628.9788,250,1627.352607
628.8529,250,1631.046405
620.8612,250,1631.561272
641.87244,250,1632.309909
610.51337,250,1632.767123
625.92456,250,1633.965951
623.303,250,1637.199081
614.6481,250,1637.976747
585.0515,250,1638.541636
629.9467,250,1639.108372
604.4065,250,1639.624829
663.04694,250,1664.602525
630.3992,250,1669.38229
602.48596,250,1680.710682
650.8545,250,1683.258868
489.42236,250,1684.449465
640.7915,250,1686.026925
616.95654,250,1689.714474
638.7556,250,1690.201173
618.04663,250,1690.927697
655.6695,250,1691.40361
638.4414,250,1692.525547
622.92017,250,1695.743265
643.65375,250,1696.614664
654.9563,250,1697.160623
660.23224,250,1697.747016
641.2895,250,1698.321835
599.04047,250,1723.529731
664.5163,250,1728.098111
624.5041,250,1739.049856
667.96497,250,1741.587777
598.79987,250,1742.725222
625.40106,250,1744.293915
601.8233,250,1747.977109
640.28534,250,1748.45667
638.8167,250,1749.101223
615.7487,250,1749.586402
603.2129,250,1750.749794
661.4294,250,1753.704504
635.39874,250,1754.462824
614.5158,250,1754.895711
675.0239,250,1755.371202
664.29224,250,1755.926133
651.6606,250,1781.738931
658.5636,250,1786.257451
618.6511,250,1797.314062
637.9555,250,1799.858041
677.4855,250,1800.98685
653.8421,250,1802.61798
610.8721,250,1806.249227
632.16754,250,1806.707484
625.5515,250,1807.373393
658.2039,250,1807.807092
646.31024,250,1808.901853
640.43524,250,1811.803264
653.4438,250,1812.499535
563.72943,250,1812.99626
659.631,250,1813.541511
654.60394,250,1814.139313
647.98474,250,1840.20561
638.90686,250,1844.831041
618.5916,250,1855.971598
651.2194,250,1858.466701
666.1406,250,1859.618502
643.55963,250,1861.259059
628.15436,250,1865.036313
590.7204,250,1865.513516
630.89197,250,1866.21219
637.9708,250,1866.666419
631.911,250,1867.850479
646.60657,250,1870.791307
584.8646,250,1871.484199
620.3042,250,1871.954243
637.5738,250,1872.449981
610.5981,250,1872.926262
642.009,250,1898.36867
663.3993,250,1902.99973
647.6374,250,1913.908589
648.02344,250,1916.4362
651.521,250,1917.579191
576.5117,250,1919.192583
657.2936,250,1922.819561
636.73926,250,1923.293215
645.18335,250,1923.94293
618.8611,250,1924.387012
663.6811,250,1925.476547
621.8073,250,1928.400702
640.1619,250,1929.094813
649.8838,250,1929.550055
637.29144,250,1929.993002
625.85516,250,1930.46839
640.6231,250,1956.414624
631.64453,250,1961.035373
644.24756,250,1972.185638
616.9204,250,1974.740308
619.5401,250,1975.890074
655.5521,250,1977.464122
629.6017,250,1981.22333
631.38654,250,1981.674522
646.7778,250,1982.394614
655.7098,250,1982.859181
625.0199,250,1983.991129
602.9354,250,1986.974038
584.15125,250,1987.647655
648.32513,250,1988.113367
645.2302,250,1988.565412
638.10754,250,1989.022621
656.93726,250,2017.2303
629.20044,250,2021.77908
639.2044,250,2032.818273
613.53326,250,2035.572156
639.6931,250,2036.753708
645.5432,250,2038.419114
650.73865,250,2041.922368
663.72217,250,2042.368634
627.5238,250,2043.083403
642.18744,250,2043.53939
647.99146,250,2044.639769
671.08325,250,2047.520471
637.71,250,2048.199773
642.6736,250,2048.664906
607.42194,250,2049.099812
637.3528,250,2049.553019
635.8636,250,2074.969536
647.2101,250,2079.486175
538.0767,250,2090.226939
646.9264,250,2092.747322
647.3281,250,2093.872329
657.0166,250,2095.487447
638.8176,250,2099.166725
643.52167,250,2099.621734
619.4668,250,2100.327505
645.9895,250,2100.790995
580.65045,250,2101.884804
669.26733,250,2104.784019
632.02484,250,2105.421081
660.244,250,2105.896976
652.74054,250,2106.341476
621.39465,250,2106.784515
645.2471,250,2132.461184
634.1723,250,2137.080726
653.9453,250,2148.166946
631.2528,250,2150.635319
617.7906,250,2151.759738
590.12897,250,2153.36966
624.55853,250,2157.057858
463.04623,250,2157.521195
619.67175,250,2158.231254
634.7936,250,2158.686837
629.34894,250,2159.81905
636.3722,250,2162.718386
633.14014,250,2163.444385
628.19464,250,2163.881089
636.37866,250,2164.335624
555.5423,250,2164.771666
594.3418,250,2192.080581
612.8526,250,2196.586407
589.87866,250,2207.24084
664.23975,250,2209.801378
669.7725,250,2210.929897
644.2285,250,2212.51419
641.63184,250,2216.062104
536.8547,250,2216.515867
655.73553,250,2217.164634
643.6687,250,2217.62111
618.5685,250,2218.812258
672.65186,250,2221.836857
641.7432,250,2222.492851
661.66833,250,2222.978307
598.8079,250,2223.405008
545.5782,250,2223.922939
662.5367,250,2251.052914
661.7846,250,2255.733164
633.6897,250,2266.467375
636.09607,250,2268.968083
665.82153,250,2270.117672
659.8613,250,2271.804564
592.3394,250,2275.40975
648.82837,250,2275.847913
614.86096,250,2276.522827
619.3645,250,2276.981498
657.6734,250,2278.113505
654.5146,250,2280.970941
652.43964,250,2281.656804
627.9792,250,2282.119006
654.6471,250,2282.576805
629.47406,250,2283.019518
617.14355,250,2308.689508
652.3083,250,2313.227426
675.09625,250,2323.918164
652.7009,250,2326.336931
579.06384,250,2327.448053
620.94086,250,2328.98416
629.23267,250,2332.516712
634.0646,250,2332.971884
607.9993,250,2333.635652
632.9881,250,2334.071858
591.80707,250,2335.203164
651.6383,250,2338.19055
579.1002,250,2338.869826
617.7914,250,2339.315379
424.26093,250,2339.746041
649.2392,250,2340.190281
643.1274,250,2365.372083
600.9889,250,2369.908745
595.9893,250,2380.872201
624.6267,250,2383.687445
611.6859,250,2384.7777
649.53406,250,2386.334407
642.1603,250,2389.878794
511.98193,250,2390.313046
646.4122,250,2390.949964
524.34454,250,2391.39478
640.46625,250,2392.515669
612.0735,250,2395.365341
658.41284,250,2396.033859
667.90936,250,2396.487316
574.0904,250,2396.952741
675.68713,250,2397.396854
636.62286,250,2422.093704
659.6995,250,2426.881568
471.34775,250,2437.628142
630.4281,250,2440.122908
517.4486,250,2441.244829
663.86633,250,2442.801895
614.93567,250,2446.402368
665.7974,250,2446.858549
647.92444,250,2447.493201
648.4905,250,2448.016223
440.2564,250,2449.177266
672.83563,250,2452.095623
649.05835,250,2452.760909
632.02576,250,2453.195516
630.97864,250,2453.640073
680.776,250,2454.096088
638.7927,250,2479.114116
594.93774,250,2483.629201
459.10025,250,2494.213493
631.99445,250,2496.572063
544.10376,250,2497.675443
634.0041,250,2499.201849
645.9425,250,2502.593867
454.13477,250,2503.000534
591.57605,250,2503.664418
651.1439,250,2504.098374
664.17993,250,2505.189987
673.48267,250,2508.180555
647.68243,250,2508.895568
631.26825,250,2509.31262
640.77026,250,2509.754545
621.9549,250,2510.203411
645.67316,250,2534.531073
630.5294,250,2539.013344
639.8758,250,2550.594749
616.58167,250,2553.05039
638.11487,250,2554.151619
623.34503,250,2555.782323
631.2252,250,2559.39136
621.2619,250,2559.835975
680.98065,250,2560.524077
663.73346,250,2560.992407
627.42175,250,2562.085088
631.49756,250,2565.001949
480.26624,250,2565.701624
652.8168,250,2566.15475
624.17914,250,2566.580867
648.9147,250,2567.025102
455.8254,250,2591.397224
663.0594,250,2595.943777
526.3207,250,2607.02045
590.00134,250,2609.556952
641.4507,250,2610.657654
669.6147,250,2612.222896
629.59174,250,2615.799589
665.071,250,2616.256023
672.9072,250,2616.944479
682.8921,250,2617.388608
632.0256,250,2618.522682
634.64325,250,2621.49397
666.25574,250,2622.201507
600.19934,250,2622.647475
657.9885,250,2623.101304
603.01276,250,2623.525265
643.5524,250,2647.764419
637.47424,250,2652.318857
635.42554,250,2663.875651
625.47516,250,2666.415183
652.8695,250,2667.575606
637.3819,250,2669.174565
596.0916,250,2672.744733
651.4046,250,2673.186858
661.22784,250,2673.826332
605.3456,250,2674.280979
657.4693,250,2675.416022
663.60236,250,2678.287869
579.10297,250,2678.955828
650.2827,250,2679.453284
620.9952,250,2679.886264
621.511,250,2680.322747
617.6272,250,2704.725334
651.6067,250,2709.208527
418.15393,250,2720.591558
538.7655,250,2723.085626
672.95575,250,2724.206842
669.5836,250,2725.75171
630.2029,250,2729.29835
624.06146,250,2729.733045
641.2312,250,2730.419208
653.98004,250,2730.844784
651.1112,250,2732.004627
671.23474,250,2734.883654
632.9037,250,2735.596711
663.3305,250,2736.031863
612.8983,250,2736.454796
644.51715,250,2736.907369
604.59717,250,2761.372011
622.6325,250,2765.870083
659.69763,250,2776.353309
654.4531,250,2778.789443
521.8705,250,2780.024064
646.7479,250,2781.906286
652.8944,250,2785.848299
630.9554,250,2786.282261
656.50653,250,2786.961003
670.2928,250,2787.446247
657.859,250,2788.537042
638.7184,250,2791.397214
637.2303,250,2792.003915
641.8687,250,2792.451091
567.7307,250,2792.886422
646.99585,250,2793.321484
635.33636,250,2817.557598
620.5266,250,2822.068437
633.586,250,2832.747976
636.50244,250,2835.262959
647.20056,250,2836.7555
608.6577,250,2838.903641
671.71094,250,2843.429958
629.6817,250,2843.928842
667.3254,250,2844.753727
629.7551,250,2845.275499
625.02185,250,2846.550166
615.571,250,2849.499984
644.0326,250,2850.217034
661.61206,250,2850.66518
675.1857,250,2851.115988
528.9544,250,2851.592153
646.9664,250,2876.653382
649.9542,250,2881.259816
668.7443,250,2892.220389
606.4985,250,2894.73994
572.8802,250,2895.881368
622.3583,250,2897.478329
682.66534,250,2901.499501
678.1247,250,2902.076467
680.335,250,2902.874434
624.81177,250,2903.390692
630.66473,250,2904.62409
658.45746,250,2907.652378
673.9381,250,2908.361423
618.63934,250,2908.795252
594.17944,250,2909.278896
675.4473,250,2909.706769
642.8942,250,2934.396133
615.5567,250,2938.856038
582.23834,250,2949.627938
659.2518,250,2952.159645
633.6054,250,2953.300725
674.16364,250,2954.845263
666.7709,250,2959.18226
556.1704,250,2959.668459
631.82513,250,2960.322318
542.9693,250,2960.777141
631.14984,250,2961.92911
614.13116,250,2964.859191
628.1911,250,2965.51263
645.4727,250,2965.949287
649.83795,250,2966.380605
583.41315,250,2966.861151
632.7784,250,2991.177637
661.44,250,2995.59887
660.6881,250,3006.258748
593.6965,250,3008.622468
637.7767,250,3009.728273
650.7289,250,3011.224055
601.1878,250,3014.733242
672.5752,250,3015.167174
667.25946,250,3015.82496
639.0431,250,3016.25718
633.0013,250,3017.385451
651.8588,250,3020.489158
628.10925,250,3021.276695
644.306,250,3021.790638
577.52875,250,3022.325293
641.4514,250,3022.817233
663.1928,250,3047.055747
678.48236,250,3051.534801
631.5772,250,3062.258218
655.62933,250,3064.745276
647.3234,250,3065.848599
633.72424,250,3067.465574
633.8298,250,3071.081644
605.9074,250,3071.553868
655.97,250,3072.222213
654.4629,250,3072.677073
639.3287,250,3073.789464
611.24963,250,3077.033287
663.9746,250,3077.878647
646.4293,250,3078.434583
649.3864,250,3078.981384
639.3711,250,3079.465988
589.79395,250,3103.760684
643.6414,250,3108.30554
483.85214,250,3119.052053
603.32635,250,3121.54747
647.7241,250,3122.669425
638.4075,250,3124.279332
657.04004,250,3127.886483
650.29407,250,3128.371356
621.40826,250,3129.069927
639.68933,250,3129.504662
628.51794,250,3130.607572
572.4729,250,3133.496437
654.0067,250,3134.183106
627.9087,250,3134.680134
610.9719,250,3135.144562
642.6768,250,3135.606946
673.4058,250,3160.474293
621.3898,250,3164.853845
668.3826,250,3175.844831
622.14386,250,3178.245153
672.84674,250,3179.378266
659.4582,250,3180.922592
686.3581,250,3184.537242
638.2148,250,3185.000431
643.5887,250,3185.717484
634.57056,250,3186.182854
657.19147,250,3187.273437
639.1451,250,3190.235609
573.0911,250,3190.895077
609.89435,250,3191.329998
655.70184,250,3191.762988
659.24066,250,3192.2184
648.9346,250,3217.402195
595.7921,250,3221.857252
656.57245,250,3232.517941
675.86884,250,3234.93469
644.4078,250,3236.068442
549.8789,250,3237.63533
627.13666,250,3241.178734
653.5556,250,3241.605083
677.41125,250,3242.262869
673.9168,250,3242.707471
637.339,250,3243.796451
660.49744,250,3246.604891
459.80154,250,3247.303866
646.1484,250,3247.721076
640.1696,250,3248.166493
655.3159,250,3248.609535
640.9837,250,3273.553961
473.05722,250,3278.023808
623.75464,250,3288.746255
647.55975,250,3291.266383
662.5914,250,3292.422608
655.12256,250,3294.049918
661.46533,250,3297.647734
617.4732,250,3298.099468
658.6023,250,3298.811968
648.7132,250,3299.277303
652.7244,250,3300.450189
640.09515,250,3303.370288
481.0671,250,3304.044753
674.23425,250,3304.513575
660.97003,250,3304.968232
676.6563,250,3305.392587
483.1421,250,3330.251622
625.3957,250,3334.717554
488.335,250,3345.503379
648.1063,250,3348.150906
649.8493,250,3349.3282
642.26514,250,3350.936633
628.7124,250,3354.531084
611.8345,250,3354.978302
646.4,250,3355.663016
602.5475,250,3356.094709
646.34424,250,3357.1795
524.17944,250,3360.058881
580.7583,250,3360.695097
653.81696,250,3361.140593
641.44214,250,3361.586602
628.85455,250,3362.040524
599.81146,250,3387.01451
665.48016,250,3391.573368
670.65283,250,3402.299139
643.8823,250,3404.714503
638.32465,250,3405.807337
616.91644,250,3407.345268
642.0147,250,3410.97197
651.4815,250,3411.426602
591.475,250,3412.082123
633.5827,250,3412.525352
620.0062,250,3413.628219
620.6371,250,3416.457187
655.5277,250,3417.126031
628.2716,250,3417.570127
645.29425,250,3418.035192
686.16504,250,3418.487741
619.6948,250,3443.45256
610.48,250,3448.953145
624.3797,250,3460.571278
680.18524,250,3463.023567
644.70764,250,3464.169044
663.48816,250,3465.731602
664.5846,250,3469.35978
659.10535,250,3469.875671
662.44946,250,3470.602178
632.36584,250,3471.097453
617.2299,250,3472.319014
663.0124,250,3475.250683
638.2898,250,3475.937383
657.29504,250,3476.381189
656.3335,250,3476.849503
668.04535,250,3477.266896
630.39355,250,3502.090117
652.9186,250,3506.874991
563.5364,250,3517.395712
553.25586,250,3519.903576
662.5149,250,3521.012247
634.8712,250,3522.55823
677.3365,250,3526.096734
694.4896,250,3526.540566
625.4344,250,3527.217938
637.37933,250,3527.697828
645.3838,250,3528.865481
671.3346,250,3531.874641
670.9635,250,3532.531337
633.1806,250,3532.996727
632.2363,250,3533.410233
645.757,250,3533.824438
636.7704,250,3559.419754
651.3311,250,3564.082411
613.3081,250,3574.727795
514.85455,250,3577.147041
649.2648,250,3578.258247
621.1439,250,3579.835088
611.99097,250,3583.386484
629.81824,250,3583.842555
670.96155,250,3584.488853
653.9502,250,3584.961333
638.8381,250,3586.097564
642.2425,250,3589.017908
609.71906,250,3589.673337
640.1448,250,3590.096358
647.39215,250,3590.564215
679.2967,250,3590.997868
564.9934,250,3615.027728
655.9202,250,3619.509083
669.32434,250,3631.09739
682.4769,250,3633.605795
649.1696,250,3634.686071
652.22766,250,3636.232623
566.42596,250,3639.790303
670.77655,250,3640.277299
651.0148,250,3640.934296
630.6095,250,3641.378197
667.73065,250,3642.481686
649.0835,250,3645.344936
666.89923,250,3645.991189
640.86304,250,3646.436016
591.8021,250,3646.870975
632.0904,250,3647.327113
638.54236,250,3671.585163
633.0639,250,3676.210351
651.1017,250,3687.61404
640.36505,250,3690.071331
627.29114,250,3691.263067
632.27466,250,3692.841763
671.58704,250,3696.347148
648.89386,250,3696.831284
623.1361,250,3697.498559
665.9897,250,3697.933405
662.52057,250,3699.053847
592.3542,250,3701.953061
555.68256,250,3702.640345
539.1518,250,3703.072467
635.9815,250,3703.552513
660.52496,250,3704.02535
679.9349,250,3728.429376
667.696,250,3733.02261
662.9562,250,3744.673978
607.5361,250,3747.260153
654.2227,250,3748.393839
652.10443,250,3749.937108
543.00366,250,3753.610726
640.34143,250,3754.054344
648.07794,250,3754.703066
616.3087,250,3755.137636
649.72534,250,3756.241628
629.4883,250,3759.058178
665.443,250,3759.7149
672.9794,250,3760.177829
653.6823,250,3760.614869
652.6624,250,3761.080113
672.13446,250,3785.070184
593.47614,250,3789.474409
622.94366,250,3800.903683
678.7455,250,3803.392058
659.75214,250,3804.455462
642.21735,250,3806.019548
625.9977,250,3809.616978
657.12585,250,3810.061595
651.5744,250,3810.767379
623.5505,250,3811.224676
659.7284,250,3812.33663
646.2705,250,3815.206068
685.45013,250,3815.863529
634.7074,250,3816.319134
632.7706,250,3816.731955
584.22687,250,3817.185953
639.605,250,3841.788322
622.7013,250,3846.303366
661.048,250,3857.262698
638.7335,250,3859.73028
650.8283,250,3861.053683
605.15686,250,3862.849069
594.5874,250,3866.565871
638.9021,250,3867.010397
651.34906,250,3867.657181
608.33044,250,3868.124932
630.2162,250,3869.232499
578.5707,250,3872.020693
642.0184,250,3872.706994
678.8164,250,3873.152482
520.01843,250,3873.58764
675.0389,250,3874.012506
632.2059,250,3898.261638
600.22296,250,3902.727989
600.1241,250,3913.445268
666.4586,250,3916.077507
595.8063,250,3917.375012
481.49338,250,3919.269705
681.1017,250,3923.0478
646.9134,250,3923.515674
638.89435,250,3924.20415
673.5901,250,3924.648514
668.81067,250,3925.739893
636.7652,250,3928.655221
593.6378,250,3929.343394
631.0035,250,3929.807809
659.24396,250,3930.251352
548.151,250,3930.726862
617.4195,250,3955.407764
622.97906,250,3959.814032
404.61102,250,3970.474233
628.4803,250,3972.838149
651.2192,250,3973.936277
617.90295,250,3975.565544
626.4395,250,3979.171215
668.08795,250,3979.608839
661.403,250,3980.394732
661.0225,250,3980.959891
597.844,250,3982.333381
667.81244,250,3985.495945
637.64185,250,3986.214707
602.09155,250,3986.688793
640.5273,250,3987.165391
639.062,250,3987.599333
614.13916,250,4011.570633
453.33023,250,4015.908416
545.2024,250,4026.575739
631.84235,250,4028.960972
591.50275,250,4030.062007
663.59735,250,4031.547709
638.53894,250,4035.084666
630.1802,250,4035.590869
616.8052,250,4036.397259
652.94147,250,4036.931599
670.49536,250,4038.336289
635.8653,250,4041.431081
670.06683,250,4042.138051
684.3793,250,4042.592659
676.1323,250,4043.026031
622.6379,250,4043.483337
641.0412,250,4069.926639
644.39624,250,4074.740985
482.75818,250,4086.498945
656.3901,250,4089.048979
635.3553,250,4090.210566
647.1934,250,4091.848503
426.51562,250,4095.513145
667.5616,250,4095.950248
652.5577,250,4096.604968
516.453,250,4097.072371
609.27045,250,4098.285328
577.1114,250,4101.641755
656.4598,250,4102.509339
644.2712,250,4103.082551
631.70654,250,4103.569327
624.63074,250,4104.06358
564.70135,250,4128.681614
662.199,250,4133.176042
627.8086,250,4143.632569
646.31665,250,4146.092268
671.20215,250,4147.230424
632.81775,250,4148.797743
664.03485,250,4152.323103
644.2863,250,4152.724598
581.8404,250,4153.362697
571.03235,250,4153.78913
659.3146,250,4154.932436
631.82025,250,4158.483968
670.34503,250,4159.240339
641.1638,250,4159.725627
643.24347,250,4160.201601
619.1574,250,4160.647529
624.80115,250,4185.553062
641.1045,250,4190.137305
633.2741,250,4200.836698
648.0605,250,4203.343425
621.1601,250,4204.500274
622.6649,250,4206.118294
657.22943,250,4209.666912
598.65173,250,4210.081888
642.064,250,4210.728204
585.4291,250,4211.165715
674.6845,250,4212.296745
631.37976,250,4215.216981
662.4124,250,4215.893245
633.1646,250,4216.307322
610.72015,250,4216.79183
636.6232,250,4217.247775
609.0657,250,4242.303599
628.592,250,4246.829396
590.6955,250,4257.501881
630.29224,250,4259.902685
631.228,250,4261.013937
636.28973,250,4262.521006
639.1294,250,4266.019356
635.75574,250,4266.483914
607.5523,250,4267.119433
654.1134,250,4267.591905
627.9624,250,4268.666729
648.7046,250,4271.598703
646.38184,250,4272.25851
643.45123,250,4272.742394
674.8535,250,4273.157974
557.7759,250,4273.582056
635.2311,250,4298.365942
617.64526,250,4302.703864
648.0061,250,4313.487768
628.81195,250,4315.926575
658.259,250,4317.111284
662.6602,250,4318.625064
633.11456,250,4322.173083
637.1043,250,4322.629488
617.1203,250,4323.325476
606.8537,250,4323.760113
670.81305,250,4324.861116
625.39954,250,4327.810111
597.07654,250,4328.485755
657.70264,250,4328.938389
676.40894,250,4329.385792
638.7302,250,4329.822442
640.8536,250,4354.840954
585.6968,250,4359.299007
648.3178,250,4370.099186
575.1697,250,4372.486603
664.6463,250,4373.575398
615.3377,250,4375.135675
642.1094,250,4378.672607
647.244,250,4379.158811
611.89685,250,4379.857063
624.962,250,4380.293682
606.71045,250,4381.412861
664.53705,250,4384.323629
606.206,250,4384.99949
668.206,250,4385.45493
601.7474,250,4385.920196
573.52765,250,4386.354568
668.43195,250,4411.485377
655.58215,250,4416.020413
674.12775,250,4426.570351
671.5464,250,4429.015641
595.3152,250,4430.137744
645.1019,250,4431.66516
671.30585,250,4435.201233
609.2182,250,4435.586719
672.4104,250,4436.253478
629.21857,250,4436.699018
648.68634,250,4437.812097
634.3954,250,4440.591002
679.88605,250,4441.278168
567.319,250,4441.73262
645.9419,250,4442.19785
617.08075,250,4442.643156
612.37213,250,4467.335092
647.70184,250,4471.741971
588.1411,250,4482.225637
657.93494,250,4484.738724
637.0628,250,4485.841072
545.6918,250,4487.397724
649.54974,250,4491.185802
638.8938,250,4491.669391
648.2854,250,4492.391183
658.8131,250,4492.805615
635.4412,250,4493.924958
617.7294,250,4496.815065
645.3953,250,4497.464204
600.2214,250,4497.895865
667.7842,250,4498.33304
631.1597,250,4498.794945
658.8479,250,4523.946921
622.40686,250,4528.358209
637.74945,250,4539.259156
646.1844,250,4541.71312
668.6859,250,4542.922892
639.83264,250,4544.594158
623.395,250,4548.234667
640.4916,250,4548.727181
621.0184,250,4549.491716
629.2644,250,4549.982547
671.9932,250,4551.093454
628.1534,250,4554.045064
478.69138,250,4554.752508
666.9886,250,4555.178406
647.54596,250,4555.59465
592.33905,250,4556.058722
626.3148,250,4580.687502
651.06433,250,4585.839769
674.93024,250,4596.646387
664.47046,250,4599.083724
632.8329,250,4600.215587
679.1988,250,4601.784139
629.9383,250,4605.390681
630.27625,250,4605.834792
653.4733,250,4606.524764
639.3754,250,4606.999968
649.0024,250,4608.16055
631.01495,250,4611.032975
655.10443,250,4611.692356
614.9082,250,4612.146785
622.06506,250,4612.615113
644.1971,250,4613.057738
613.4053,250,4637.693418
635.8823,250,4642.890392
649.5165,250,4653.849971
681.5908,250,4656.363732
684.58563,250,4657.537117
633.3265,250,4659.050948
639.34265,250,4663.321238
647.54895,250,4663.883384
622.795,250,4664.650954
676.687,250,4665.146077
653.277,250,4666.526257
671.36865,250,4669.684176
683.16345,250,4670.390313
666.2202,250,4670.834919
649.24506,250,4671.388887
638.26154,250,4671.842764
641.1282,250,4696.40718
607.57416,250,4701.296563
639.02783,250,4712.64501
623.0342,250,4715.132127
648.5527,250,4716.265272
645.01404,250,4717.811446
659.91095,250,4721.448674
648.0834,250,4721.883533
641.7053,250,4722.589725
625.0347,250,4723.055497
618.5095,250,4724.187069
654.3448,250,4727.09869
661.115,250,4727.875096
651.90533,250,4728.35641
638.38556,250,4728.821198
647.146,250,4729.257087
632.2917,250,4753.989696
567.9854,250,4759.258159
649.29486,250,4770.245808
673.5264,250,4772.704263
671.0184,250,4773.81673
590.70636,250,4775.434927
667.1354,250,4779.069479
677.4972,250,4779.521969
661.6643,250,4780.250476
654.17053,250,4780.693378
680.567,250,4781.828622
618.40125,250,4784.786515
640.75256,250,4785.454218
642.6595,250,4785.918618
614.753,250,4786.365785
641.52106,250,4786.821891
665.60254,250,4811.069347
513.2188,250,4815.499984
554.5018,250,4827.182962
629.798,250,4829.772473
621.231,250,4830.884334
664.0448,250,4832.629124
643.38007,250,4836.269534
643.3374,250,4836.738644
648.6692,250,4837.411189
582.1415,250,4837.836005
648.54956,250,4838.927897
682.3242,250,4841.867606
646.40594,250,4842.545047
655.63336,250,4842.981941
584.2689,250,4843.424524
636.269,250,4843.878726
655.6058,250,4868.376141
606.131,250,4872.873068
677.75415,250,4884.313684
664.38275,250,4886.752891
666.81067,250,4887.895715
663.1565,250,4889.443595
668.8682,250,4892.929242
624.5849,250,4893.378008
650.7512,250,4894.055486
654.7536,250,4894.509782
580.1317,250,4895.610904
612.2163,250,4898.471669
650.2535,250,4899.147177
658.2743,250,4899.562185
657.76514,250,4900.006873
545.9476,250,4900.451959
653.6751,250,4924.42346
610.0821,250,4928.825282
545.9667,250,4939.505941
592.7269,250,4942.465792
634.1268,250,4943.717196
683.21515,250,4945.386623
645.6352,250,4948.913722
583.18677,250,4949.359748
590.9639,250,4949.999339
629.8763,250,4950.404002
666.033,250,4951.533845
629.0651,250,4954.427665
593.0575,250,4955.086261
676.09094,250,4955.55017
666.71906,250,4955.985114
596.1075,250,4956.429336
629.91656,250,4980.278976
569.7717,250,4984.710984
676.969,250,4995.307732
650.5822,250,4998.325414
550.27026,250,4999.591392
622.48486,250,5001.230154
649.53973,250,5004.768756
669.3975,250,5005.212764
666.18536,250,5005.901773
637.11176,250,5006.366713
670.65076,250,5007.457922
669.43866,250,5010.326993
636.79004,250,5011.02516
623.2525,250,5011.509336
627.11206,250,5011.974373
596.9291,250,5012.411161
660.508,250,5036.35761
689.45966,250,5040.838618
631.5101,250,5051.308677
660.6394,250,5053.755341
646.6835,250,5054.880003
672.21735,250,5056.454593
658.9279,250,5060.152338
645.711,250,5060.70852
664.52606,250,5061.50512
660.1537,250,5062.059151
677.43634,250,5063.371706
645.7193,250,5066.34329
677.6872,250,5067.020802
535.7876,250,5067.474231
640.96277,250,5067.909309
657.44574,250,5068.354041
616.5244,250,5092.109617
638.6026,250,5096.58277
650.24335,250,5107.008827
660.6972,250,5109.446526
621.44507,250,5110.598097
660.4134,250,5112.185495
617.23895,250,5115.83426
631.22437,250,5116.380996
564.8114,250,5117.215927
530.9295,250,5117.790476
447.99484,250,5119.155098
658.1925,250,5122.104477
671.093,250,5122.853361
632.82947,250,5123.318447
542.35706,250,5123.772216
650.4644,250,5124.236606
680.02875,250,5148.744646
657.9458,250,5153.256834
642.4101,250,5164.070823
642.895,250,5166.700687
651.9698,250,5167.836402
493.27512,250,5169.372799
623.41754,250,5172.971464
650.8273,250,5173.432709
675.12305,250,5174.109102
665.5635,250,5174.584917
652.9548,250,5175.741673
663.59406,250,5178.65993
605.47504,250,5179.326186
616.9932,250,5179.783134
670.2972,250,5180.354633
651.8746,250,5180.893888
639.16254,250,5205.55403
632.2481,250,5210.091217
652.96265,250,5220.784687
632.7768,250,5223.28371
607.4153,250,5224.405585
642.0012,250,5225.992208
632.29,250,5229.557225
620.3236,250,5230.013962
639.2075,250,5230.676966
655.4387,250,5231.12335
676.72,250,5232.282073
602.9816,250,5235.285333
673.93945,250,5236.121809
659.41986,250,5236.6566
679.5489,250,5237.211584
635.30347,250,5237.7847
634.6597,250,5262.754462
654.81915,250,5267.200471
592.9726,250,5279.879481
669.50867,250,5282.293573
617.8093,250,5283.386
672.923,250,5284.948712
657.2244,250,5288.515632
648.78094,250,5289.009374
633.29736,250,5289.669998
639.6174,250,5290.11615
661.39746,250,5291.236335
631.32465,250,5294.184495
641.42285,250,5294.861326
635.08215,250,5295.306414
621.37225,250,5295.752144
592.3955,250,5296.235544
651.8367,250,5321.623278
647.965,250,5326.218241
675.82733,250,5337.096769
648.26483,250,5339.533046
621.3226,250,5340.613519
620.6409,250,5342.131236
666.2926,250,5345.73801
605.762,250,5346.216193
651.6738,250,5346.929754
656.35065,250,5347.36406
622.60803,250,5348.497122
655.7818,250,5351.452184
634.9475,250,5352.139602
613.05646,250,5352.576013
636.57806,250,5353.05946
624.2733,250,5353.541749
670.9192,250,5379.07261
578.53937,250,5383.561124
625.3249,250,5394.472384
661.8622,250,5396.935598
643.67926,250,5398.069764
512.30566,250,5399.657312
654.52844,250,5403.214865
625.8754,250,5403.63139
681.82996,250,5404.317281
463.52893,250,5404.733033
660.9007,250,5405.844845
601.316,250,5408.866138
610.6213,250,5409.55128
673.30225,250,5410.006013
678.32227,250,5410.470268
658.9618,250,5410.905931
628.11066,250,5436.813546
607.9802,250,5441.247387
652.3667,250,5452.065213
629.1814,250,5454.483664
673.9468,250,5455.643956
665.8586,250,5457.199105
658.7728,250,5460.795181
629.87933,250,5461.240733
673.4384,250,5461.907316
613.51166,250,5462.364115
670.8602,250,5463.473684
665.02203,250,5466.432917
598.78546,250,5467.071888
672.0426,250,5467.487252
642.1302,250,5467.952023
675.64343,250,5468.378349
633.48004,250,5493.804245
583.78876,250,5498.492982
642.33374,250,5509.29684
659.2247,250,5511.811707
657.3214,250,5512.918841
661.36194,250,5514.475364
642.7655,250,5518.042041
665.97095,250,5518.479532
637.776,250,5519.176263
570.14813,250,5519.650843
655.8918,250,5520.760912
640.2295,250,5523.729797
652.249,250,5524.397301
590.98413,250,5524.844713
655.67505,250,5525.288159
677.2001,250,5525.734064
656.9326,250,5550.87302
660.2733,250,5555.32698
665.87537,250,5566.035986
659.57275,250,5568.502874
458.2092,250,5569.621275
644.78796,250,5571.19269
669.99133,250,5574.671734
684.46027,250,5575.116731
686.1639,250,5575.783206
631.5161,250,5576.20813
673.7963,250,5577.340464
625.33405,250,5580.246111
625.3867,250,5580.913972
479.38223,250,5581.37882
485.26102,250,5581.813532
686.4432,250,5582.238256
582.9976,250,5606.631728
649.8632,250,5611.156483
631.60126,250,5622.080962
633.7141,250,5624.575539
598.3055,250,5625.672277
638.63513,250,5627.217747
579.84546,250,5630.825558
688.52875,250,5631.264529
666.1504,250,5631.968184
664.6498,250,5632.401614
666.98206,250,5633.535685
642.5312,250,5636.479495
647.4354,250,5637.146902
650.3896,250,5637.561223
642.7547,250,5637.984985
669.12714,250,5638.459355
649.88684,250,5663.54895
471.36398,250,5668.323612
672.2422,250,5679.052516
630.9739,250,5681.55131
667.5659,250,5682.721419
632.3387,250,5684.278497
673.3642,250,5687.805387
589.77484,250,5688.250561
628.81354,250,5688.918989
620.57996,250,5689.381109
651.14,250,5690.516583
534.91986,250,5693.436469
652.9912,250,5694.09123
659.4525,250,5694.536843
674.45746,250,5694.963546
639.1622,250,5695.414877
670.7641,250,5720.491877
638.8793,250,5725.109511
660.9911,250,5735.849408
670.14825,250,5738.28442
653.27344,250,5739.428113
590.4743,250,5740.973305
672.0574,250,5744.544727
648.5025,250,5744.975671
617.70013,250,5745.616085
636.0559,250,5746.088531
663.04333,250,5747.219871
681.7832,250,5750.162989
661.4495,250,5750.83891
665.9326,250,5751.263997
649.25037,250,5751.730692
665.58435,250,5752.174009
-80.040115,35,5755.046929
679.8825,250,5776.856458
653.083,250,5781.356634
668.8366,250,5792.554107
673.19586,250,5795.012553
665.9126,250,5796.200926
459.11676,250,5797.760257
677.5358,250,5801.352566
543.24445,250,5801.796022
660.4395,250,5802.486022
647.81696,250,5802.920062
657.93195,250,5807.1059
633.7638,250,5807.841874
653.3218,250,5808.295662
459.6306,250,5808.771822
641.4875,250,5809.278191
621.6138,250,5812.220013
540.6055,250,5836.736581
640.61035,250,5841.966543
640.61053,250,5853.629011
642.7231,250,5856.129405
666.107,250,5857.290027
671.80725,250,5858.846344
548.74915,250,5862.444402
637.2185,250,5862.887656
660.3217,250,5863.547435
668.8747,250,5864.022581
650.2784,250,5868.15799
495.31326,250,5868.843819
685.82477,250,5869.298459
619.0138,250,5869.751822
612.9956,250,5870.195837
615.6002,250,5873.358758
630.294,250,5896.610373
651.4401,250,5901.625129
659.2005,250,5912.693402
683.32794,250,5915.128376
627.3034,250,5916.281905
651.77423,250,5917.890589
651.467,250,5921.469164
588.94836,250,5921.93507
623.37714,250,5922.610087
661.15576,250,5923.088157
626.3468,250,5927.104547
656.62616,250,5927.790962
685.0384,250,5928.278024
637.89105,250,5928.701837
645.55505,250,5929.160479
677.8298,250,5932.220469
642.8772,250,5954.579402
659.7009,250,5959.69086
671.45013,250,5970.771653
660.37866,250,5973.252637
651.8529,250,5974.365736
644.13544,250,5976.152776
650.347,250,5980.469439
683.5389,250,5980.91482
667.26385,250,5981.60215
656.56696,250,5982.07627
644.77563,250,5986.161005
668.09534,250,5986.83682
641.72095,250,5987.310993
671.6,250,5987.806019
658.39,250,5988.287401
626.6048,250,5991.240069
657.85583,250,6012.863657
674.74615,250,6017.781237
622.6804,250,6028.940476
633.82574,250,6031.375531
667.77106,250,6032.529109
638.0064,250,6034.127544
553.873,250,6037.711103
641.9682,250,6038.153597
596.9199,250,6038.83332
630.75476,250,6039.298326
662.9895,250,6043.371152
519.8061,250,6044.023335
591.5027,250,6044.459475
677.7092,250,6044.914125
573.3144,250,6045.399253
651.2751,250,6048.399159
664.7059,250,6070.166702
668.4286,250,6074.771781
672.7527,250,6086.387303
619.44104,250,6088.846488
624.3531,250,6089.937785
682.47485,250,6091.525103
627.4949,250,6095.085017
660.9613,250,6095.538279
622.886,250,6096.23472
668.18445,250,6096.69124
605.1113,250,6100.71191
652.72644,250,6101.38284
660.8607,250,6101.847172
625.8689,250,6102.291532
658.51715,250,6102.726945
594.0854,250,6105.720345
572.3342,250,6127.271688
697.6211,250,6131.780593
633.6471,250,6143.090779
656.7647,250,6145.571885
649.7991,250,6146.747195
678.7291,250,6148.354852
604.649,250,6151.849551
680.19806,250,6152.273926
647.4036,250,6152.921816
665.6203,250,6153.383995
672.3208,250,6157.426998
684.2966,250,6158.124194
649.55927,250,6158.580446
636.80096,250,6159.034622
640.8207,250,6159.479207
667.07935,250,6162.401043
620.4405,250,6183.799277
670.56665,250,6188.156703
605.31366,250,6199.373521
686.90216,250,6201.859372
473.38712,250,6202.993593
655.00085,250,6204.50731
635.90656,250,6208.025432
659.30096,250,6208.48947
667.8878,250,6209.146973
603.3716,250,6209.592594
646.67676,250,6213.591519
651.60547,250,6214.269001
667.2438,250,6214.713341
645.0348,250,6215.189579
519.6302,250,6215.642203
678.10736,250,6218.509514
625.4375,250,6240.053544
665.6988,250,6244.508348
657.6342,250,6255.360391
650.84625,250,6258.314675
609.2002,250,6259.616664
654.13983,250,6261.190229
513.28754,250,6264.916321
575.6602,250,6265.350123
650.1344,250,6266.015671
679.7321,250,6266.429836
630.2795,250,6270.418234
664.5258,250,6271.067985
640.1569,250,6271.512473
679.2084,250,6271.946901
669.1275,250,6272.436566
640.05927,250,6275.385181
498.51895,250,6296.703085
637.1781,250,6301.061431
650.4481,250,6311.788463
642.5996,250,6314.33156
660.3557,250,6315.509672
652.0286,250,6317.42792
652.7726,250,6321.302708
660.4042,250,6321.777399
642.99286,250,6322.502461
648.2868,250,6322.957583
630.1625,250,6326.917423
654.2154,250,6327.58326
658.8935,250,6328.049047
671.73773,250,6328.492971
682.2847,250,6328.92675
623.53485,250,6331.881225
652.1217,250,6353.478028
642.9904,250,6357.937606
685.95935,250,6368.737322
611.75446,250,6371.222656
608.0192,250,6372.351111
653.9037,250,6373.868868
614.9553,250,6378.120265
687.5537,250,6378.705396
637.5951,250,6379.510919
676.4637,250,6380.044895
685.6896,250,6384.808898
667.5998,250,6385.571052
647.5954,250,6386.08664
630.5345,250,6386.61049
649.5932,250,6387.133976
650.06696,250,6389.991844
680.2254,250,6410.304789
682.02026,250,6414.471943
636.3113,250,6424.692182
686.68225,250,6427.318762
663.83966,250,6428.525163
646.9794,250,6429.971905
637.8226,250,6433.34049
653.55963,250,6433.815147
575.804,250,6434.469996
650.2231,250,6434.867428
618.23914,250,6439.511569
660.0249,250,6440.177467
648.4567,250,6440.632884
598.8168,250,6441.056554
462.838,250,6441.491561
447.318,250,6444.391653
633.355,250,6464.832862
680.19135,250,6469.130167
666.8063,250,6479.669391
623.2266,250,6482.053855
638.21246,250,6483.157745
668.47784,250,6484.643181
678.7996,250,6488.819815
648.0586,250,6489.31499
644.4024,250,6490.042998
651.76587,250,6490.55636
656.28815,250,6494.829632
570.113,250,6495.587156
636.5246,250,6496.112545
674.8856,250,6496.647398
652.8964,250,6497.21314
626.83795,250,6500.454043
601.9662,250,6521.073281
613.2323,250,6525.24065
638.2194,250,6535.450836
634.35345,250,6537.791886
611.4346,250,6538.84338
513.6607,250,6540.318695
633.42,250,6543.753928
566.0999,250,6544.16825
625.6219,250,6544.814755
677.45264,250,6545.243824
562.017,250,6549.102512
645.4765,250,6549.77915
655.5172,250,6550.203141
636.1173,250,6550.676174
652.3803,250,6551.103819
613.3302,250,6553.884366
623.81647,250,6575.177486
646.94025,250,6579.44367
653.0748,250,6589.50044
674.5265,250,6591.793535
630.1341,250,6592.846295
666.891,250,6594.259957
657.0094,250,6597.622398
523.90216,250,6598.019674
664.2316,250,6598.65498
592.5008,250,6599.068091
646.506,250,6602.696316
671.4112,250,6603.336316
600.9192,250,6603.770618
690.06934,250,6604.1948
669.55475,250,6604.60977
666.85626,250,6607.32641
643.2215,250,6628.223118
671.1313,250,6632.376073
639.30396,250,6642.284242
665.17706,250,6644.560967
633.19226,250,6645.602702
654.89044,250,6647.048078
647.2063,250,6650.534612
670.9778,250,6650.940601
620.63464,250,6651.564752
675.41156,250,6651.961158
614.9736,250,6655.655811
553.07263,250,6656.278915
654.75635,250,6656.703021
666.46545,250,6657.119664
673.96954,250,6657.533271
649.942,250,6660.242953
670.7796,250,6680.693983
648.65497,250,6684.921247
605.6683,250,6694.849851
615.0859,250,6697.061708
663.9868,250,6698.064227
637.9634,250,6699.513191
442.1526,250,6702.748458
646.96155,250,6703.171369
661.17737,250,6703.756578
674.7543,250,6704.172992
455.49207,250,6707.957432
613.01306,250,6708.671182
680.961,250,6709.117717
607.1427,250,6709.56335
654.95764,250,6710.016067
662.9845,250,6712.82868
632.4292,250,6733.076426
664.123,250,6737.911908
678.26935,250,6748.352462
612.25287,250,6750.640356
586.6972,250,6751.699899
609.10187,250,6753.179444
655.91187,250,6756.48379
667.83575,250,6756.887813
674.57245,250,6757.563657
571.0279,250,6757.997203
628.1948,250,6761.779677
652.9219,250,6762.398557
681.6509,250,6762.824134
637.8835,250,6763.236649
665.95935,250,6763.681681
623.8562,250,6766.391814
656.0707,250,6786.458115
661.8564,250,6790.534721
663.42615,250,6801.340596
677.36566,250,6803.645401
652.538,250,6804.736995
661.38367,250,6806.154374
663.88,250,6809.496488
623.2845,250,6809.900805
600.7998,250,6810.536369
665.97174,250,6810.971378
672.9298,250,6814.660297
671.75653,250,6815.269361
655.0788,250,6815.713141
664.28595,250,6816.117156
648.379,250,6816.54072
592.8312,250,6819.208833
667.6274,250,6839.521135
655.54407,250,6843.602748
645.92426,250,6853.606198
657.42523,250,6856.100106
652.405,250,6857.461299
662.50275,250,6859.22049
675.7645,250,6862.65781
540.49225,250,6863.093338
636.2863,250,6863.719184
611.1694,250,6864.153845
606.2621,250,6867.885646
661.49567,250,6868.492427
635.8449,250,6868.897441
648.5704,250,6869.322194
672.7287,250,6869.727374
660.1247,250,6872.418406
672.0658,250,6892.285418
657.8555,250,6896.408327
629.5988,250,6906.366573
646.1689,250,6908.648229
646.7232,250,6909.740605
568.07385,250,6911.202639
659.6957,250,6914.601667
655.7767,250,6915.045692
636.92676,250,6915.765103
592.2683,250,6916.269561
576.6178,250,6920.694172
662.4119,250,6921.35005
626.17896,250,6921.773992
646.077,250,6922.206927
648.47644,250,6922.642966
648.7511,250,6925.448244
623.77124,250,6945.586681
672.5781,250,6949.946026
678.8162,250,6959.958074
655.0091,250,6962.23321
650.9855,250,6963.285903
650.7735,250,6964.738437
660.2997,250,6968.028656
636.0441,250,6968.432565
669.6402,250,6969.061142
693.77057,250,6969.464844
642.9729,250,6973.14893
672.69495,250,6973.755175
671.5349,250,6974.190057
673.9845,250,6974.594682
657.64734,250,6975.049781
684.87537,250,6978.539344
625.3952,250,6998.822654
622.14667,250,7003.008669
677.08014,250,7013.291748
671.109,250,7015.59286
666.8312,250,7016.665189
649.8608,250,7018.119938
663.7499,250,7021.505105
660.6724,250,7021.939609
568.98315,250,7022.578518
660.073,250,7023.011672
680.3033,250,7027.111655
457.0783,250,7027.879115
646.8589,250,7028.393127
621.5942,250,7028.888979
670.7709,250,7029.332481
656.7835,250,7032.091316
677.59375,250,7053.615526
639.4195,250,7057.889055
655.3579,250,7068.351756
685.64594,250,7070.744828
663.9156,250,7071.908659
632.59406,250,7073.485986
671.57794,250,7076.946939
689.0168,250,7077.353142
624.6882,250,7077.997343
639.1698,250,7078.411772
632.11395,250,7082.308356
664.69,250,7082.942593
652.2465,250,7083.385818
683.4514,250,7083.809127
660.23236,250,7084.242957
658.34705,250,7087.172788
669.481,250,7110.076659
673.3876,250,7114.460808
670.7404,250,7124.79457
645.2817,250,7127.141182
474.43082,250,7128.28373
636.1756,250,7129.805686
