#{"t_start": 1680089088.2224274, "env_id": null}
r,l,t
-79.96101,33,0.696222
-76.0849,33,0.697219
-72.59898,40,0.941562
-69.36725,41,0.976469
-67.90646,43,1.048275
-65.50955,45,1.11709
-64.30031,48,1.238763
-61.36698,55,1.548929
-25.980719,61,1.753382
-50.76953,61,1.753382
-49.109303,64,1.847129
-75.70687,33,2.322851
-42.141068,80,2.395655
5.26391,80,2.396652
-69.42819,48,2.42757
-55.29481,85,2.547247
-14.048582,93,2.783612
-80.57759,53,2.820513
-76.996284,31,3.310199
-43.60824,72,3.424892
-29.698025,68,3.587454
-66.54105,36,3.588453
-27.35422,122,3.817836
-49.297955,68,3.850746
-26.43975,81,3.892633
-66.387505,44,3.948484
-27.157305,84,4.597739
-29.180428,81,4.597739
-8.174184,119,4.836099
-27.988504,94,4.929847
-66.49174,49,5.5422
-29.572763,94,5.741667
-52.085426,65,5.974042
-53.032185,73,6.056819
-53.77838,57,6.525559
-37.291336,80,6.563457
-39.223297,57,6.918504
-37.029068,90,7.047158
8.334311,106,7.341368
-3.2091613,140,7.770216
-35.42832,94,7.943749
24.005047,152,8.838346
-31.357882,88,8.935085
19.705706,162,9.062742
-45.814728,72,9.184416
-98.27324,46,9.342991
131.31168,199,9.751892
-30.11904,86,10.310391
-10.515937,107,10.349286
1.4168345,129,10.569694
-68.919525,63,11.136175
199.97734,250,11.136175
23.853798,142,11.180056
-0.5599541,120,11.232914
13.4633045,167,11.572999
-32.2504,127,11.669739
-4.3451777,96,12.48455
-33.204113,57,12.690995
-5.5866003,111,13.33327
-62.61576,52,13.414053
108.11064,234,13.499823
16.108408,119,13.996487
-48.614697,69,14.034538
-81.951935,113,14.191117
-23.334867,103,14.380608
20.976265,175,14.486325
-43.75891,76,14.617971
-50.201958,49,14.98299
-7.301212,108,15.190433
-40.732716,108,15.190433
-39.061497,165,15.24329
-15.214943,107,15.449736
-2.5574808,140,15.700063
-59.57794,57,15.737961
-85.196625,36,16.035163
-3.045351,88,16.183764
-60.50199,55,16.220665
-49.702946,69,16.514874
-31.335274,73,16.544793
-18.60571,101,16.642533
-11.747438,94,16.799111
-57.266743,60,16.94472
-55.01837,61,16.973641
-79.719246,28,17.000569
-84.94885,35,17.064398
25.561152,146,17.184076
-34.7714,136,18.153472
-3.321605,97,18.243231
-33.99603,82,18.544421
-15.290362,190,18.572347
-52.020905,61,18.691028
-39.750862,79,18.774802
-20.41146,127,18.889494
-38.00629,112,18.951328
-14.374552,115,19.012165
-66.65365,67,19.07699
-32.846203,89,19.159769
-25.299055,79,19.239554
-69.42489,41,19.322332
-32.97029,100,19.634493
-17.465975,105,19.908757
14.389792,113,20.237749
69.150536,151,20.768324
-26.941656,99,21.008678
-44.345684,77,21.039596
-40.305367,88,21.039596
-30.076574,90,21.067522
-38.82826,88,21.229086
-69.0926,95,21.5961
-35.367195,85,21.5961
-31.692545,68,21.800551
-34.48251,89,21.800551
-26.789726,101,21.878341
-48.553432,103,22.040905
16.605207,127,22.308187
-44.25856,79,22.528594
44.91213,128,22.697142
-46.99443,51,22.802857
-9.163848,115,23.052188
-53.37156,68,23.190814
-30.358028,67,23.190814
-33.90632,80,23.597721
-52.633068,68,23.858023
-84.36835,39,24.176168
-25.15183,112,24.383611
-66.27485,54,25.020898
-23.072756,87,25.020898
-40.353123,96,25.050818
-13.783286,104,25.285189
18.347942,135,25.38492
-9.636331,106,25.445758
-5.872538,94,25.471687
-34.359116,75,25.52654
-34.71186,86,25.964363
-23.043118,106,26.164826
-19.801323,115,26.272536
22.40857,150,26.412161
-14.395267,82,26.412161
-56.97314,53,27.020525
-9.654435,87,27.090338
-51.325836,59,27.416462
-43.939445,77,27.467325
-23.970198,104,27.548109
-47.69454,71,27.821376
-60.96503,56,27.905149
-30.564579,87,27.905149
-67.193596,46,28.144506
-42.294605,85,28.144506
-44.402245,85,28.352946
28.197483,142,28.395831
3.277463,102,28.484593
-83.66889,61,28.568368
-77.28975,43,28.727939
1.9115397,72,29.164764
-22.168982,83,29.235575
-74.649864,47,29.268487
-67.183846,45,29.539759
-45.417923,58,29.664424
-69.75309,42,29.884831
-65.58626,49,30.323707
-50.294823,74,30.323707
-50.48094,69,30.461338
-34.7781,90,30.462337
-36.759537,64,30.491257
-72.30851,38,30.59099
-71.03074,56,30.695709
-44.673557,72,30.770507
-47.362236,73,31.049757
-30.484137,88,31.206336
-56.911747,70,31.746884
-41.509228,90,31.810715
-52.84988,65,31.936375
-50.478317,55,31.979259
-49.902077,57,32.531775
-57.342075,59,32.58962
-54.786976,96,32.665417
-33.12154,87,32.796065
-55.503815,58,32.863883
-42.779404,71,33.022457
-59.91868,55,33.503165
-45.03215,85,33.544057
-60.041023,60,33.905086
-25.325169,98,34.057676
-14.728678,110,34.098567
14.50718,91,34.098567
-44.398876,68,34.14145
-69.76894,41,34.183339
-11.365967,82,34.464583
-5.7812185,123,34.529408
-44.499706,71,34.82661
-86.78537,55,35.338236
-24.559387,87,35.599534
-62.24939,54,35.852852
31.665667,149,36.096201
-39.51442,102,36.282697
-14.015654,115,36.353508
8.92013,120,36.463212
-71.15789,37,36.528039
-55.925797,77,36.565937
-34.907356,95,36.597851
-37.320866,78,36.637744
-10.80488,87,36.735481
-38.82698,77,36.958881
-73.25326,69,37.057616
-20.035227,97,37.277026
-19.479387,91,37.473499
-48.312244,70,37.862455
-55.81035,61,38.294295
64.418816,130,38.388041
-36.540524,83,38.57853
-46.83722,61,38.658315
-66.93671,46,38.84282
-20.923115,84,38.905651
-35.846584,69,39.057244
-45.284348,79,39.12606
-47.166843,72,39.432237
-76.48949,48,39.562885
-3.684038,97,39.698522
-77.12993,32,39.774317
-26.311583,79,39.821191
7.3007545,96,39.933889
-20.812841,101,40.055561
-34.840588,85,40.537269
-53.50319,58,40.848431
-61.800274,53,40.915252
32.505207,130,41.156603
-33.95566,87,41.536582
-38.07619,95,41.682192
-38.965733,85,42.615684
-39.117393,82,42.695469
8.1885,115,42.993668
16.624565,118,43.032564
26.357409,124,43.033561
-33.462055,105,43.221056
-20.418106,122,43.568125
-77.64979,31,43.908214
-23.675335,86,44.118911
-37.401325,100,44.149827
-15.05293,115,44.318374
29.303442,125,44.393173
-58.280888,59,44.481935
37.320595,158,44.73326
-29.85498,91,45.303728
62.456142,186,45.303728
49.79248,177,45.431385
20.586302,162,45.731579
-45.833733,66,45.819342
-46.788944,63,45.965948
32.827335,148,46.05471
-57.974953,69,46.116545
6.73157,106,46.116545
-19.941149,126,46.813671
10.76037,133,46.848577
-18.03408,93,46.967258
-31.607077,96,47.183677
-13.369835,88,47.183677
6.8885922,127,47.183677
-40.893383,68,47.213598
-29.62739,71,47.720235
-55.727814,62,47.825951
-29.585154,105,48.252804
-53.126255,81,48.369491
1.0330644,108,48.450274
-60.79397,55,48.769415
-25.371471,99,48.827262
-30.432655,104,48.882113
42.288387,160,48.914028
-57.44182,65,49.018748
-54.33812,73,49.232174
-26.383034,98,49.548324
-8.330445,106,49.80264
19.95658,144,49.830566
-24.532179,107,49.952238
23.166975,102,50.049976
-54.5523,48,50.158684
-52.40563,65,50.19359
-36.61362,94,50.362818
-63.782192,52,50.468533
-45.29775,84,50.623119
-69.91751,43,50.802635
-32.02475,74,50.858487
9.216995,112,51.000105
-37.24479,81,51.204556
-52.918022,58,51.488794
-24.256256,96,51.607475
-54.374126,55,51.640387
7.844145,124,51.987453
-46.968,59,52.063249
-17.547121,101,52.122092
-29.012596,76,52.147024
-62.088085,77,52.379401
-58.697006,55,52.571884
-28.439724,73,52.718488
-24.490791,90,52.774339
-34.119827,88,52.991755
-57.24183,39,53.080516
0.4786419,113,53.080516
-29.148502,87,53.268012
-48.01182,74,53.302918
-8.858879,93,53.505374
-16.44723,73,53.714811
-42.10344,82,54.450835
-1.7678334,108,54.77995
-36.021187,92,54.877688
-27.45981,69,55.106074
-50.06082,67,55.134996
22.878082,135,55.539909
-22.06083,93,55.645624
-12.822529,103,55.921884
-18.102613,116,56.182183
1.0571812,96,56.348735
34.00772,132,56.482377
-2.9708292,111,56.616017
-61.39772,52,56.621004
-51.997215,69,57.317134
55.985325,186,57.792856
0.8586611,145,57.819783
7.073321,110,57.903558
61.853497,144,57.98833
-32.04928,111,58.513917
23.977295,124,58.562787
12.507134,160,58.623625
-17.814924,81,58.672492
-34.78203,89,59.123281
-29.346245,116,59.313769
-38.57898,101,59.366628
22.75187,142,59.737631
-44.34226,110,59.737631
22.756014,140,59.765555
-3.603799,130,59.943079
-43.45046,74,60.007905
-57.280582,50,60.007905
-17.353964,82,60.135562
-70.13371,59,60.312087
-47.71011,57,60.312087
-5.137473,96,60.491605
-22.756014,124,60.812742
-59.744865,52,60.848646
-54.765663,61,60.875573
-68.0338,43,60.994254
5.3225074,111,61.131886
-49.920525,57,61.350298
-50.462067,52,61.452024
21.886902,112,61.668443
-32.996197,91,61.871896
-27.03131,71,61.988583
-50.169476,54,62.014515
-45.59832,77,62.109259
-35.053406,72,62.323683
-53.638325,74,62.3915
-47.359344,96,62.440371
-61.959915,58,62.467297
-50.272766,55,62.529132
-29.689537,86,62.55905
-61.608112,55,62.682719
-61.952713,59,63.036767
-82.013794,24,63.093615
-28.171312,84,63.273131
-46.707855,64,63.301057
-54.16198,57,63.329979
1.2386316,90,63.3968
-73.54873,35,63.477584
-58.882084,53,63.559363
-46.04345,53,63.642141
-41.603596,63,63.811686
-55.51443,47,63.888479
-51.02419,54,63.888479
-79.601906,28,64.085948
-41.71282,62,64.341262
-39.34186,65,64.341262
-26.654049,86,64.341262
-38.74309,70,64.6993
-36.63372,66,65.008471
-72.896095,60,65.154079
-48.323418,66,65.267773
-52.23859,59,65.301682
-54.29395,48,65.327612
-42.054447,80,65.389448
-62.90981,86,65.774413
-52.52006,58,65.812309
-41.888794,74,67.663337
1.71211,133,67.726169
-37.590282,78,67.76307
-19.085218,116,67.977492
29.798126,150,68.068249
-17.13562,104,68.283671
58.62641,145,68.283671
33.64143,107,68.499091
4.219606,108,68.772358
14.213911,124,69.110449
-19.861593,114,69.44456
51.67797,151,69.445551
85.534065,177,70.088822
-44.37338,60,70.182569
24.795483,146,70.950508
-47.66211,67,71.34056
107.08057,208,72.027712
-49.29862,74,72.501441
110.21584,234,72.608153
-57.922344,67,72.757751
-21.047918,96,72.804625
13.12019,118,72.890395
8.765385,118,72.989129
-35.929413,84,73.792969
-31.956806,87,74.545422
19.155895,153,74.830656
25.496305,146,74.979256
-39.224,69,75.226593
-26.447031,77,75.930699
48.110752,130,75.930699
-13.729137,119,76.073318
23.152775,107,76.346583
-12.107241,79,76.568985
57.994976,201,76.800364
-12.736965,93,77.05468
-76.31231,34,77.534391
-52.486504,62,77.825609
0.79844826,91,78.010113
-71.7507,78,78.713224
56.051064,156,78.762094
-70.33703,41,79.250783
76.111885,159,79.565933
28.838648,156,79.565933
-14.813304,72,79.565933
-14.313051,82,79.781356
-15.413401,120,79.880089
-7.971439,92,79.941923
-40.658096,58,80.808787
80.91933,151,81.032187
-48.554276,55,81.1768
-36.172535,68,81.1768
10.07366,110,81.267555
-29.401743,89,81.348337
63.609844,142,81.64554
108.395256,216,81.827052
61.386368,141,82.223986
-46.53459,67,82.357626
-45.95319,57,84.579656
39.57185,125,84.712301
22.659214,143,85.057373
-5.186747,107,85.680698
75.66752,204,85.838276
-73.15723,36,86.046716
-67.99432,49,86.931338
70.63036,201,87.228539
-63.548634,46,87.301347
88.312584,162,87.382127
69.70348,145,87.481859
104.414925,168,87.67135
130.67705,225,88.063299
-75.50836,32,88.327587
276.98257,250,89.213207
-48.15524,60,89.556286
-41.728905,75,89.630088
-57.199097,49,89.854486
250.84996,250,90.250963
231.96342,250,90.527221
226.68544,250,90.592045
-23.220453,91,90.618973
236.9214,250,90.900216
262.0274,250,91.553462
46.813953,143,92.081045
52.666485,187,92.151855
-0.84704304,105,93.020521
-57.62918,53,93.302762
11.810565,127,93.362602
225.93828,250,93.39651
33.635777,101,93.807407
-22.478094,110,93.808404
-15.211047,100,93.834335
19.69981,127,93.932071
-16.586472,94,93.964984
345.21185,250,94.437713
-39.04521,63,95.427057
344.65347,250,96.00949
58.855232,178,96.559014
223.56198,250,96.941986
31.607584,139,97.055681
296.30402,250,98.42201
-5.127319,103,98.573602
34.813828,147,99.544991
-18.965845,83,100.136403
79.83899,177,100.313927
49.05908,139,100.656008
291.48538,250,101.013048
34.900112,135,101.037981
109.92758,216,101.424942
255.79247,250,101.690228
263.4613,250,101.951526
253.17314,250,102.038294
124.50733,244,102.447196
255.28993,250,102.531967
-5.2276697,73,103.301898
46.95507,198,103.433545
-15.995387,94,103.553223
-54.27849,55,104.388649
244.33632,250,105.306184
78.4276,145,105.622335
221.75182,250,106.243665
247.0214,250,106.398251
72.43259,157,106.398251
17.911028,108,106.649575
40.188255,158,106.943784
254.70338,250,107.210068
193.71484,250,107.771562
-19.47833,117,107.825416
273.32602,250,107.951078
-16.185135,83,109.046135
-11.837789,99,109.238619
237.42723,250,109.325385
-9.114224,111,109.447058
233.15541,250,109.677441
275.29327,250,110.029494
244.5475,250,110.833699
317.97894,250,110.942407
14.737122,124,111.353303
-6.8251715,86,111.478965
-79.63459,34,111.788136
43.64382,137,111.845979
258.57877,250,112.48626
302.40918,250,112.811387
65.60919,121,112.900147
97.78934,199,112.900147
289.76266,250,113.558379
-10.167389,100,113.835634
-24.481232,75,113.978251
293.15775,250,114.131839
27.534834,144,114.168739
84.40985,181,114.873846
249.01234,250,114.955626
126.09109,202,115.135144
-15.884114,75,115.968902
297.78128,250,116.440636
128.90877,175,116.57328
22.120712,160,117.136766
-53.787785,48,117.385099
26.264769,127,118.542989
240.54607,250,118.609809
32.41169,160,118.803289
218.88127,250,119.2082
23.765491,172,120.260955
223.00394,250,120.395593
257.75034,250,120.503304
216.1398,250,120.503304
-42.533066,50,120.598048
11.95508,104,120.769588
57.807854,193,121.101696
205.40727,250,121.188462
215.1595,250,121.583401
84.32539,164,121.671167
231.79965,250,121.728013
-10.45203,100,121.854674
238.32771,250,123.992928
102.73664,194,124.491588
238.378,250,124.677091
13.069054,123,125.208662
-63.03499,41,126.328653
122.68778,247,126.485232
106.30776,214,126.579977
111.461006,216,126.633833
120.16903,226,126.826316
250.02711,250,127.413737
281.72336,250,127.69598
239.25479,250,127.860536
242.86461,250,128.165718
277.51376,250,128.257471
218.44716,250,128.640442
259.2572,250,128.736184
260.6406,250,128.949611
56.619724,158,128.949611
-64.66272,29,129.897067
82.904816,208,130.916329
26.91746,133,131.008096
-21.522587,114,131.058948
69.64215,149,131.212532
250.6136,250,131.698231
-22.691357,80,131.915644
136.73665,211,133.296932
47.954037,129,133.368738
35.3612,151,133.535293
-52.991398,54,133.76667
83.73457,176,133.87837
59.29105,167,134.474769
130.48729,206,134.658274
51.68829,137,134.802886
334.12854,250,134.838789
244.13855,250,134.915582
6.6597786,114,135.066179
24.602398,119,135.279606
318.1066,250,136.900251
-1.2254426,106,137.037882
-15.216149,106,137.522579
41.967262,188,137.745979
-27.395226,83,138.064124
-10.517191,102,138.12895
279.8261,250,139.438432
304.02985,250,140.016878
26.195004,120,141.109186
158.54507,239,141.166034
292.77005,250,141.270755
291.40985,250,141.65173
241.86528,250,142.403709
191.08157,250,142.673983
273.05038,250,142.707891
261.72617,250,142.788675
268.41766,250,142.931294
26.031065,144,143.959531
86.82834,210,144.300613
279.45178,250,144.692561
136.18726,247,144.760379
302.45718,250,145.783628
266.65768,250,145.840476
264.23984,250,147.549884
283.20218,250,148.606046
292.39017,250,148.657906
261.05618,250,148.76462
288.24533,250,149.170529
158.65923,223,149.31913
-65.49144,40,149.833746
177.55742,239,149.834745
282.3384,250,149.871647
110.7073,188,150.051163
325.86224,250,150.403139
337.361,250,150.542764
-22.483255,71,151.179054
281.2704,250,151.549062
-38.92577,71,151.717607
258.53723,250,151.978906
291.16446,250,152.509482
268.63193,250,153.761118
258.0645,250,153.838909
338.9924,250,155.715865
291.04272,250,157.31856
285.42917,250,158.553244
241.68135,250,159.185544
360.14914,250,159.185544
313.8385,250,159.222446
351.7903,250,159.352097
329.82538,250,159.604419
321.36896,250,159.729083
297.9723,250,160.407262
257.7419,250,160.745353
267.61523,250,160.889966
327.10995,250,161.074468
339.1129,250,161.489355
280.66202,250,162.568456
277.03662,250,162.630289
297.9098,250,164.366185
251.49045,250,165.447279
296.0367,250,166.171333
341.05096,250,166.760749
218.09383,250,166.760749
248.90836,250,166.801639
313.2218,250,166.945254
302.61584,250,167.198575
306.83322,250,167.347173
226.92686,250,167.917642
243.93735,250,168.253738
234.49811,250,168.38339
255.70471,250,168.586844
317.09766,250,169.001728
286.4744,250,170.003039
250.27931,250,170.071853
323.64786,250,171.75991
298.2089,250,172.892869
363.10132,250,173.638863
315.03986,250,174.102618
326.52924,250,174.103614
320.4035,250,174.133535
291.50177,250,174.255206
288.51428,250,174.512515
348.99084,250,174.621223
329.96667,250,175.134843
357.14883,250,175.411102
318.64352,250,175.527788
294.6313,250,175.693343
337.64896,250,176.121193
251.71027,250,177.126492
270.19385,250,177.192315
319.17905,250,178.838892
259.6427,250,179.876105
246.2414,250,180.595726
306.0667,250,181.027565
368.383,250,181.027565
240.41121,250,181.059479
353.2731,250,181.172175
275.62497,250,181.382611
291.44424,250,181.501292
315.5961,250,182.02688
302.2033,250,182.316103
391.69385,250,182.450742
305.44266,250,182.642227
319.762,250,183.086036
344.7538,250,184.292794
230.42357,250,184.370584
269.10965,250,186.129857
326.5215,250,187.201977
329.06293,250,187.957946
291.01483,250,188.553348
325.09952,250,188.553348
325.74255,250,188.589249
334.6483,250,188.736852
260.45828,250,189.058988
313.85413,250,189.222549
312.15436,250,189.825929
351.30444,250,190.149063
299.67108,250,190.273729
296.7939,250,190.475188
364.7358,250,191.084577
-71.11563,38,191.848527
295.5105,250,192.616463
344.90723,250,192.694256
309.27374,250,194.651847
288.65915,250,195.783808
338.3355,250,196.524819
366.54956,250,197.01251
254.83104,250,197.01251
329.36472,250,197.043426
276.7207,250,197.1651
285.7342,250,197.393487
231.85782,250,197.523139
317.59973,250,198.055709
298.49112,250,198.372858
312.718,250,198.726908
267.89047,250,199.253495
332.69345,250,199.826956
264.54523,250,200.473224
337.74573,250,200.56398
316.57556,250,202.444932
326.9661,250,203.652689
291.61575,250,204.411206
309.1514,250,204.94976
307.62244,250,204.94976
331.82397,250,204.977684
290.7402,250,205.114319
264.3115,250,205.362652
358.46252,250,205.472358
302.96735,250,205.982987
330.79514,250,206.318087
302.65146,250,206.593349
317.6749,250,207.014219
278.34644,250,207.538815
275.4412,250,208.108284
301.25784,250,208.16114
324.37222,250,210.094949
326.53528,250,211.226489
322.6489,250,211.964509
338.87836,250,212.453195
301.34283,250,212.453195
331.89612,250,212.483116
317.22723,250,212.610772
321.2794,250,212.864093
316.46542,250,212.99175
332.82074,250,213.521327
313.5491,250,213.93023
308.10223,250,214.258351
333.4393,250,214.73507
320.18076,250,215.359395
298.58734,250,216.040567
320.77795,250,216.103398
315.76678,250,218.138934
361.89328,250,219.298821
283.7026,250,220.086705
336.4699,250,220.606312
302.42883,250,220.606312
378.98218,250,220.635233
332.4151,250,220.749926
346.7768,250,221.036157
333.17587,250,221.151848
351.14584,250,221.715334
327.99875,250,221.9886
329.5167,250,222.325695
328.73618,250,222.739587
318.614,250,223.219298
341.4052,250,223.803728
278.6137,250,223.858581
269.53723,250,225.791215
236.70346,250,227.140595
77.45065,169,227.344047
252.39294,250,227.919504
259.70642,250,228.457063
262.75165,250,228.457063
273.06628,250,228.496953
276.8309,250,228.637575
165.88402,222,228.697414
284.2231,250,228.879925
266.79312,250,228.993622
262.1894,250,230.153506
306.27063,250,230.852247
297.4595,250,231.506492
326.94397,250,232.166719
309.54776,250,232.268446
334.52243,250,234.1484
258.06818,250,235.245455
323.1862,250,235.426969
305.3851,250,235.971506
284.1747,250,236.470168
341.23154,250,236.470168
317.13034,250,236.508066
283.92914,250,236.619766
276.44693,250,236.680604
306.23972,250,236.85314
311.83228,250,236.965838
335.295,250,238.083837
322.71622,250,238.457834
363.1557,250,238.947518
277.85843,250,239.463135
278.87503,250,239.513
351.80435,250,241.160511
323.19827,250,242.191743
297.7075,250,242.36827
345.16107,250,242.98262
319.8938,250,243.514194
320.01,250,243.514194
320.7524,250,243.553088
373.5099,250,243.66479
327.7306,250,243.717648
315.7345,250,243.874228
350.4677,250,243.989915
359.61996,250,245.27746
358.3914,250,245.667415
301.59164,250,246.188017
318.71536,250,246.865199
290.20023,250,246.945982
367.453,250,249.197937
310.2539,250,250.631093
348.61304,250,250.90436
378.55048,250,251.731139
336.33804,250,252.463175
349.1901,250,252.463175
319.5442,250,252.499079
376.2622,250,252.640696
321.4751,250,252.711507
362.3182,250,252.896011
313.8646,250,253.027658
339.13568,250,254.265762
353.34155,250,254.663696
359.4287,250,255.210228
312.08356,250,255.863474
365.9418,250,255.932289
358.09448,250,258.409641
353.00858,250,260.033284
299.2514,250,260.284266
313.14868,250,261.104068
356.6172,250,261.760305
361.60986,250,261.760305
338.85333,250,261.819146
344.94745,250,261.987695
321.91333,250,262.095406
324.5703,250,262.386623
271.2309,250,262.568137
355.14157,250,264.12396
310.03,250,264.774215
331.64734,250,265.419483
350.1751,250,266.043807
381.99808,250,266.120601
360.92938,250,268.285789
340.45013,250,269.452658
380.1607,250,269.616218
359.7229,250,270.241539
340.93225,250,270.761704
386.96555,250,270.761704
328.7444,250,270.790628
347.878,250,270.913298
356.35056,250,270.978123
376.82974,250,271.142682
363.16873,250,271.257374
352.57736,250,272.295587
373.32907,250,272.680554
356.5873,250,273.215119
338.0624,250,273.837448
341.67224,250,273.89629
402.28098,250,276.018594
313.46567,250,277.412854
354.81573,250,277.623287
347.68582,250,278.231655
366.12976,250,278.85897
336.7974,250,278.85897
367.494,250,278.893876
309.43002,250,279.06043
364.51904,250,279.154178
332.00638,250,279.407498
308.288,250,279.563081
358.2543,250,281.022516
380.6097,250,281.419627
375.27548,250,281.937286
337.54517,250,282.536003
340.6202,250,282.615437
359.88858,250,284.855518
401.5501,250,286.403493
373.53766,250,286.629913
396.7925,250,287.397882
337.55493,250,288.051126
400.83023,250,288.051126
369.46085,250,288.097002
338.3846,250,288.244631
316.45303,250,288.342882
353.25357,250,288.583256
339.16953,250,288.727867
284.5189,250,290.134655
331.1273,250,290.662182
286.5286,250,291.383274
330.23102,250,292.141264
299.39865,250,292.225553
293.7578,250,294.567892
358.15344,250,296.335686
349.47098,250,296.764222
368.18274,250,297.584931
341.01294,250,298.207893
367.05362,250,298.207893
316.36502,250,298.248783
400.7972,250,298.401373
404.0526,250,298.484152
399.39786,250,298.707553
408.37088,250,298.841192
410.77048,250,300.567138
375.59674,250,301.226406
330.2229,250,301.969495
386.82928,250,302.899918
352.13556,250,303.002643
271.4172,250,305.428265
337.60397,250,306.756749
331.794,250,306.980387
297.6195,250,307.675021
307.56738,250,308.263968
321.85968,250,308.263968
353.7587,250,308.305856
299.41678,250,308.454964
301.46292,250,308.532756
374.37863,250,308.763139
296.55392,250,308.900282
279.5726,250,310.407939
332.97275,250,311.236993
234.57526,250,312.386782
345.1862,250,313.293811
344.87885,250,313.401826
338.7912,250,316.193813
325.29196,250,317.56823
307.03104,250,317.772682
213.12105,250,318.458775
297.34662,250,319.056681
282.686,250,319.056681
350.518,250,319.099568
353.50363,250,319.239705
302.23846,250,319.304531
357.0131,250,319.504016
324.9894,250,319.672563
248.16599,250,320.958814
301.24667,250,321.512861
314.43643,250,322.132716
278.11975,250,322.84135
309.92493,250,322.915152
366.43304,250,324.826563
339.05496,250,326.004431
305.28876,250,326.198909
330.59927,250,326.993824
354.55313,250,327.835623
338.8853,250,327.835623
269.87756,250,327.88549
276.2996,250,328.075969
353.22696,250,328.182683
359.58063,250,328.482635
302.10303,250,328.686134
240.04878,250,330.671567
332.97067,250,331.442642
293.74835,250,332.394581
231.74881,250,333.231895
398.7154,250,333.323649
312.3514,250,335.218945
391.36304,250,336.487586
286.82562,250,336.689564
373.18967,250,337.492288
378.8752,250,338.017613
260.49512,250,338.017613
275.14874,250,338.059499
306.1951,250,338.171199
242.7035,250,338.235027
361.01663,250,338.405576
264.32263,250,338.525762
298.39798,250,339.604907
294.5505,250,340.001356
327.91837,250,340.497555
307.3354,250,341.041118
272.90976,250,341.102466
370.01468,250,343.02423
138.79164,195,344.090292
-12.184814,184,344.133245
310.70813,250,344.382072
317.63327,250,344.591188
269.29532,250,345.188991
317.055,250,345.678066
253.01747,250,345.678066
323.57254,250,345.712971
312.6652,250,345.877494
290.52713,250,346.062537
316.36172,250,347.261013
290.9176,250,347.726763
299.55893,250,348.254347
320.48108,250,348.980162
258.93994,250,349.050973
343.26285,250,350.93498
304.97772,250,351.910925
329.4411,250,351.951815
301.69177,250,352.193195
286.82736,250,352.429078
302.78592,250,353.361065
390.30545,250,353.89441
329.0973,250,353.89441
255.84415,250,353.929316
330.5565,250,354.10735
358.21646,250,354.286378
361.54044,250,355.490086
349.33344,250,355.904999
294.69952,250,356.485409
341.3057,250,357.067876
328.05124,250,357.130707
114.099754,196,357.349267
305.30356,250,360.265246
366.1582,250,360.303657
298.58408,250,360.550078
294.54343,250,360.759516
327.76172,250,361.335951
289.3779,250,361.867524
314.40475,250,361.868519
331.29654,250,361.896444
244.89296,250,362.080461
282.35678,250,362.247019
324.4905,250,363.520051
311.29538,250,363.938928
309.99887,250,364.579242
310.3012,250,365.21554
278.45712,250,365.280366
327.8691,250,365.488808
323.47186,250,368.033816
305.01785,250,368.06274
272.56247,250,368.277168
300.12173,250,368.490595
290.31314,250,369.615715
280.80304,250,370.284466
330.4318,250,370.284466
320.7246,250,370.318374
235.66682,250,370.548754
288.47314,250,370.828522
348.03122,250,372.761971
304.90674,250,373.283608
353.52835,250,374.03164
281.4236,250,374.79214
359.0106,250,374.866127
369.37006,250,375.10288
341.9572,250,378.012297
343.40112,250,378.047203
334.90247,250,378.259634
317.4409,250,378.431173
346.4717,250,379.053015
297.24582,250,379.639044
310.1849,250,379.64004
337.164,250,379.693897
355.99686,250,379.884594
248.21367,250,380.104539
381.2839,250,381.605906
364.66458,250,382.094608
363.25037,250,382.752383
361.7208,250,383.447968
357.26443,250,383.541716
305.36768,250,383.83493
334.83325,250,387.177757
331.12173,250,387.211666
383.0679,250,387.440054
360.83707,250,387.629544
382.51346,250,388.178099
354.09824,250,388.701227
335.34995,250,388.701227
311.87054,250,388.728155
333.8472,250,388.911661
265.6612,250,389.085195
356.5945,250,390.432722
330.89984,250,390.95133
283.41687,250,391.602404
365.9144,250,392.304084
313.0131,250,392.381876
315.60492,250,392.650156
424.16077,250,395.484248
316.7543,250,395.52149
320.76367,250,395.725689
365.7471,250,395.911037
347.90982,250,396.511932
283.21747,250,397.017104
294.6131,250,397.017104
268.38696,250,397.047025
279.26755,250,397.246488
310.44983,250,397.451936
287.56525,250,398.684163
350.83032,250,399.130766
353.45978,250,399.686295
366.93784,250,400.257767
290.12045,250,400.333563
325.34692,250,400.546505
322.9113,250,403.081828
421.1816,250,403.114739
341.39645,250,403.336145
318.0427,250,403.523642
361.70047,250,404.101092
369.52576,250,404.650642
340.40494,250,404.650642
340.43396,250,404.688542
352.29074,250,404.862077
356.18863,250,405.045173
426.6404,250,406.332757
282.13638,250,406.853382
378.25134,250,407.502638
348.6331,250,408.174842
361.8828,250,408.262119
281.85995,250,408.504493
354.56802,250,411.185042
396.87036,250,411.217952
314.2599,250,411.439873
361.44763,250,411.608421
385.31552,250,412.20356
352.0101,250,412.740119
329.54465,250,412.740119
324.81668,250,412.771037
345.24503,250,412.970014
372.29086,250,413.15053
361.29172,250,414.496961
365.49158,250,414.96921
345.66925,250,415.59757
315.8789,250,416.212091
333.55615,250,416.285893
356.93063,250,416.488861
378.69995,250,419.248036
299.99445,250,419.281944
318.33017,250,419.509334
318.93497,250,419.695833
368.91107,250,420.278312
346.172,250,420.840856
348.79065,250,420.840856
336.16098,250,420.870776
320.17908,250,421.061265
337.17053,250,421.248762
284.66858,250,422.608145
344.152,250,423.122276
340.4993,250,423.771931
408.48383,250,424.45561
352.25143,250,424.520434
342.66678,250,424.779761
327.8335,250,427.433642
266.36652,250,427.464559
361.20782,250,427.672001
359.8272,250,427.843541
290.36154,250,428.417762
286.25748,250,428.909554
283.50787,250,428.909554
370.77585,250,428.942466
333.833,250,429.146918
381.3816,250,429.354361
320.74963,250,430.871217
353.84558,250,431.525477
400.35864,250,432.347054
328.2182,250,433.047379
352.28323,250,433.135652
325.56573,250,433.384982
320.51642,250,436.213517
321.25006,250,436.257399
280.0954,250,436.459882
298.256,250,436.641394
335.3103,250,437.198437
336.77817,250,437.750466
345.6117,250,437.750466
334.85333,250,437.795346
369.4212,250,437.958476
355.0836,250,438.131526
339.4298,250,439.712634
309.15247,250,440.219275
330.53455,250,440.843736
387.43243,250,441.438829
316.38693,250,441.503656
347.7653,250,441.707152
332.33987,250,444.260049
361.99628,250,444.303933
417.1896,250,444.578733
402.83978,250,444.776735
299.77145,250,445.362142
391.6473,250,445.85932
404.97284,250,445.85932
384.33667,250,445.892234
408.67975,250,446.083037
380.47955,250,446.262663
341.65332,250,447.542302
379.96188,250,447.957189
359.13263,250,448.516228
396.60873,250,449.074242
388.55197,250,449.143057
268.5519,250,449.351497
355.5141,250,451.890258
350.9966,250,451.927161
333.11758,250,452.129128
359.74194,250,452.293995
248.19537,250,452.850021
333.97592,250,453.334236
334.12402,250,453.334236
346.18774,250,453.369143
387.74817,250,453.531101
300.85507,250,453.704635
374.55618,250,455.067623
381.33487,250,455.568782
279.5458,250,456.216044
395.54886,250,456.854521
415.263,250,456.929319
302.51248,250,457.124796
-55.015915,51,458.330075
383.62592,250,459.69047
393.38943,250,459.732359
336.0249,250,459.93881
322.25528,250,460.114339
319.96326,250,460.685832
314.3763,250,461.217913
318.25586,250,461.217913
368.84064,250,461.246835
-69.435524,39,461.312171
344.2001,250,461.425375
289.32397,250,461.609881
427.79898,250,462.816243
341.39288,250,463.241101
387.03403,250,463.754865
386.70392,250,464.368253
366.06055,250,464.583133
397.5095,250,465.771487
405.11758,250,467.016003
340.01813,250,467.04692
309.5872,250,467.24539
306.61624,250,467.975193
338.0648,250,468.469885
334.68417,250,468.469885
350.5129,250,468.504791
407.06534,250,468.574604
301.56097,250,468.696279
324.69095,250,468.865829
392.86884,250,470.083226
423.71338,250,470.540215
292.7069,250,471.167316
400.852,250,471.993833
375.58377,250,472.342409
326.8965,250,473.734981
360.55182,250,475.058321
391.0684,250,475.091234
378.4745,250,475.325172
392.66907,250,476.156655
369.11514,250,476.65135
404.90244,250,476.65135
396.74136,250,476.682267
370.26785,250,476.749089
380.1299,250,476.866771
392.67926,250,477.073218
383.63495,250,478.298977
340.5305,250,478.789175
421.8015,250,479.435895
380.851,250,480.151757
390.84195,250,480.426443
360.57645,250,481.874913
385.44556,250,483.194251
361.56238,250,483.231152
380.85498,250,483.449569
360.23477,250,484.210902
418.70462,250,484.8542
392.68307,250,484.8542
308.60196,250,484.913044
420.68182,250,484.983851
403.93814,250,485.152399
369.51135,250,485.415722
413.49573,250,487.193029
334.92014,250,487.81339
411.40424,250,488.513023
441.8681,250,489.319404
335.08466,250,489.618599
386.72076,250,491.522169
347.44586,250,493.221991
398.76596,250,493.267891
393.67136,250,493.53288
387.17963,250,494.507048
376.85028,250,495.073043
359.99792,250,495.074041
347.48468,250,495.107949
384.60928,250,495.176767
360.86533,250,495.301771
388.25598,250,495.50677
393.67688,250,496.981007
312.66077,250,497.447759
370.94214,250,498.049682
332.1184,250,498.712414
379.96738,250,498.995181
388.3519,250,500.493131
341.96255,250,501.824748
385.99976,250,501.867634
326.0922,250,502.092032
381.55743,250,503.175193
393.33405,250,503.883804
363.4953,250,503.883804
399.23874,250,503.923697
425.85336,250,504.005478
334.8487,250,504.13783
383.03696,250,504.402632
357.90262,250,505.800195
393.34756,250,506.215591
346.3183,250,506.771153
333.16046,250,507.369853
426.30106,250,507.586275
385.82574,250,508.976938
423.70554,250,510.377843
427.631,250,510.41973
424.73703,250,510.654102
326.16138,250,511.579287
442.96707,250,512.081478
405.43622,250,512.081478
452.9938,250,512.109403
399.97012,250,512.167248
383.70782,250,512.292911
454.355,250,512.458467
448.58847,250,513.731592
402.6721,250,514.214298
438.4508,250,514.882505
481.90366,250,515.553725
450.805,250,515.754698
459.29236,250,516.989433
423.864,250,518.296677
439.21814,250,518.357028
459.01367,250,518.644776
420.13663,250,519.531935
419.59344,250,520.135846
433.06918,250,520.135846
445.74866,250,520.170753
451.6117,250,520.247546
455.60165,250,520.386174
415.5524,250,520.606097
421.4866,250,521.936116
420.5141,250,522.368473
470.66,250,522.920998
460.76956,250,523.619473
434.4448,250,523.851381
431.77396,250,525.32389
489.02637,250,526.6813
435.8126,250,526.729173
456.5929,250,527.007737
412.5583,250,527.906492
396.84753,250,528.470857
445.85068,250,528.470857
383.46063,250,528.508755
366.57227,250,528.567598
416.31662,250,528.689781
421.39127,250,528.868303
428.89948,250,530.159884
438.67413,250,530.579484
414.8828,250,531.137505
363.5207,250,531.84522
391.92325,250,532.112528
385.61823,250,533.450197
428.61517,250,535.065578
402.35025,250,535.113959
437.54526,250,535.346971
483.23276,250,536.324914
451.00797,250,536.96622
311.84946,250,536.96622
438.60583,250,537.016085
385.2109,250,537.0849
435.48404,250,537.221534
428.26913,250,537.408549
414.43192,250,538.64258
426.12363,250,539.060481
405.88303,250,539.598059
402.9335,250,540.313517
454.01138,250,540.516291
423.2296,250,541.751534
443.46454,250,543.013684
430.31073,250,543.046595
415.26218,250,543.248055
376.92603,250,543.959179
430.324,250,544.445406
430.2722,250,544.445406
374.82462,250,544.480313
400.60825,250,544.551123
445.0876,250,544.671308
434.6495,250,544.84584
438.13632,250,546.059526
405.89752,250,546.526023
481.35666,250,547.115098
390.65384,250,547.771858
469.8886,250,547.980285
399.63693,250,549.208561
437.63824,250,550.896692
430.94162,250,550.978469
461.75204,250,551.41081
445.92252,250,553.158657
402.39777,250,553.871875
457.77454,250,553.871875
399.18503,250,553.992724
392.99277,250,554.067523
416.33835,250,554.22462
372.7849,250,554.446564
440.1852,250,555.798061
391.46057,250,556.322711
414.36676,250,556.910136
432.7231,250,557.611789
423.56915,250,557.804273
403.1926,250,559.655749
332.65387,250,561.069605
450.55298,250,561.112489
426.05298,250,561.357342
389.96216,250,562.225061
426.4044,250,562.946645
394.60394,250,562.947644
312.08972,250,563.002495
445.892,250,563.142634
432.3365,250,563.505663
446.26733,250,563.833815
424.1758,250,565.700334
420.7013,250,566.158888
404.5831,250,566.851519
439.5717,250,567.748138
370.12625,250,568.081259
410.98682,250,569.598375
409.55807,250,570.954936
446.61514,250,570.990844
396.60657,250,571.217744
476.44092,250,571.952331
400.34854,250,572.518838
470.72995,250,572.518838
440.19894,250,572.555102
426.29456,250,572.623917
431.92477,250,572.790494
383.48315,250,573.00093
436.22815,250,574.383273
440.17584,250,574.820612
469.33566,250,575.400111
452.83206,250,576.047323
438.92737,250,576.274287
481.6148,250,577.576705
431.9624,250,578.927356
452.5218,250,578.963259
454.10873,250,579.184179
456.76718,250,579.980087
461.33978,250,580.519184
420.3339,250,580.519184
415.78714,250,580.551097
428.57718,250,580.617919
416.7003,250,580.754574
412.7836,250,580.930102
448.13882,250,582.420156
413.99747,250,582.996149
488.43054,250,583.800661
499.5302,250,584.584247
422.01166,250,584.84231
462.48502,250,586.149503
442.8359,250,587.537827
466.42847,250,587.570739
457.28418,250,587.788156
468.7076,250,588.533129
491.28705,250,589.045276
462.40628,250,589.045276
489.1581,250,589.078187
464.04477,250,589.15199
432.9329,250,589.277657
401.26086,250,589.454973
473.06372,250,590.660151
443.43527,250,591.087514
509.27118,250,591.694991
442.9268,250,592.378544
437.72696,250,592.599975
470.38925,250,593.873114
474.39706,250,595.144812
455.2749,250,595.175728
501.55588,250,595.386165
455.72485,250,596.125716
434.86896,250,596.610237
517.025,250,596.610237
409.52496,250,596.644146
451.89365,250,596.70997
407.2344,250,596.823176
480.60696,250,596.990727
448.39044,250,598.21748
448.17392,250,598.704197
456.79486,250,599.337016
452.65317,250,600.083525
478.99637,250,600.318899
424.9472,250,601.622481
475.2579,250,602.891958
492.38797,250,602.92387
472.83853,250,603.133335
477.6214,250,603.874648
459.8444,250,604.408216
443.74323,250,604.408216
470.6915,250,604.437137
426.2553,250,604.498482
488.95407,250,604.613686
440.58698,250,604.782744
484.36597,250,605.976798
430.30963,250,606.375841
422.44553,250,606.886885
462.07797,250,607.490546
413.21695,250,607.69503
407.8036,250,609.033375
474.80603,250,610.538982
382.0858,250,610.583495
457.56503,250,610.894948
330.156,250,612.092947
513.1224,250,612.788948
436.82938,250,612.788948
447.02942,250,612.822922
385.55197,250,612.899998
403.0859,250,613.047934
438.48053,250,613.24791
402.62817,250,614.829093
359.0267,250,615.357733
442.94574,250,616.018957
428.40756,250,616.788876
395.74725,250,617.02393
485.6966,250,618.305804
429.56522,250,619.568745
500.19986,250,619.604958
423.4879,250,619.824877
421.23804,250,620.607657
434.3468,250,621.138261
392.74417,250,621.138261
371.8497,250,621.180148
353.55194,250,621.248963
430.20316,250,621.367645
458.51877,250,621.549158
449.51367,250,622.834596
552.1065,250,623.248016
494.8824,250,623.743451
440.70587,250,624.365804
455.63025,250,624.598694
402.86377,250,625.848737
478.38425,250,627.36107
453.3086,250,627.399967
413.75592,250,627.670773
377.7813,250,628.516074
487.83453,250,629.011256
429.3922,250,629.012253
498.01562,250,629.045164
483.42453,250,629.116971
501.37234,250,629.243791
392.52292,250,629.400371
399.80798,250,630.780057
459.6315,250,631.297561
446.7527,250,631.974768
489.65512,250,632.845565
406.56766,250,633.094768
451.55847,250,634.590084
442.44965,250,635.90817
459.17352,250,635.950366
454.05917,250,636.171283
489.42215,250,636.939548
438.4364,250,637.461659
434.3139,250,637.461659
452.36182,250,637.492577
539.1408,250,637.557403
460.26843,250,637.669102
406.529,250,637.858617
437.66776,250,639.028966
453.1792,250,639.429891
459.25214,250,639.936061
424.73306,250,640.534494
529.51294,250,640.74544
420.83646,250,642.074018
492.11023,250,643.396563
406.19727,250,643.443441
499.48276,250,643.664872
426.33405,250,644.391977
428.7054,250,644.885653
438.86652,250,644.885653
418.71353,250,644.917079
488.52148,250,644.976919
411.41162,250,645.098593
494.4411,250,645.269644
401.66296,250,646.542816
420.187,250,647.054702
409.11636,250,647.702506
445.49536,250,648.440036
494.17548,250,648.679907
415.82135,250,649.978449
449.92328,250,651.305807
436.74506,250,651.337818
467.203,250,651.56213
422.95395,250,652.367436
461.22052,250,652.928954
479.16522,250,652.928954
436.1729,250,652.965855
498.1204,250,653.034184
461.66486,250,653.162353
476.32654,250,653.346884
488.26913,250,654.571853
434.58252,250,654.977787
467.77203,250,655.474547
479.98956,250,656.105865
437.51144,250,656.296355
474.698,250,657.525621
489.11533,250,658.820678
421.54477,250,658.862566
421.6963,250,659.080282
423.55832,250,659.863209
484.3681,250,660.377636
400.36017,250,660.378634
473.0012,250,660.414543
467.113,250,660.480367
439.1152,250,660.596293
469.71588,250,660.758367
498.78644,250,662.118455
446.141,250,662.654156
482.08514,250,663.359699
474.0822,250,664.230175
418.18515,250,664.553307
483.58533,250,666.358085
422.7688,250,668.050629
477.54343,250,668.095509
419.43857,250,668.290495
370.79333,250,669.056978
451.8932,250,669.596271
496.05106,250,669.596271
494.96832,250,669.637669
507.82416,250,669.716459
452.42966,250,669.896487
493.44293,250,670.13784
494.7162,250,672.228907
489.0001,250,672.779461
415.19116,250,673.419297
470.91238,250,674.156912
460.4578,250,674.408204
469.78464,250,675.666276
429.56235,250,676.953032
400.0871,250,676.980958
467.5913,250,677.191444
541.8618,250,677.931479
463.85468,250,678.482141
453.82135,250,678.482141
446.94727,250,678.522848
443.1526,250,678.59269
447.77045,250,678.745819
520.92206,250,678.975785
347.6062,250,680.550445
441.66525,250,681.03185
461.964,250,681.567629
475.43457,250,682.250181
481.0627,250,682.465115
452.88998,250,683.745723
465.66837,250,685.124386
480.71548,250,685.159292
483.11545,250,685.393685
501.1217,250,686.142213
464.11578,250,686.649362
450.43835,250,686.649362
490.86893,250,686.686263
504.2027,250,686.749605
478.55075,250,686.864297
475.87695,250,687.054299
474.5846,250,688.328452
449.98267,250,688.760295
505.90833,250,689.289074
558.0726,250,689.934208
491.9983,250,690.146154
521.76886,250,691.392133
479.53293,250,693.016544
460.01462,250,693.055441
503.66162,250,693.310268
495.47742,250,694.031334
465.23547,250,694.564904
490.55203,250,694.564904
481.2412,250,694.595821
507.8542,250,694.674608
445.3708,250,694.804261
488.60767,250,695.001732
453.53818,250,696.384024
482.3513,250,696.825841
490.91995,250,697.345446
521.4512,250,698.031606
435.791,250,698.231071
495.67017,250,699.447807
490.38544,250,700.70344
465.973,250,700.731365
458.26257,250,700.961747
543.7399,250,701.649901
467.46417,250,702.111662
422.77634,250,702.111662
549.3894,250,702.151558
479.20312,250,702.208405
446.1245,250,702.322099
447.055,250,702.496631
457.26398,250,703.669486
439.15158,250,704.072405
469.61264,250,704.581046
496.77084,250,705.177447
480.8398,250,705.367935
500.11838,250,706.52982
412.72763,250,707.757527
516.5844,250,707.784454
516.1518,250,707.984916
508.41895,250,708.667087
469.135,250,709.148796
499.0901,250,709.148796
483.30725,250,709.18071
502.03485,250,709.241546
493.2344,250,709.34826
476.2357,250,709.514814
542.1284,250,710.776116
480.52042,250,711.251839
484.6187,250,711.850235
488.72244,250,712.629147
520.6878,250,712.86651
497.00522,250,714.031387
478.15497,250,715.286021
471.62347,250,715.313946
483.12585,250,715.512414
480.28745,250,716.221513
481.6821,250,716.701225
467.56738,250,716.702222
471.84143,250,716.732141
497.39606,250,716.78899
496.4739,250,716.897699
486.29715,250,717.076219
491.1095,250,718.275004
425.12747,250,718.650995
452.55255,250,719.143674
416.42612,250,719.734092
483.99136,250,719.932558
477.1061,250,721.098433
486.87637,250,722.330129
535.6195,250,722.361046
472.18927,250,722.566495
515.4106,250,723.275594
527.46497,250,723.754309
507.25464,250,723.754309
456.04745,250,723.790213
459.2457,250,723.848058
517.5541,250,723.954772
523.6848,250,724.125314
471.81738,250,725.270244
362.636,250,725.682139
481.60687,250,726.205736
448.29123,250,726.880924
462.6255,250,727.110309
459.52142,250,728.50457
429.31845,250,729.791119
440.7733,250,729.826027
488.66388,250,730.050425
473.20758,250,730.955996
465.01443,250,731.683045
442.18173,250,731.683045
478.0851,250,731.718953
442.39343,250,731.801727
421.22714,250,731.971274
480.24063,250,732.245536
523.1746,250,733.873172
391.34003,250,734.271104
460.8409,250,734.769768
486.6737,250,735.386114
486.7752,250,735.597546
497.57956,250,736.770403
489.40198,250,738.000103
512.50977,250,738.028029
485.11188,250,738.245445
577.1495,250,738.9336
492.24207,250,739.410322
513.37885,250,739.410322
450.48273,250,739.442235
507.7235,250,739.498085
479.70767,250,739.609786
506.98703,250,739.777336
544.46234,250,740.906023
526.26855,250,741.29099
525.1131,250,741.793643
499.14236,250,742.397025
553.1837,250,742.633392
480.27643,250,744.010697
563.68475,250,745.380079
509.75488,250,745.409999
457.74945,250,745.601485
521.1431,250,746.303625
503.47476,250,746.781877
513.8015,250,746.781877
469.95108,250,746.81277
480.86813,250,746.86862
484.10687,250,746.991292
528.8992,250,747.178788
514.80035,250,748.369612
510.3114,250,748.772537
421.0793,250,749.281685
539.5359,250,749.852115
492.1766,250,750.089479
512.65265,250,751.245926
485.99323,250,752.488142
536.6942,250,752.524046
432.9485,250,752.713536
500.07776,250,753.412684
556.1939,250,753.909352
488.67325,250,753.909352
501.95844,250,753.943261
492.88675,250,754.005096
545.52637,250,754.119251
560.9293,250,754.287313
478.78116,250,755.456199
511.60706,250,755.88406
458.03925,250,756.477491
520.5109,250,757.113834
545.5414,250,757.312299
538.8558,250,758.573018
584.6217,250,759.973015
503.10214,250,760.007921
463.9413,250,760.236918
480.16748,250,761.024942
523.63666,250,761.496896
486.76514,250,761.496896
545.71356,250,761.52582
534.3317,250,761.591158
499.2704,250,761.698869
562.4949,250,761.855564
524.862,250,763.019067
496.22308,250,763.397318
520.9347,250,763.936914
492.06467,250,764.532834
515.73236,250,764.748767
545.48584,250,765.946188
552.5893,250,767.148868
489.59073,250,767.182778
541.73334,250,767.365797
515.01416,250,768.08139
484.827,250,768.570137
481.956,250,768.570137
422.50607,250,768.597027
528.1151,250,768.656901
522.7228,250,768.773556
550.3066,250,768.945723
512.9822,250,770.111617
450.11835,250,770.508553
496.38855,250,770.995269
491.0151,250,771.572721
556.37396,250,771.777684
551.49786,250,772.964574
507.04086,250,774.149627
532.5772,250,774.179548
528.40076,250,774.406937
534.1846,250,775.225772
524.79333,250,775.815892
579.5899,250,775.815892
527.79706,250,775.853323
512.66486,250,775.925714
531.0348,250,776.074472
558.39307,250,776.281398
563.3816,250,777.517808
559.78986,250,777.928213
544.9566,250,778.441347
527.4564,250,779.027288
578.2651,250,779.235243
531.3181,250,780.430059
559.8023,250,781.612906
543.74133,250,781.641829
506.3827,250,781.842293
535.3257,250,782.543438
515.774,250,783.032126
588.61334,250,783.032126
517.0278,250,783.065378
464.50354,250,783.129206
533.4433,250,783.253873
532.34863,250,783.427406
542.91235,250,784.543437
518.94885,250,784.938384
573.0217,250,785.429093
525.70795,250,786.032474
539.3585,250,786.219483
518.6252,250,787.430259
486.81677,250,788.65352
477.11707,250,788.691419
558.4991,250,788.907837
527.6084,250,789.627418
552.2629,250,790.209917
481.82135,250,790.215903
453.44577,250,790.259783
523.38153,250,790.344556
513.27795,250,790.516097
549.2482,250,790.825372
401.55133,250,793.037456
552.88104,250,793.592877
518.73486,250,794.191586
553.7093,250,794.826906
535.6418,250,795.083737
592.43195,250,796.557318
497.6676,250,798.140825
531.53687,250,798.180718
524.08514,250,798.429063
503.2882,250,799.275917
497.7567,250,799.866854
556.27356,250,799.866854
515.18774,250,799.913153
531.98584,250,799.981105
519.93567,250,800.118772
531.0038,250,800.30824
502.51126,250,801.582636
518.5277,250,802.034118
531.12317,250,802.65458
428.90356,250,803.305845
529.1619,250,803.551824
490.1429,250,804.939774
543.658,250,806.51814
538.885,250,806.567009
589.7056,250,806.868805
535.12134,250,807.861879
529.4414,250,808.563813
504.50812,250,808.563813
545.76843,250,808.618206
545.68,250,808.702008
554.71356,250,808.86264
553.85065,250,809.121373
548.2222,250,810.482713
534.3135,250,810.89951
532.3505,250,811.528202
516.62506,250,812.151672
373.17337,250,812.396062
485.49786,250,813.6827
518.63824,250,814.936047
527.1202,250,814.975946
524.94806,250,815.168988
496.56128,250,815.891994
509.0655,250,816.381103
530.7757,250,816.381103
490.86755,250,816.41513
561.0431,250,816.471977
519.78503,250,816.594211
560.9059,250,816.782788
478.01782,250,818.06801
551.44135,250,818.483371
360.6303,250,819.006734
550.4276,250,819.657007
471.17743,250,819.856019
535.6761,250,821.105557
552.8112,250,822.394237
462.30695,250,822.433651
536.0098,250,822.670579
496.9241,250,823.507737
547.8132,250,824.131204
474.77124,250,824.131204
470.76093,250,824.167108
544.10944,250,824.248401
543.89026,250,824.401825
484.91565,250,824.6173
499.60278,250,825.882437
517.32794,250,826.278939
569.67175,250,826.798163
574.8376,250,827.394679
521.7378,250,827.60299
535.12897,250,828.867844
532.0288,250,830.087831
543.4434,250,830.120766
550.912,250,830.329849
497.95346,250,831.06271
548.0867,250,831.534971
553.0093,250,831.534971
548.2922,250,831.565888
393.86957,250,831.641932
537.8523,250,831.769693
493.7782,250,831.946036
491.64554,250,833.310074
474.1241,250,833.721676
541.79126,250,834.246512
534.93835,250,834.864662
561.13885,250,835.078629
556.3817,250,836.294743
441.339,250,837.521524
510.5126,250,837.550448
540.5287,250,837.762525
497.18893,250,838.559062
561.6892,250,839.142557
546.2996,250,839.142557
531.1061,250,839.184954
524.395,250,839.257924
521.629,250,839.392595
516.91406,250,839.606073
500.99457,250,841.041232
518.8898,250,841.465544
513.6267,250,841.996855
575.98975,250,842.61965
532.03375,250,842.827971
407.4136,250,844.037041
543.95306,250,845.291881
512.56976,250,845.319814
540.03296,250,845.526826
523.37836,250,846.258451
518.8054,250,846.752357
533.7705,250,846.752357
520.69855,250,846.791765
556.8242,250,846.857612
503.82336,250,846.981841
501.65485,250,847.160391
489.48648,250,848.367666
530.1781,250,848.769583
508.84158,250,849.313745
544.47144,250,850.060778
504.41904,250,850.327115
558.8171,250,852.122555
540.67474,250,853.69357
492.0673,250,853.740443
525.0986,250,853.971878
514.49,250,854.824804
470.86914,250,855.425573
408.2591,250,855.425573
525.4959,250,855.46349
440.1212,250,855.546782
554.0862,250,855.718593
444.75412,250,855.959516
454.6216,250,857.597008
557.53815,250,858.032672
521.8308,250,858.569701
365.5591,250,859.168179
421.69458,250,859.379885
505.97427,250,860.643405
479.6137,250,861.910784
497.32077,250,861.943695
424.56882,250,862.151653
535.00433,250,862.865591
549.9628,250,863.359776
531.0814,250,863.360774
540.77716,250,863.393685
496.33646,250,863.461504
532.17365,250,863.578191
471.325,250,863.770188
515.55316,250,865.00263
517.5091,250,865.427501
538.8163,250,865.936144
517.93726,250,866.540196
406.77902,250,866.734991
452.47754,250,867.981191
569.17145,250,869.247853
526.9588,250,869.285752
599.3904,250,869.491201
511.65106,250,870.227337
546.5062,250,870.817054
523.8975,250,870.817054
523.0102,250,870.854953
539.15735,250,870.936733
503.03848,250,871.076358
580.4666,250,871.293291
565.0415,250,872.737963
492.06247,250,873.167357
497.74695,250,873.693561
471.38522,250,874.295464
507.76584,250,874.511884
552.89813,250,875.722239
492.40872,250,877.056504
489.7886,250,877.098393
431.47357,250,877.312981
512.50616,250,878.040638
527.3788,250,878.532402
553.496,250,878.532402
495.04456,250,878.560336
532.1485,250,878.628517
510.94983,250,878.736744
496.0195,250,878.915983
508.68756,250,880.087947
520.4736,250,880.481377
460.20398,250,881.00947
506.23834,250,881.633328
554.85956,250,881.854245
540.291,250,883.069309
539.37665,250,884.310491
527.6882,250,884.343403
552.6741,250,884.548861
582.4481,250,885.289782
541.0056,250,885.774314
547.84406,250,885.774314
344.15182,250,885.8182
542.55133,250,885.882034
546.8053,250,886.012343
524.5334,250,886.190166
551.0908,250,887.623739
534.50433,250,888.096078
563.81213,250,888.728124
484.96054,250,889.364736
543.38354,250,889.581048
535.9615,250,890.956115
537.2585,250,892.337089
493.83676,250,892.368006
525.24396,250,892.581433
558.2379,250,893.290532
506.1543,250,893.777228
479.50378,250,893.777228
502.1276,250,893.807147
471.85623,250,893.870977
510.4701,250,893.972705
526.8457,250,894.144244
568.892,250,895.366966
507.04825,250,895.757918
464.5125,250,896.247607
469.2191,250,896.840018
508.98145,250,897.125254
495.619,250,898.342989
523.1319,250,899.522829
532.52246,250,899.556736
479.02316,250,899.779141
613.05646,250,900.50525
523.3304,250,901.014883
488.28613,250,901.01588
543.758,250,901.054777
537.9213,250,901.111624
496.5241,250,901.231303
466.13077,250,901.417803
529.8318,250,902.703358
529.6695,250,903.163124
523.5875,250,903.763516
500.81177,250,904.462642
489.77673,250,904.700006
482.42123,250,905.879842
518.8215,250,907.085611
564.38104,250,907.123509
501.29333,250,907.32098
607.9942,250,908.039055
540.7277,250,908.504807
541.8111,250,908.504807
526.64886,250,908.538716
577.73535,250,908.593569
526.5355,250,908.708264
513.4761,250,908.870826
525.03485,250,910.142418
413.27744,250,910.647065
514.721,250,911.391072
456.51755,250,912.318584
479.04883,250,912.567915
528.62305,250,913.941235
481.4918,250,915.184072
489.3181,250,915.21898
457.42575,250,915.43839
540.8824,250,916.170429
531.80804,250,916.676074
497.87012,250,916.676074
490.96616,250,916.71098
525.7788,250,916.762842
530.92145,250,916.875538
515.2095,250,917.037106
489.88394,250,918.372526
558.7787,250,918.853238
521.2517,250,919.723583
569.8473,250,920.558848
516.3626,250,920.828126
502.16757,250,922.135489
557.7189,250,923.39567
554.60754,250,923.434075
500.43893,250,923.650009
527.36847,250,924.420479
555.11975,250,924.95256
506.26205,250,924.95256
552.7501,250,924.983476
554.4764,250,925.047305
519.74786,250,925.160002
547.64667,250,925.339097
563.8139,250,926.589798
625.19824,250,927.117896
536.95825,250,927.813577
542.3559,250,928.497529
499.89548,250,928.705994
538.4538,250,929.934206
497.55588,250,931.273237
520.3245,250,931.305153
536.5086,250,931.522429
504.78955,250,932.258964
508.85556,250,932.740672
514.62427,250,932.740672
499.4979,250,932.776575
521.8666,250,932.832426
536.2982,250,932.958097
549.4531,250,933.138615
507.8726,250,934.368853
536.5135,250,934.878401
505.67023,250,935.516973
565.23395,250,936.275964
559.5665,250,936.549741
481.22134,250,937.856064
465.20535,250,939.1452
510.8752,250,939.183097
538.22614,250,939.411129
590.01465,250,940.19315
509.68793,250,940.702816
501.5518,250,940.702816
542.2251,250,940.737723
553.1702,250,940.801551
524.91583,250,940.935193
487.2345,250,941.113714
477.16583,250,942.439811
497.2351,250,942.848761
504.25467,250,943.416801
557.04675,250,944.032682
440.8906,250,944.243866
507.7327,250,945.563866
549.719,250,946.823901
583.18555,250,946.852831
515.5978,250,947.045256
537.91406,250,947.794235
487.00748,250,948.294942
539.9405,250,948.295941
516.513,250,948.333838
488.8409,250,948.397181
621.16437,250,948.516886
558.051,250,948.697403
505.5871,250,949.896724
489.8959,250,950.328521
513.98254,250,950.966958
544.3273,250,951.706074
571.9671,250,951.995322
550.8157,250,953.498496
558.79944,250,954.77867
546.5972,250,954.819561
579.7405,250,955.026026
570.4851,250,955.793019
578.5871,250,956.278744
549.30865,250,956.278744
547.3208,250,956.315645
479.89566,250,956.388457
577.1887,250,956.523095
544.92426,250,956.735042
537.4164,250,957.976758
549.919,250,958.388218
533.2237,250,958.917262
495.60104,250,959.52841
512.7789,250,959.736851
524.1921,250,960.954273
536.7146,250,962.216792
595.54724,250,962.246712
575.6416,250,962.463131
535.954,250,963.172298
522.14734,250,963.664007
581.91376,250,963.664007
574.0866,250,963.694924
542.9643,250,963.762742
495.36655,250,963.888405
557.326,250,964.062938
536.89417,250,965.318288
539.76654,250,965.772583
526.7656,250,966.346576
515.9726,250,967.144499
541.92334,250,967.408386
578.4111,250,968.965353
533.21594,250,970.547771
497.59555,250,970.597637
608.09955,250,970.938786
584.23785,250,972.086506
561.4858,250,972.773386
552.10236,250,972.773386
561.1598,250,972.815414
578.16705,250,972.888369
540.647,250,973.042392
552.91315,250,973.261401
521.58105,250,974.646978
473.19427,250,975.066368
536.79065,250,975.599959
546.9298,250,976.215425
538.18256,250,976.432842
552.24664,250,977.67555
560.768,250,978.951686
558.2934,250,978.982602
521.50684,250,979.188056
510.62695,250,979.92995
556.54645,250,980.462542
562.0222,250,980.462542
569.07355,250,980.503176
581.70404,250,980.565049
570.90625,250,980.679255
584.92834,250,980.863254
573.7433,250,982.096
573.9963,250,982.623099
564.2998,250,983.275872
552.97174,250,984.043871
559.177,250,984.322125
614.8109,250,985.734344
550.03827,250,987.021301
568.70435,250,987.056206
576.3285,250,987.292593
571.052,250,988.14978
551.7012,250,988.771623
564.55615,250,988.771623
535.3184,250,988.812514
523.231,250,988.894295
540.17236,250,989.044403
564.6975,250,989.257344
546.5222,250,990.824789
562.22723,250,991.319149
546.56366,250,991.936599
544.71027,250,992.81831
562.6449,250,993.123526
588.5816,250,994.615316
576.95703,250,996.722678
583.24725,250,996.769553
556.6423,250,997.094681
578.7735,250,998.365835
577.3852,250,999.296263
562.7994,250,999.29726
551.4233,250,999.358609
542.9866,250,999.458341
544.8607,250,999.660838
586.6611,250,999.971037
571.02136,250,1001.844186
583.46375,250,1002.335128
546.7822,250,1002.981965
588.104,250,1003.700086
497.56104,250,1003.995335
589.4415,250,1005.893946
564.19366,250,1007.882879
568.60803,250,1007.932746
526.2268,250,1008.18739
581.6618,250,1009.031185
536.59155,250,1009.561406
545.8923,250,1009.561406
548.4588,250,1009.591325
548.865,250,1009.660154
580.4691,250,1009.785376
583.0814,250,1010.011939
582.2407,250,1011.458393
587.51605,250,1011.945
439.0816,250,1012.525226
572.74677,250,1013.134111
619.3492,250,1013.345833
568.5117,250,1014.656553
558.12494,250,1016.115145
556.90643,250,1016.157545
553.55383,250,1016.421837
560.6203,250,1017.222121
542.0283,250,1017.716249
568.4072,250,1017.716249
569.1276,250,1017.744682
564.27704,250,1017.804522
560.23004,250,1017.909753
567.9726,250,1018.080317
571.04675,250,1019.296086
573.8375,250,1019.735822
545.311,250,1020.277881
576.4179,250,1020.895317
568.2051,250,1021.117251
560.8211,250,1022.318161
523.64294,250,1023.536035
441.95383,250,1023.567465
586.6249,250,1023.789868
560.55804,250,1024.487527
538.0201,250,1024.988206
448.8879,250,1024.988206
568.40546,250,1025.018633
547.3856,250,1025.08745
552.4423,250,1025.204644
564.20056,250,1025.384191
565.7277,250,1026.575816
544.2374,250,1026.992241
509.70486,250,1027.572261
601.1979,250,1028.182142
571.13074,250,1028.394574
566.87726,250,1029.626192
512.72516,250,1031.701143
573.4333,250,1031.769164
569.2712,250,1032.205176
554.01135,250,1033.578111
554.37805,250,1034.306374
558.7656,250,1034.306374
593.6693,250,1034.363222
603.24994,250,1034.466775
597.29443,250,1034.650162
580.8122,250,1034.879137
554.0356,250,1036.20033
554.7815,250,1036.646418
521.25696,250,1037.164303
555.6807,250,1037.825536
563.47595,250,1038.048449
570.92334,250,1039.271143
570.9413,250,1040.663433
582.40344,250,1040.702839
558.09247,250,1040.914298
524.9734,250,1041.669704
554.402,250,1042.164983
560.6827,250,1042.164983
534.0875,250,1042.201398
551.13214,250,1042.272208
564.47876,250,1042.407845
551.2858,250,1042.594852
578.038,250,1043.852462
541.90497,250,1044.247135
606.0422,250,1044.849041
595.4535,250,1045.466316
590.7617,250,1045.667782
486.73004,250,1047.00663
501.31134,250,1048.516453
577.1288,250,1048.556348
574.60583,250,1048.82363
594.8986,250,1049.60007
439.44287,250,1050.109728
551.14343,250,1050.109728
566.15753,250,1050.139647
532.57544,250,1050.211965
464.7468,250,1050.329165
610.898,250,1050.515189
528.02716,250,1051.766904
599.99506,250,1052.218207
544.32697,250,1052.79529
544.89545,250,1053.453801
557.5473,250,1053.671217
540.08997,250,1054.985529
549.96783,250,1056.332987
539.34644,250,1056.363902
603.1482,250,1056.579605
542.844,250,1057.343835
561.8725,250,1057.830042
585.89417,250,1057.831039
573.75916,250,1057.86096
558.0684,250,1057.923792
562.56573,250,1058.050962
621.50635,250,1058.231282
533.62695,250,1059.525632
551.08594,250,1060.026315
516.497,250,1060.57735
523.0152,250,1061.232129
513.036,250,1061.424613
426.7544,250,1062.609438
559.4411,250,1063.962812
586.081,250,1064.001706
539.70575,250,1064.234996
522.63873,250,1065.002939
508.85464,250,1065.474673
522.1525,250,1065.474673
552.3335,250,1065.508582
556.12067,250,1065.566427
552.88214,250,1065.685109
498.87366,250,1065.865625
562.6016,250,1067.034493
570.477,250,1067.421455
538.1587,250,1067.915131
551.692,250,1068.487596
532.2854,250,1068.692049
598.7708,250,1069.870889
584.6977,250,1071.046948
584.34174,250,1071.07587
587.19147,250,1071.267357
454.91943,250,1071.954515
581.6136,250,1072.478113
551.4788,250,1072.478113
568.8663,250,1072.506036
552.8204,250,1072.573855
529.8728,250,1072.68356
557.6477,250,1072.836152
593.3291,250,1073.998037
571.5788,250,1074.380013
515.69476,250,1074.861722
557.4583,250,1075.433191
529.2625,250,1075.621686
592.7657,250,1076.75764
580.67694,250,1077.906562
575.8803,250,1077.937481
579.0212,250,1078.119988
570.011,250,1078.903888
523.6295,250,1079.429479
516.10626,250,1079.429479
523.7343,250,1079.469372
571.3883,250,1079.538188
584.18866,250,1079.677814
578.7005,250,1079.87329
566.92883,250,1081.159762
563.962,250,1081.543735
590.0146,250,1082.061346
559.99164,250,1082.624836
560.7909,250,1082.823304
591.5146,250,1083.984192
585.9515,250,1085.158047
577.82245,250,1085.188964
586.2647,250,1085.386433
544.4224,250,1086.09653
589.8634,250,1086.588212
578.9396,250,1086.588212
577.44104,250,1086.618131
548.2195,250,1086.684952
540.38776,250,1086.812611
572.1291,250,1087.004097
553.1774,250,1088.250756
542.61,250,1088.65168
589.5509,250,1089.179267
551.3246,250,1089.880389
542.0802,250,1090.098804
593.8564,250,1091.844127
564.36523,250,1093.475755
501.6063,250,1093.50468
541.06934,250,1093.755007
561.20905,250,1094.699883
588.68616,250,1095.32022
582.7249,250,1095.32022
570.5752,250,1095.37308
587.8752,250,1095.45486
586.47974,250,1095.621414
600.2081,250,1095.842821
593.51306,250,1097.267005
573.97577,250,1097.686881
589.81915,250,1098.224438
566.22003,250,1098.841785
578.4153,250,1099.053218
564.65155,250,1100.269958
599.4928,250,1101.470501
598.83527,250,1101.495433
584.8269,250,1101.696894
563.21875,250,1102.387044
576.21387,250,1102.882717
597.328,250,1102.882717
545.9407,250,1102.91164
577.9212,250,1102.971478
602.29126,250,1103.070214
550.9831,250,1103.248735
611.1253,250,1104.431567
599.8574,250,1104.864406
585.5319,250,1105.350104
585.8756,250,1105.910604
591.0827,250,1106.103087
587.1172,250,1107.257993
570.01996,250,1108.427861
571.4812,250,1108.457778
559.1885,250,1108.678189
604.5994,250,1109.346398
572.88715,250,1109.851046
535.72656,250,1109.851046
607.4709,250,1109.887948
530.12384,250,1109.962747
565.4335,250,1110.100378
577.2063,250,1110.319789
593.9765,250,1111.940005
472.5481,250,1112.435678
570.43744,250,1113.014129
542.9091,250,1113.644438
566.49915,250,1113.848891
505.35376,250,1115.056655
514.11456,250,1116.343207
600.78235,250,1116.377115
547.96027,250,1116.609493
543.9273,250,1117.363473
564.12946,250,1117.877097
546.23865,250,1117.877097
551.346,250,1117.905022
529.94794,250,1117.958878
556.6539,250,1118.076563
499.14526,250,1118.26406
565.5707,250,1119.49576
537.75793,250,1119.904664
560.9875,250,1120.398342
582.27374,250,1120.982777
578.3804,250,1121.178251
529.34326,250,1122.319195
598.18066,250,1123.515988
554.73303,250,1123.547933
554.4529,250,1123.753352
576.2391,250,1124.423921
592.6564,250,1124.906627
594.8455,250,1124.906627
562.3976,250,1124.947517
570.6714,250,1125.002372
562.8639,250,1125.125042
526.6444,250,1125.281622
566.2674,250,1126.573163
547.71594,250,1127.105736
572.49774,250,1127.742031
550.936,250,1128.518949
578.46783,250,1128.777257
555.56525,250,1130.080766
542.8526,250,1131.392163
565.91345,250,1131.42308
540.8477,250,1131.632519
567.8651,250,1132.323669
533.02936,250,1132.849259
555.53577,250,1132.849259
585.88965,250,1132.882171
570.06415,250,1132.946
567.9501,250,1133.059696
586.09644,250,1133.213284
593.028,250,1134.337273
582.7765,250,1134.717256
568.28357,250,1135.197966
597.69116,250,1135.750485
591.98254,250,1135.956931
581.3127,250,1137.207582
576.2422,250,1138.381436
596.9857,250,1138.416343
593.78156,250,1138.608828
605.93207,250,1139.299975
581.66473,250,1139.759744
588.313,250,1139.759744
595.7064,250,1139.78667
584.89136,250,1139.8505
572.7098,250,1139.948238
637.48834,250,1140.118782
557.3379,250,1141.262321
596.7793,250,1141.654269
597.4819,250,1142.143957
545.81854,250,1142.812167
588.34015,250,1143.039558
583.13495,250,1144.377972
545.4873,250,1145.640589
510.88498,250,1145.665522
574.3145,250,1145.860001
573.93286,250,1146.552147
591.6632,250,1147.030864
537.10095,250,1147.030864
597.0076,250,1147.056794
590.53485,250,1147.124612
591.12573,250,1147.23033
610.8249,250,1147.417827
577.70355,250,1148.570738
542.3426,250,1148.974656
568.00433,250,1149.449384
547.5013,250,1150.116596
559.4865,250,1150.393853
542.4255,250,1152.098288
531.64667,250,1153.67905
590.74866,250,1153.719941
564.23706,250,1153.999193
563.9154,250,1154.805034
532.28735,250,1155.281757
543.19617,250,1155.281757
539.19366,250,1155.314668
575.88074,250,1155.369524
602.3147,250,1155.484215
461.94745,250,1155.658746
577.1089,250,1156.84756
531.5688,250,1157.2435
551.567,250,1157.737177
549.17334,250,1158.328592
541.7195,250,1158.60186
541.57404,250,1160.100844
477.1199,250,1161.535605
524.487,250,1161.571508
519.63324,250,1161.768979
538.3631,250,1162.570668
550.8513,250,1163.077439
561.8668,250,1163.077439
555.41125,250,1163.120325
601.2139,250,1163.18515
545.64,250,1163.314906
557.8188,250,1163.509386
577.23334,250,1164.851989
580.02954,250,1165.27736
582.24054,250,1165.802952
529.51587,250,1166.442188
596.31415,250,1166.664106
577.885,250,1167.861343
571.04877,250,1169.090705
560.7189,250,1169.11863
506.68652,250,1169.32408
524.60114,250,1170.043154
547.1862,250,1170.545376
581.61975,250,1170.545376
525.5087,250,1170.578287
547.172,250,1170.656078
563.56683,250,1170.781741
570.1172,250,1170.994681
572.1519,250,1172.246565
553.41046,250,1172.665955
550.32513,250,1173.240443
566.4202,250,1173.960519
581.6122,250,1174.233787
548.8696,250,1175.772244
547.57544,250,1177.434362
563.693,250,1177.476249
564.6756,250,1177.688684
631.1616,250,1178.832166
575.47754,250,1179.774383
556.501,250,1179.775378
573.7198,250,1179.817266
540.26904,250,1179.918993
563.46454,250,1180.167363
591.33594,250,1180.530693
561.1215,250,1182.320632
563.5425,250,1182.900213
588.48285,250,1183.558757
599.2922,250,1184.278912
535.14264,250,1184.51029
552.4725,250,1186.114117
568.7167,250,1187.668428
536.70654,250,1187.701345
585.4993,250,1187.971224
601.5099,250,1188.87652
561.59607,250,1189.496498
552.9205,250,1189.496498
598.12134,250,1189.533399
579.0405,250,1189.61518
573.99805,250,1189.754807
568.8864,250,1189.964245
567.5925,250,1191.443198
575.5137,250,1191.942023
602.4033,250,1192.661272
559.6312,250,1193.333516
559.5016,250,1193.548941
557.68646,250,1194.983128
592.3771,250,1196.427619
563.6784,250,1196.463037
550.2759,250,1196.705902
559.51117,250,1197.548146
577.7543,250,1198.157027
598.9886,250,1198.158024
620.45526,250,1198.18894
623.83624,250,1198.260748
560.7521,250,1198.379944
563.5021,250,1198.558977
588.2556,250,1199.848148
590.29944,250,1200.261044
571.09766,250,1200.890051
578.29315,250,1201.57509
594.6542,250,1201.791217
567.98395,250,1203.088984
592.12646,250,1204.347438
575.1379,250,1204.374715
564.87585,250,1204.569525
554.44293,250,1205.311358
589.3004,250,1205.820786
612.26306,250,1205.821783
562.11115,250,1205.860542
597.1717,250,1205.929874
577.57275,250,1206.054583
561.4566,250,1206.239969
596.08875,250,1207.808477
579.0213,250,1208.316818
558.9616,250,1209.025569
560.7911,250,1209.994345
569.91986,250,1210.291296
579.8568,250,1212.183408
591.0242,250,1213.838065
578.39984,250,1213.876026
562.93,250,1214.133999
619.95355,250,1214.934256
557.11304,250,1215.413204
582.72284,250,1215.413204
574.817,250,1215.449136
610.7429,250,1215.520582
587.5679,250,1215.648813
577.4481,250,1215.838045
617.8043,250,1217.10503
564.7846,250,1217.520221
568.883,250,1218.030096
626.5269,250,1218.650389
592.208,250,1218.878825
603.123,250,1220.27548
595.00256,250,1221.567587
574.2355,250,1221.60748
606.5525,250,1221.822965
561.40875,250,1222.626838
599.90985,250,1223.402737
624.3082,250,1223.402737
564.9423,250,1223.456421
582.42566,250,1223.536281
586.3542,250,1223.68496
609.4843,250,1223.889977
481.18085,250,1225.362885
598.57117,250,1225.792163
598.5049,250,1226.342147
585.73505,250,1227.101146
575.5164,250,1227.397937
607.5547,250,1229.16016
563.774,250,1230.678985
587.5489,250,1230.713622
607.7943,250,1230.939998
515.0484,250,1231.764213
597.54913,250,1232.302276
566.8826,250,1232.302276
569.874,250,1232.340692
579.6816,250,1232.409022
590.32587,250,1232.53622
541.02277,250,1232.723096
578.74493,250,1234.026008
590.3255,250,1234.436484
563.0395,250,1234.982875
594.941,250,1235.586507
478.07883,250,1235.818027
592.318,250,1237.044359
604.7854,250,1238.49418
593.46173,250,1238.535075
613.8962,250,1238.815867
558.6449,250,1239.662347
594.4489,250,1240.263012
575.40173,250,1240.264009
563.4173,250,1240.299429
566.8673,250,1240.373229
538.91406,250,1240.518846
600.3525,250,1240.743312
587.4336,250,1242.150297
577.76086,250,1242.607831
568.76715,250,1243.155721
578.1036,250,1243.825101
562.09064,250,1244.058024
559.1079,250,1245.421319
591.4657,250,1246.674026
561.99506,250,1246.713926
551.4106,250,1246.91639
590.1555,250,1247.707319
578.98773,250,1248.231273
552.0511,250,1248.231273
573.3561,250,1248.269171
586.1555,250,1248.328012
572.6795,250,1248.444215
546.67175,250,1248.625734
532.5843,250,1250.049988
588.96497,250,1250.451426
